question,generated_answer,retrieved_contexts,golden_answer,Answer Relevancy
Is there a relationship between rheumatoid arthritis and periodontal disease?,"Yes, there is evidence to suggest a relationship between rheumatoid arthritis and periodontal disease. According to the study, individuals with moderate to severe periodontal disease are at higher risk of suffering from rheumatoid arthritis and vice versa. The study found that the prevalence of self-reported rheumatoid arthritis was 3.95% in patients referred for periodontal treatment, which is significantly higher than in patients not referred for periodontal treatment (0.66%) and the general population (1%). Additionally, 62.5% of patients with rheumatoid arthritis had advanced forms of periodontal disease.","[""AIM: The aim of this study was to determine whether there is a relationship \nbetween disease experience of rheumatoid arthritis and periodontal disease.\nMETHODS: 1,412 individuals attending the University of Queensland's School of \nDentistry were assessed for the prevalence of periodontal disease and rheumatoid \narthritis. Analysis of data obtained from a self-reported health questionnaire \nand dental records was carried out and included: number of individuals referred \nfor advanced periodontal care (test group); number of individuals attending for \nroutine dentistry; determination of rheumatoid arthritis, cardiovascular disease \nand diabetes mellitus through self-reporting and assessment of prescription \nmedications; assessment of periodontal disease through assessment of existing"", 'CONCLUSIONS: Based on data derived from self-reported health conditions, and not \nwithstanding the limitations of such a study, we conclude that there is good \nevidence to suggest that individuals with moderate to severe periodontal disease \nare at higher risk of suffering from rheumatoid arthritis and vice versa.', 'medications; assessment of periodontal disease through assessment of existing \noral radiographs.\nRESULTS: In patients referred for periodontal treatment, the prevalence of \nself-reported rheumatoid arthritis was 3.95% which is significantly higher than \nthat seen in patients not referred for periodontal treatment (0.66%) and also \nthat reported in the general population (1%). Of those referred patients with \nrheumatoid arthritis, 62.5% had advanced forms of periodontal disease. These \nresults were mirrored in the results of the self-reported prevalence of \ncardiovascular disease and diabetes mellitus which was consistent with the \npublished higher prevalence in periodontal patients.\nCONCLUSIONS: Based on data derived from self-reported health conditions, and not', 'patients with active disease and those in remission according to DAS28, SDAI, \nB-mode US and Doppler US at peak time and trough time assessments (P = 0.070-1).\nCONCLUSION: Our results suggested that s.c. anti-TNF pharmacokinetics do not \nsignificantly influence US-scored synovitis in RA patients.\n© The Author 2014. Published by Oxford University Press on behalf of the British \nSociety for Rheumatology. All rights reserved. For Permissions, please email: \njournals.permissions@oup.com.', 'Diabetes mellitus (DM) is undiagnosed in approximately half of the patients \nactually suffering from the disease. In addition, the prevalence of DM is more \nthan twice as high as in patients with periodontitis when compared to \nperiodontally healthy subjects. Thus, a high number of patients with \nperiodontitis may have undiagnosed DM. The purpose of the present study was to \nevaluate whether blood oozing from a gingival crevice during routine periodontal \nexamination can be used for determining glucose levels.\nMATERIALS AND METHODS: Observational cross-sectional studies were carried out in \n75 patients (43 males and 32 females) with chronic periodontitis who were \ndivided into two groups: Group I and Group II, respectively. Blood oozing from']","Based on data derived from self-reported health conditions, and not withstanding the limitations of such a study, we conclude that there is good evidence to suggest that individuals with moderate to severe periodontal disease are at higher risk of suffering from rheumatoid arthritis and vice versa.",1.0
"Do the changes in the serum levels of IL-2, IL-4, TNFalpha, and IL-6 reflect the inflammatory activity in the patients with post-ERCP pancreatitis?","Yes, the changes in the serum levels of IL-2, IL-4, TNFalpha, and IL-6 reflect the inflammatory activity in the patients with post-ERCP pancreatitis. Specifically, the enhancement of serum TNFalpha and IL-6 levels in the patients with ERCP-induced pancreatitis reflects the inflammatory activity. Additionally, the ratios of TNFalpha/IL-4 at 12 and 24 hours after ERCP were found to be significantly higher in the patients with post-ERCP pancreatitis, indicating an association between these cytokine levels and the development of post-ERCP pancreatitis.","['BACKGROUND: Acute pancreatitis is the major complication of endoscopic \nretrograde cholangiopancreatography (ERCP) procedure and there are some reports \nshowing cytokine changes in ERCP-induced pancreatits.\nGOALS: To investigate the association between early changes (within 24 hours) in \nthe serum interleukin (IL)-2, IL-4, tumor necrosis factor (TNF)alpha, and IL-6 \nlevels and the development of post-ERCP pancreatitis.\nSTUDY: Forty five consecutive patients who underwent therapeutic ERCP and 10 \npatients with acute pancreatitis without ERCP were enrolled to the study. Serum \nconcentrations of IL-2, IL-4, TNFalpha, and IL-6 were determined immediately \nbefore, 12 hours and 24 hours after ERCP.\nRESULTS: Seven of the 45 patients (15.5%) developed post-ERCP pancreatitis. The', 'with ERCP-induced pancreatitis reflects the inflammatory activity. Additionally, \nthese cytokines together with IL-4 can be used in clinical laboratory monitoring \nof ERCP.', 'RESULTS: Seven of the 45 patients (15.5%) developed post-ERCP pancreatitis. The \nlevels of IL-4 at 24 hours after ERCP were significantly lower in the patients \nwith post-ERCP pancreatitis than in those without pancreatitis, while TNFalpha \nlevels at 12 hours after ERCP were higher in the complicated group than those of \nthe uncomplicated group. The ratios of TNFalpha/IL-4 at 12 and 24 hours after \nERCP were found significantly higher in the patients with post-ERCP pancreatitis \nthan in those without pancreatitis. IL-6 in the complicated patients was found \nsignificantly increased at 24 hours after ERCP.\nCONCLUSIONS: The enhancement of serum TNFalpha and IL-6 levels in the patients \nwith ERCP-induced pancreatitis reflects the inflammatory activity. Additionally,', 'normal pancreas and chronic pancreatitis (P = .011), pancreatic cancer (P = \n.044), and the presence of pancreatic diseases (P = .007). Individual cytokine \nconcentrations were not significantly different in chronic pancreatitis compared \nwith pancreatic cancer.\nCONCLUSIONS: Cytokine levels can be measured in pancreatic juice obtained from \nthe duodenum without direct cannulation of the pancreatic duct. Interleukin-8 \nconcentration in pancreatic juice can be used to discriminate between normal \npancreas and patients with pancreatic disease. This is a relatively simple and \nnoninvasive method to aid in the diagnosis of pancreatic diseases.', 'snap-frozen in liquid nitrogen until assays were performed. Pancreatic juice \nlevels of interleukin-8, interleukin-6, intercellular adhesion molecule 1, and \ntransforming growth factor-beta 1 were measured by modified enzyme-linked \nimmunosorbent assays. The final diagnosis was made by the primary \ngastroenterologist on the basis of medical history; laboratory, endoscopic, and \nimaging studies; and clinical follow-up. Fisher exact test and Kruskal-Wallis \nrank sum test were used for statistical analysis.\nRESULTS: Of 130 patients screened, 118 met the inclusion criteria. Multivariate \nanalysis revealed that only interleukin-8 was able to discriminate between \nnormal pancreas and chronic pancreatitis (P = .011), pancreatic cancer (P =']","The enhancement of serum TNFalpha and IL-6 levels in the patients with ERCP-induced pancreatitis reflects the inflammatory activity. Additionally, these cytokines together with IL-4 can be used in clinical laboratory monitoring of ERCP.",1.0
Does hypoglycaemia increase the risk of cardiovascular events?,"Yes, severe hypoglycaemia is associated with an increased risk of cardiovascular (CV) events. According to the ORIGIN trial, severe hypoglycaemia was associated with a greater risk for the primary outcome (HR: 1.58; 95% CI: 1.24-2.02, P < 0.001), mortality (HR: 1.74; 95% CI: 1.39-2.19, P < 0.001), CV death (HR: 1.71; 95% CI: 1.27-2.30, P < 0.001), and arrhythmic death (HR: 1.77; 95% CI: 1.17-2.67, P = 0.007). However, non-severe hypoglycaemia was not associated with any outcome following adjustment.","['AIMS: Hypoglycaemia caused by glucose-lowering therapy has been linked to \ncardiovascular (CV) events. The ORIGIN trial provides an opportunity to further \nassess this relationship.\nMETHODS AND RESULTS: A total of 12 537 participants with dysglycaemia and high \nCV-risk were randomized to basal insulin glargine titrated to a fasting glucose \nof ≤ 5.3 mmol/L (95 mg/dL) or standard glycaemic care. Non-severe hypoglycaemia \nwas defined as symptoms confirmed by glucose ≤ 54 mg/dL and severe hypoglycaemia \nas a requirement for assistance or glucose ≤ 36 mg/dL. Outcomes were: (i) the \ncomposite of CV death, non-fatal myocardial infarction or stroke; (ii) \nmortality; (iii) CV mortality; and (iv) arrhythmic death. Hazards were estimated', 'mortality; (iii) CV mortality; and (iv) arrhythmic death. Hazards were estimated \nbefore and after adjustment for a hypoglycaemia propensity score. During a \nmedian of 6.2 years (IQR: 5.8-6.7), non-severe hypoglycaemic episodes occurred \nin 41.7 and 14.4% glargine and standard group participants, respectively, while \nsevere episodes occurred in 5.7 and 1.8%, respectively. Non-severe hypoglycaemia \nwas not associated with any outcome following adjustment. Conversely, severe \nhypoglycaemia was associated with a greater risk for the primary outcome (HR: \n1.58; 95% CI: 1.24-2.02, P < 0.001), mortality (HR: 1.74; 95% CI: 1.39-2.19, P < \n0.001), CV death (HR: 1.71; 95% CI: 1.27-2.30, P < 0.001) and arrhythmic death', 'AIMS: An association has been described between elevated serum \nangiotensin-converting enzyme (ACE) and an increased risk of severe \nhypoglycaemia (SH). To ascertain whether this reported association could be \nreplicated in a different country, it was re-examined in 300 individuals with \nType 1 diabetes.\nMETHODS: People with Type 1 diabetes, none of whom was taking renin-angiotensin \nsystem blocking drugs, were recruited. Participants recorded the frequency with \nwhich they had experienced SH. Glycated haemoglobin (HbA(1c)) and serum ACE were \nmeasured. The difference in the incidence of SH between different quartiles of \nACE activity and the relationship between serum ACE and SH were examined using \nnon-parametric statistical tests and a negative binomial model.', 'significantly associated with preceding hypotensive events (chi(2) = 40.2, p < \n0.0001). Patients with HII events were more frequently taking multiple \nhypotensive drug regimens (8/8 v 9/17, chi(2) = 5.54, p = 0.022).\nCONCLUSIONS: In patients with ischaemic heart disease and hypotension, \nsymptomatic and silent ischaemia occurred in a temporally causal relation with \nhypotension, particularly for diastolic pressures, suggesting that patients with \ncoronary disease may be susceptible to ischaemic events incurred as a result of \nlow blood pressure caused by excessive hypotensive drug treatment.', '0.001), CV death (HR: 1.71; 95% CI: 1.27-2.30, P < 0.001) and arrhythmic death \n(HR: 1.77; 95% CI: 1.17-2.67, P = 0.007). Similar findings were noted for severe \nnocturnal hypoglycaemia for the primary outcome and mortality. The severe \nhypoglycaemia hazard for all four outcomes was higher with standard care than \nwith insulin glargine.\nCONCLUSION: Severe hypoglycaemia is associated with an increased risk for CV \noutcomes in people at high CV risk and dysglycaemia. Although allocation to \ninsulin glargine vs. standard care was associated with an increased risk of \nsevere and non-severe hypoglycaemia, the relative risk of CV outcomes with \nhypoglycaemia was lower with insulin glargine-based glucose-lowering therapy \nthan with the standard glycaemic control. Trial Registration (ORIGIN']","Severe hypoglycaemia is associated with an increased risk for CV outcomes in people at high CV risk and dysglycaemia. Although allocation to insulin glargine vs. standard care was associated with an increased risk of severe and non-severe hypoglycaemia, the relative risk of CV outcomes with hypoglycaemia was lower with insulin glargine-based glucose-lowering therapy than with the standard glycaemic control. Trial Registration (ORIGIN ClinicalTrials.gov number NCT00069784).",1.0
Telemedicine and type 1 diabetes: is technology per se sufficient to improve glycaemic control?,"Based on the provided context, the answer is no, technology per se is not sufficient to improve glycaemic control in type 1 diabetes. The TELEDIAB-1 study found that the Diabeo system, which provided automated advice on insulin doses and remote monitoring by teleconsultation, improved HbA1c by 0.9% compared to controls. However, the study also found that the improvement in HbA1c was dependent on the level of user engagement, with ""high users"" of the system (those who used the insulin dose advisor for more than 67% of meals) experiencing greater improvements in HbA1c. This suggests that while technology can be a useful tool in managing type 1 diabetes, it is not sufficient on its own to improve glycaemic control, and that user engagement and adherence to treatment plans are also important factors. (Document id: 'dc40ddf8-ee9b-59bf-b381-e3d2ea64c166')","['AIM: In the TELEDIAB-1 study, the Diabeo system (a smartphone coupled to a \nwebsite) improved HbA1c by 0.9% vs controls in patients with chronic, poorly \ncontrolled type 1 diabetes. The system provided two main functions: automated \nadvice on the insulin doses required; and remote monitoring by teleconsultation. \nThe question is: how much did each function contribute to the improvement in \nHbA1c?\nMETHODS: Each patient received a smartphone with an insulin dose advisor (IDA) \nand with (G3 group) or without (G2 group) the telemonitoring/teleconsultation \nfunction. Patients were classified as ""high users"" if the proportion of \n""informed"" meals using the IDA exceeded 67% (median) and as ""low users"" if not. \nAlso analyzed was the respective impact of the IDA function and', 'than with the standard glycaemic control. Trial Registration (ORIGIN \nClinicalTrials.gov number NCT00069784).', 'CONCLUSIONS: People presenting with type 2 diabetes with lower initial glycemia \nwho may be earlier in the course of their disease had fewer adverse clinical \noutcomes despite similar glycemic progression. Since most such people are \nasymptomatic at diagnosis, active case detection programs would be required to \nidentify them.', 'AIMS: Hypoglycaemia caused by glucose-lowering therapy has been linked to \ncardiovascular (CV) events. The ORIGIN trial provides an opportunity to further \nassess this relationship.\nMETHODS AND RESULTS: A total of 12 537 participants with dysglycaemia and high \nCV-risk were randomized to basal insulin glargine titrated to a fasting glucose \nof ≤ 5.3 mmol/L (95 mg/dL) or standard glycaemic care. Non-severe hypoglycaemia \nwas defined as symptoms confirmed by glucose ≤ 54 mg/dL and severe hypoglycaemia \nas a requirement for assistance or glucose ≤ 36 mg/dL. Outcomes were: (i) the \ncomposite of CV death, non-fatal myocardial infarction or stroke; (ii) \nmortality; (iii) CV mortality; and (iv) arrhythmic death. Hazards were estimated', 'INTRODUCTION: Recent evaluations of IT innovations in primary care have \nhighlighted variations between centres and practices in uptake and use. We \nevaluated whether structural characteristics of a general practice were \nassociated with variations in use of a web-based clinical information system \nunderpinning a Managed Clinical Network in diabetes, between the years 2001 and \n2003.\nMETHODS: Using a computerised audit trail, we calculated the numbers of \nweb-based operations that occurred in each practice, stratified by staff type \nand year, and adjusted for the numbers of registered diabetic patients. In \nregression analyses, we determined whether total use was associated with \nstructural characteristics of the practice (total list size, training status,']","The Diabeo system improved glycaemic control in both high and low users who avidly used the IDA function, while the greatest improvement was seen in the low users who had the motivational support of teleconsultations.",0.875
Can elevated troponin I levels predict complicated clinical course and inhospital mortality in patients with acute pulmonary embolism?,"Yes, elevated troponin I (cTnI) levels can predict complicated clinical course and inhospital mortality in patients with acute pulmonary embolism (PE). According to the study, patients with elevated cTnI levels had a higher risk of inhospital mortality (odds ratio [OR], 3.31; 95% confidence interval [CI], 1.82-9.29) and complicated clinical course (P < .001). The study found that elevated cTnI levels were associated with right ventricular dysfunction (P < .001), hypotension, thrombolysis, need for mechanical ventilation, and need for inotropic support. These findings suggest that cTnI may play an important role in the risk assessment of patients with PE.","['CI, 1.03-8.85) were more prevalent. The patients with elevated cTnI levels had \nmore serious vital parameters (systolic blood pressure, pulse, and oxygen \nsaturation) at ED presentation.\nCONCLUSION: Our results indicate that elevated cTnI levels are associated with \nhigher risk for inhospital mortality and complicated clinical course. Troponin I \nmay play an important role for the risk assessment of patients with PE. The idea \nthat an elevation in cTnI levels is a valuable parameter for the risk \nstratification of patients with PE needs to be examined in larger prospective \nstudies.', 'OBJECTIVE: The purpose of this study was to evaluate the value of elevated \ncardiac troponin I (cTnI) for prediction of complicated clinical course and \nin-hospital mortality in patients with confirmed acute pulmonary embolism (PE).\nMETHODS AND RESULTS: This study was a retrospective chart review of patients \ndiagnosed as having PE, in whom cTnI testing was obtained at emergency \ndepartment (ED) presentation between January 2002 and April 2006. Clinical \ncharacteristics; echocardiographic right ventricular dysfunction; inhospital \nmortality; and adverse clinical events including need for inotropic support, \nmechanical ventilation, and thrombolysis were compared in patients with elevated \ncTnI levels vs patients with normal cTnI levels. One hundred sixteen patients', 'BACKGROUND: Elevation of cardiac troponin (cTn) is considered specific for \nmyocardial damage. Elevated cTn and echocardiogrpahic documentation of wall \nmotion abnormalities (WMAs) that were recorded after extreme physical effort \nraise the question whether dobutamine stress echo (DSE), can also induce \nelevation of troponin.\nMETHODS: we prospective enrolled stable patients (age >18 years) referred to \nDSE. The exam was performed under standardized conditions. Blood samples for \ncTnI were obtained at baseline and 18-24 hours after the test. We aimed to \ncompare between the clinical and echocardiographic features of patients with \nelevated cTnI and those without cTnI elevations.\nRESULTS: Fifty-seven consecutive patients were included. The average age was', 'cTnI levels vs patients with normal cTnI levels. One hundred sixteen patients \nwith PE were identified, and 77 of them (66%) were included in the study. \nThirty-three patients (42%) had elevated cTnI levels. Elevated cTnI levels were \nassociated with inhospital mortality (P = .02), complicated clinical course (P < \n.001), and right ventricular dysfunction (P < .001). In patients with elevated \ncTnI levels, inhospital mortality (odds ratio [OR], 3.31; 95% confidence \ninterval [CI], 1.82-9.29), hypotension (OR, 7.37; 95% CI, 2.31-23.28), \nthrombolysis (OR, 5.71; 95% CI, 1.63-19.92), need for mechanical ventilation \n(OR, 5.00; 95% CI, 1.42-17.57), and need for inotropic support (OR, 3.02; 95% \nCI, 1.03-8.85) were more prevalent. The patients with elevated cTnI levels had', '320 patients undergoing elective PCI who were randomized to either receive three \n5-min cycles of ischemia by inflation of a cuff on the non-dominant arm to 200 \nmm Hg (remote postischemic conditioning) or to placebo (uninflated cuff). The \nprimary outcome variable was the maximum increase in troponin in the first 24 h. \nThe secondary outcome variable was readmission due to heart failure or \ncardiovascular mortality after 1 year of follow-up. In addition, a diabetic \npopulation was studied.\nCONCLUSIONS: This clinical trial evaluated the possible reduction in \nintervention-related myocardial damage that was attributable to remote \npostischemic conditioning.']",Our results indicate that elevated cTnI levels are associated with higher risk for inhospital mortality and complicated clinical course. Troponin I may play an important role for the risk assessment of patients with PE. The idea that an elevation in cTnI levels is a valuable parameter for the risk stratification of patients with PE needs to be examined in larger prospective studies.,1.0
Does β-catenin have a role in pathogenesis of sebaceous cell carcinoma of the eyelid?,"The provided context suggests that β-catenin may have a role in the pathogenesis of sebaceous cell carcinoma of the eyelid. According to Document(id='213e89c2-bae8-502c-a6a6-70d46ad9c576'), cytoplasmic overexpression of β-catenin was observed in 66% of cases of sebaceous cell carcinoma, which correlated positively with tumor size, orbital invasion, and pagetoid spread. Additionally, Document(id='932ee8b8-42d1-5b81-a8af-8c5a169c3da4') hypothesizes that β-catenin overexpression in sebaceous cell carcinoma of the eyelid may be a result of Wnt/β-catenin pathway dysregulation. However, the context also notes that the role of β-catenin in the development and prognosis of sebaceous cell carcinoma of the eyelid needs to be explored further.","['AIM: Expression of β-catenin in sebaceous cell carcinoma (SbCC) of the eyelid \nand its correlation with histopathological features.\nMETHOD: 48 cases of SbCC were analysed immunohistochemically using monoclonal \nβ-catenin antibody and the results correlated with tumour size, \nhistopathological differentiation, orbital invasion and pagetoid spread.\nRESULTS: Cytoplasmic overexpression of β-catenin was seen in 66% cases of SbCC \nwhich correlated positively with tumour size, orbital invasion and pagetoid \nspread. This correlation was found to be significant in tumour size > 2 cm (p = \n0.242). Nuclear staining was not observed in any of the cases.\nCONCLUSION: Cytoplasmic overexpression of β-catenin was observed in the majority', 'CONCLUSION: Cytoplasmic overexpression of β-catenin was observed in the majority \nof the cases of SbCC of eyelid, and this correlated significantly with tumour \nsize. The authors therefore hypothesise that β-catenin overexpression in SbCC of \neyelid may be a result of Wnt/β-catenin pathway dysregulation. However, its role \nboth in the development of sebaceous cell carcinoma of the eyelid as well as its \nprognosis needs to be explored further.', 'OBJECTIVE: To report three cases illustrating that it is not unusual for a \nprimary eyelid tumour to metastasise to the parotid gland and vice versa.\nCASE REPORTS: Two patients with malignant parotid tumours underwent radical \nparotidectomy and presented subsequently with eyelid lesions. Biopsy showed that \nboth eyelid lesions were histologically similar to the primary parotid tumour. A \nthird patient was noted to have ipsilateral upper eyelid and parotid gland \ntumours. Histology and immunocytochemistry were used to differentiate the \nprimary tumour and the metastasis.\nCONCLUSION: These cases illustrate that tumours involving eyelids and parotid \nglands can present simultaneously or sequentially, and either of these', 'RESULTS: In 136 patients, a primary parotid gland tumor was confirmed by \nhistology. Among the observers, a high correlation was calculated (0.98). ADC \nvalues of pleomorphic adenomas were significantly higher than those of all other \nentities, except for myoepithelial adenomas (P = .054). ADC values of Warthin \ntumors were different from those of myoepithelial adenomas, lipomas, and \nsalivary duct carcinomas (P < .001, 0.013, and .037, respectively). \nMucoepidermoid carcinomas, acinic cell carcinomas, and basal cell \nadenocarcinomas were not differentiable from Warthin tumors (P = .094, .396, and \n.604, respectively).\nCONCLUSION: epiDWI has the potential to differentiate pleomorphic adenoma and \nmyoepithelial adenomas from all other examined entities. Due to an overlap not', 'glands can present simultaneously or sequentially, and either of these \nstructures could be the focus of primary or metastatic tumour. The important \nmessage for oculoplastic and parotid surgeons is to routinely assess both the \nperiocular and parotid area when patients present with a mass in either \nstructure.']","Cytoplasmic overexpression of β-catenin was observed in the majority of the cases of SbCC of eyelid, and this correlated significantly with tumour size. The authors therefore hypothesise that β-catenin overexpression in SbCC of eyelid may be a result of Wnt/β-catenin pathway dysregulation. However, its role both in the development of sebaceous cell carcinoma of the eyelid as well as its prognosis needs to be explored further.",1.0
Remote ischemic postconditioning: does it protect against ischemic damage in percutaneous coronary revascularization?,"According to the provided context, specifically Document(id='48b66c2b-66d8-528b-958e-2d37ade5b5ce') and Document(id='fa860df2-b9af-5c20-a955-8e3236e3aff2'), remote postischemic conditioning may reduce myocardial damage associated with percutaneous coronary intervention (PCI). The clinical trial mentioned in these documents aimed to evaluate the protective effect of remote postischemic conditioning in patients undergoing elective PCI. However, the documents do not provide conclusive evidence of the protective effect, but rather state the aim and methodology of the study. 

Therefore, based on the provided context, it can be said that remote ischemic postconditioning is being studied for its potential to protect against ischemic damage in percutaneous coronary revascularization, but the context does not provide definitive evidence of its effectiveness.","['OBJECTIVE: Myocardial damage that is associated with percutaneous coronary \nintervention (PCI) partially affects the results of the procedure, and is \nrelated to medium-term cardiovascular death. Remote postischemic conditioning \nmight reduce the myocardial lesions that are associated with PCI, but perhaps \nless so in diabetics. The aim of this study was to evaluate the protective \neffect of remote postischemic conditioning in patients undergoing elective PCI \nfor stable angina or non-ST elevation acute coronary syndrome with troponin <1 \nng/ml at the time of randomization.\nMETHODS: This randomized single-blinded single-center clinical trial involved \n320 patients undergoing elective PCI who were randomized to either receive three', 'protocol reduced post-ischemic myocardial dysfunction.\nCONCLUSION: The preconditioning effect (infarct size reduction) appears not to \ndepend on intermittent reperfusion. Thus, the protective mechanism of IP \ndevelops during the initial ischemia that precedes the index ischemia. \nAlternatively, low-flow ischemia is effectively a sort of reperfusion.', '320 patients undergoing elective PCI who were randomized to either receive three \n5-min cycles of ischemia by inflation of a cuff on the non-dominant arm to 200 \nmm Hg (remote postischemic conditioning) or to placebo (uninflated cuff). The \nprimary outcome variable was the maximum increase in troponin in the first 24 h. \nThe secondary outcome variable was readmission due to heart failure or \ncardiovascular mortality after 1 year of follow-up. In addition, a diabetic \npopulation was studied.\nCONCLUSIONS: This clinical trial evaluated the possible reduction in \nintervention-related myocardial damage that was attributable to remote \npostischemic conditioning.', 'reperfusion. (2) CIP (n = 7): 4 times 5 min zero flow with 10 min reperfusion \neach - 60 min low flow (10%) - ischemia 60 min reperfusion. (3) IIP (n = 7): 50 \nmin normal flow - 10 min no flow - 60min low flow (10%) ischemia -4 60min \nreperfusion. (4) RI (n=6): gradual reduction to 10% flow during 60min - 60min \nlow flow (10%) ischemia - 60min reperfusion. At the end of each protocol, the \ninfarcted area was assessed.\nRESULTS: The infarct area in control hearts was 6.7+/-1.4% (means+/-SEM) of LV \ntotal area, in CIP hearts 2.6+/-0.8%, in IIP hearts 3.1+/-0.5%, and in RI hearts \n3.0+/-0.3% (all p<0.05 vs. control). The differences between the three \nprotection protocols were statistically not significant, and no protective \nprotocol reduced post-ischemic myocardial dysfunction.', 'BACKGROUND: Ischemic preconditioning (IP) is initiated through one or several \nshort bouts of ischemia and reperfusion which precede a prolonged ischemia. To \ntest whether a reperfusion must precede the prolonged index ischemia, a series \nwithout reperfusion (intraischemic preconditioning: IIP) and a series with \ngradual onset of ischemia, i.e. ramp ischemia (RI), which is possibly related to \nthe development of hibernation, was compared to conventional IP (CIP).\nMETHOD: Experiments were performed an 27 blood-perfused rabbit hearts \n(Langendorff apparatus) that were randomized into one of four series: (1) \ncontrol (n = 7): 60 min normal flow - 60 min low flow (10%) ischemia - 60 min \nreperfusion. (2) CIP (n = 7): 4 times 5 min zero flow with 10 min reperfusion']",This clinical trial evaluated the possible reduction in intervention-related myocardial damage that was attributable to remote postischemic conditioning.,1.0
Hearing loss: an unknown complication of pre-eclampsia?,"Yes, hearing loss may be a complication of pre-eclampsia. According to the study (pubid: 25255719), patients with pre-eclampsia had significantly higher hearing thresholds in certain frequencies compared to normotensive pregnant patients, suggesting that pre-eclampsia may be a potential risk factor for cochlear damage and sensorineural hearing loss. The degree of systolic blood pressure measured at the time of diagnosis also had a deteriorating effect on hearing at certain frequencies.","['AIM: The aim of this study was to determine whether pre-eclampsia is a risk \nfactor for cochlear damage and sensorineural hearing impairment.\nMATERIAL AND METHODS: This prospective case-control study consisted of 33 \npatients with pre-eclampsia and 32 normotensive pregnant patients as controls. \nAll of the subjects underwent otoscopic examinations - pure tone audiometry \n(0.25-16\u2009kHz) and transient evoked otoacoustic emission (1-4\u2009kHz) tests - during \ntheir third trimester of pregnancy.\nRESULTS: The mean ages of the patients with pre-eclampsia and the control \nsubjects were 29.6\u2009±\u20095.7 and 28.6\u2009±\u20095.3 years, respectively. The baseline \ndemographic characteristics, including age, gravidity, parity number, and \ngestational week, were similar between the two patient groups. Hearing', 'gestational week, were similar between the two patient groups. Hearing \nthresholds in the right ear at 1, 4, 8, and 10\u2009kHz and in the left ear at 8 and \n10\u2009kHz were significantly higher in the patients with pre-eclampsia compared to \nthe control subjects. The degree of systolic blood pressure measured at the time \nof diagnosis had a deteriorating effect on hearing at 8, 10, and 12\u2009kHz in the \nright ear and at 10\u2009kHz in the left ear.\nCONCLUSIONS: Pre-eclampsia is a potential risk factor for cochlear damage and \nsensorineural hearing loss. Further studies that include routine audiological \nexaminations are needed in these patients.\n© 2014 The Authors. Journal of Obstetrics and Gynaecology Research © 2014 Japan \nSociety of Obstetrics and Gynecology.', 'were significantly more likely to be delivered vaginally (p<0.001) and have \nsevere hyperbilirubinemia (p=0.045) compared with infants with true-negatives. \nNo association was observed between false-negatives and true-negatives. \nAntenatal care status, mode of delivery and nursery type were useful predictors \nof discordant outcomes among all infants undergoing screening \n(c-statistic=0.73).\nCONCLUSIONS: Given the available screening technologies, discordant TEOAE and \nAABR may be inevitable for some categories of hearing loss among apparently \nhealthy newborns whose mothers received prenatal care. The potential limitations \nof perinatal morbidities as basis of targeted screening for such cases therefore \nmerit further consideration.', 'OBJECTIVE: To determine the perinatal predictors of discordant screening \noutcomes based on a two-stage screening protocol with transient-evoked \notoacoustic emissions (TEOAE) and automated auditory brainstem response (AABR).\nMETHODS: A cross-sectional study of infants tested with TEOAE and AABR under a \nhospital-based universal newborn hearing screening program in Lagos, Nigeria. \nMaternal and infant factors associated with discordant TEOAE and AABR outcomes \nwere determined with multivariable logistic regression analyses adjusting for \npotential confounding factors.\nRESULTS: Of the 4718 infants enrolled under the program 1745 (36.9%) completed \nboth TEOAE and AABR. Of this group, 1060 (60.7%) passed both TEOAE and AABR', ""prenatal maternal smoking, the child's age at testing, sex of child, and tester \nwere considered core confounders, while the full model also controlled for \nprenatal maternal average alcohol intake, maternal age and prepregnancy body \nmass index, parity, home environment, postnatal parental smoking, health status, \nparticipation in organized sport, and indicators for hearing and vision \nimpairment.\nRESULTS: There were no systematic or significant differences in motor function \nbetween children of mothers reporting isolated episodes of binge drinking and \nchildren of mothers with no binge episodes. No association was observed with \nrespect to the number of binge episodes (maximum of 12) and timing of binge \ndrinking.""]",Pre-eclampsia is a potential risk factor for cochlear damage and sensorineural hearing loss. Further studies that include routine audiological examinations are needed in these patients.,1.0
Does psychological distress predict disability?,"Yes, psychological distress is an independent risk factor for disability. The relative risk (RR) for overall disability was 1.76 (95% CI: 1.44-2.14) in the highest quartile of psychological distress score as compared with the lowest quartile. This suggests that psychological distress can predict disability, with varying predictive significance between different disorders leading to functional deterioration.","['(95% CI: 0.42-1.85). The corresponding RR for overall disability was 1.76 (95% \nCI: 1.44-2.14) in the highest quartile of psychological distress score as \ncompared with the lowest quartile.\nCONCLUSIONS: Psychological distress is an independent risk factor for \ndisability. Its predictive significance varies between disorders leading to \nfunctional deterioration. The association mechanisms are likely to vary from one \ndisorder to another.', 'self-reports of 11 symptoms at the baseline was used as a measure of \npsychological distress.\nRESULTS: After adjustment for age, sex, smoking and body mass index, the \ncause-specific relative risks (RR) (95% confidence intervals [CI]) of disability \nin the highest quartile of the psychological distress score as compared with the \nlowest quartile were for myocardial infarction 2.34 (95% CI: 1.17-4.69), for \ndepression 2.50 (95% CI: 1.09-5.72), for neck-shoulder disorders 1.98 (95% CI: \n1.26-3.11), for unspecified low-back disorders 1.76 (95% CI: 1.24-2.49), for \nknee osteoarthritis 1.55 (95% CI: 0.91-2.63) and for trip osteoarthritis 0.89 \n(95% CI: 0.42-1.85). The corresponding RR for overall disability was 1.76 (95%', ""(comorbidity with other DSM-IV Axis; scores on the 'Global Assessment of \nFunctioning'). Cox regression analyses were used to assess whether duration of \ntreatment and relapse into mental health care were related.\nRESULTS: The majority of patients did not return into mental health care (86\xa0%). \nPatients with a shorter duration of treatment (5-250\xa0min; 251-500\xa0min and \n751-1000\xa0min) were slightly more likely to return (reference group: >1000\xa0min) \n(HR 1.19 95\xa0% CI 1.13-1.26; HR 1.11 95\xa0% CI 1.06-1.17; HR 1.18 95\xa0% CI \n1.11-1.25), adjusted for demographic and clinical variables.\nCONCLUSIONS: The results suggest that a longer duration of treatment may prevent \nreturn into mental health care in some groups. However, because of the design of"", 'STUDY OBJECTIVE: To evaluate psychological distress as a predictor of disability \ndue to common chronic disorders.\nSTUDY POPULATION AND METHODS: A 10-year follow-up study was carried out among a \nrepresentative cohort (N = 8655) of 18-64 year old Finnish farmers, who had \nparticipated in a health survey in 1979 and were able to work at baseline. A \nrecord linkage with the nationwide register of the Social Insurance Institution \nwas made to identify disability pensions granted between 1980 and 1990 in the \ncohort. The medical certificates of 1004 (11.6%) prematurely retired farmers \nwere reviewed to confirm and classify disabling conditions. A sum score based on \nself-reports of 11 symptoms at the baseline was used as a measure of \npsychological distress.', 'BACKGROUND: Although record linkage of routinely collected health datasets is a \nvaluable research resource, most datasets are established for administrative \npurposes and not for health outcomes research. In order for meaningful results \nto be extrapolated to specific populations, the limitations of the data and \nlinkage methodology need to be investigated and clarified. It is the objective \nof this study to investigate the differences in ascertainment which may arise \nbetween a hospital admission dataset and a dispensing claims dataset, using \nmajor depression in pregnancy as an example. The safe use of antidepressants in \npregnancy is an ongoing issue for clinicians with around 10% of pregnant women \nsuffer from depression. As the birth admission will be the first admission to']",Psychological distress is an independent risk factor for disability. Its predictive significance varies between disorders leading to functional deterioration. The association mechanisms are likely to vary from one disorder to another.,1.0
Pancreas retransplantation:  a second chance for diabetic patients?,"Yes, pancreas retransplantation is a safe procedure with acceptable graft survival that should be proposed to diabetic patients who have lost their primary graft. According to the study, second pancreas survival was close to primary graft survival of the whole population (71% vs. 79% at 1 year and 59% vs. 69% at 5 years) and significantly better than their first pancreas survival (71% vs. 29% at 1 year and 59% vs. 7% at 5 years). Patient survival was excellent (89% at 5 years) and pancreas retransplantation had no impact on kidney graft function and survival (100% at 5 years).","['years).\nCONCLUSION: Pancreas retransplantation is a safe procedure with acceptable graft \nsurvival that should be proposed to diabetic patients who have lost their \nprimary graft.', 'BACKGROUND: If pancreas transplantation is a validated alternative for type 1 \ndiabetic patients with end-stage renal disease, the management of patients who \nhave lost their primary graft is poorly defined. This study aims at evaluating \npancreas retransplantation outcome.\nMETHODS: Between 1976 and 2008, 569 pancreas transplantations were performed in \nLyon and Geneva, including 37 second transplantations. Second graft survival was \ncompared with primary graft survival of the same patients and the whole \npopulation. Predictive factors of second graft survival were sought. Patient \nsurvival and impact on kidney graft function and survival were evaluated.\nRESULTS: Second pancreas survival of the 17 patients transplanted from 1995 was', 'RESULTS: Second pancreas survival of the 17 patients transplanted from 1995 was \nclose to primary graft survival of the whole population (71% vs. 79% at 1 year \nand 59% vs. 69% at 5 years; P=0.5075) and significantly better than their first \npancreas survival (71% vs. 29% at 1 year and 59% vs. 7% at 5 years; P=0.0008) \nregardless of the cause of first pancreas loss. The same results were observed \nwith all 37 retransplantations. Survival of second simultaneous pancreas and \nkidney transplantations was better than survival of second pancreas after \nkidney. Patient survival was excellent (89% at 5 years). Pancreas \nretransplantation had no impact on kidney graft function and survival (100% at 5 \nyears).\nCONCLUSION: Pancreas retransplantation is a safe procedure with acceptable graft', 'cure diabetes.\nCONCLUSION: Roux-en-Y gastric bypass is a promising option for lifelong \ntreatment of type 2 diabetes. It has the potential to improve or cure a selected \nspectrum of type 1 diabetes when performed early in the disease. Further animal \nmodel studies or randomized controlled trials are needed to support our \nconclusion.\nCONTEXTE: Le traitement chirurgical du diabète a évolué et s’est amélioré \nprogressivement depuis la première transplantation du pancréas. Même si ce fut \nun grand pas en avant, plusieurs facteurs ont limité l’application clinique \ngénéralisée des interventions. La chirurgie bariatrique telle que le pontage \ngastrique devient une option prometteuse chez les patients obèses atteints de', 'BACKGROUND: The surgical treatment of diabetes had witnessed progressive \ndevelopment and success since the first case of pancreatic transplantation. \nAlthough this was a great step, wide clinical application was limited by several \nfactors. Bariatric surgery such as gastric bypass is emerging as a promising \noption in obese patients with type 2 diabetes. The aim of this article is to \nexplore the current application of gastric bypass in patients with type 2 \ndiabetes and the theoretical bases of gastric bypass as a treatment option for \ntype 1 diabetes.\nMETHODS: We performed a MEDLINE search for articles published from August 1955 \nto December 2008 using the words ""surgical treatment of diabetes,"" ""etiology of \ndiabetes"" and ""gastric bypass.""']",Pancreas retransplantation is a safe procedure with acceptable graft survival that should be proposed to diabetic patients who have lost their primary graft.,1.0
Immune suppression by lysosomotropic amines and cyclosporine on T-cell responses to minor and major histocompatibility antigens: does synergy exist?,"Yes, synergy exists between lysosomotropic amines (such as chloroquine and hydroxychloroquine) and cyclosporine in the suppression of T-cell responses to minor and major histocompatibility antigens. According to the context, ""lysosomotropic amines in combination with cyclosporine result in synergistic suppression of a proliferative response to MiHC"" and similar suppression and synergy are also present in an alloreactive response. (Document id: '70a21396-e241-578e-9546-27ef7baf0a24')","['BACKGROUND: Using murine models, we have shown that the lysosomotropic amine, \nchloroquine, is effective in the prevention of graft-versus-host disease (GVHD) \nmediated by donor T cells reactive with recipient minor histocompatibility \nantigens (MiHCs). Because lysosomotropic amines can suppress major \nhistocompatibility complex (MHC) class II antigen presentation, their mechanism \nof action is potentially different from current immune suppressant drugs used to \ncontrol GVHD such as cyclosporine.\nMETHODS: We investigated the use of cyclosporine and the lysosomotropic amines \nchloroquine and hydroxychloroquine in combination for additive or synergistic \nimmunosuppression on T-cell responses in vitro to MiHC and MHC in mice.\nRESULTS: We found that similar concentrations of chloroquine and', 'RESULTS: We found that similar concentrations of chloroquine and \nhydroxychloroquine suppress the T-cell response to MiHC in mice (C57BL/6 \nanti-BALB.B) and that lysosomotropic amines in combination with cyclosporine \nresult in synergistic suppression of a proliferative response to MiHC. Similar \nsuppression and synergy appear to be present in an alloreactive response \n(C57BL/6 anti-BALB/c). Direct inhibition by chloroquine of T-cell proliferative \nresponses induced by anti-CD3epsilon in the absence of antigen-presenting cells \nis present at higher concentrations than that required to suppress responses to \nMiHC or MHC. Chloroquine appears to induce decreased T-cell viability at high \nconcentrations. This effect does not appear to be due to decreased T-cell', 'concentrations. This effect does not appear to be due to decreased T-cell \nproduction of interleukin-2 or interferon-gamma. At lower concentrations (<25 \nmicrog/ml), chloroquine can also decrease the ability of antigen-presenting \ncells to stimulate an a C57BL/6 anti-BALB/c T-cell response and can inhibit MHC \nclass II expression after activation with lipopolysaccharide.\nCONCLUSIONS: Lysosomotropic amines in combination with cyclosporine appear to be \nsynergistic in the suppression of T-cell proliferation to MiHC and MHC. Use of \nchloroquine in combination with cyclosporine may result in improved control of \nGVHD.', 'BACKGROUND: Tacrolimus is a potent immunosuppressive drug used in organ \ntransplantation. Because of its substantial toxic effects, narrow therapeutic \nindex, and interindividual pharmacokinetic variability, therapeutic drug \nmonitoring of whole-blood tacrolimus concentrations has been recommended. We \ninvestigated the comparability of the results of 2 immunoassay systems, affinity \ncolumn-mediated immunoassay (ACMIA) and microparticle enzyme immunoassay (MEIA), \ncomparing differences in the tacrolimus concentrations measured by the 2 methods \nin relation to the hematologic and biochemical values of hepatic and renal \nfunctions.\nMETHODS: A total of 154 samples from kidney or liver transplant recipients were \nsubjected to Dimension RxL HM with a tacrolimus Flex reagent cartilage for the', ""BACKGROUND: The ImmunoCAP ISAC 112 is a fluoro-immunoassay that allows detection \nof specific IgE to 112 molecular components from 51 allergenic sources. We \nstudied the reliability of this technique intra- and inter- assay, as well as \ninter-batch- and inter-laboratory-assay.\nMETHODS: Twenty samples were studied, nineteen sera from polysensitized allergic \npatients, and the technique calibrator provided by the manufacturer (CTR02). We \nmeasured the sIgE from CTR02 and three patients' sera ten times in the same and \nin different assays. Furthermore, all samples were tested in two laboratories \nand with two batches of ISAC kit. To evaluate the accuracy of ISAC 112, we \ncontrasted the determinations of CTR02 calibrator with their expected values by""]",Lysosomotropic amines in combination with cyclosporine appear to be synergistic in the suppression of T-cell proliferation to MiHC and MHC. Use of chloroquine in combination with cyclosporine may result in improved control of GVHD.,0.75
Pharmacologic regimens for knee osteoarthritis prevention: can they be cost-effective?,"According to the provided context, pharmacologic regimens for knee osteoarthritis (OA) prevention can be cost-effective under certain conditions. 

For the high-risk cohort, the base case prophylaxis increased quality-adjusted life-years (QALYs) by 0.04 and lifetime costs by $4,600, producing an incremental cost-effectiveness ratio (ICER) of $118,000 per QALY gained. 

However, the cost-effectiveness varies depending on the cohort's risk factors. The base case regimen was less cost-effective than the standard of care for the obese only and no risk factors cohorts. 

Regimens priced at $3,000 per year or less may be more cost-effective. 

Therefore, the answer is yes, pharmacologic regimens for knee OA prevention can be cost-effective, but it depends on the target population, drug efficacy, toxicity, cost, and initiation age thresholds.","['OBJECTIVE: We sought to determine the target populations and drug efficacy, \ntoxicity, cost, and initiation age thresholds under which a pharmacologic \nregimen for knee osteoarthritis (OA) prevention could be cost-effective.\nDESIGN: We used the Osteoarthritis Policy (OAPol) Model, a validated \nstate-transition simulation model of knee OA, to evaluate the cost-effectiveness \nof using disease-modifying OA drugs (DMOADs) as prophylaxis for the disease. We \nassessed four cohorts at varying risk for developing OA: (1) no risk factors, \n(2) obese, (3) history of knee injury, and (4) high-risk (obese with history of \nknee injury). The base case DMOAD was initiated at age 50 with 40% efficacy in \nthe first year, 5% failure per subsequent year, 0.22% major toxicity, and annual', 'the first year, 5% failure per subsequent year, 0.22% major toxicity, and annual \ncost of $1,000. Outcomes included costs, quality-adjusted life expectancy \n(QALE), and incremental cost-effectiveness ratios (ICERs). Key parameters were \nvaried in sensitivity analyses.\nRESULTS: For the high-risk cohort, base case prophylaxis increased \nquality-adjusted life-years (QALYs) by 0.04 and lifetime costs by $4,600, and \nproduced an ICER of $118,000 per QALY gained. ICERs >$150,000/QALY were observed \nwhen comparing the base case DMOAD to the standard of care in the knee injury \nonly cohort; for the obese only and no risk factors cohorts, the base case DMOAD \nwas less cost-effective than the standard of care. Regimens priced at $3,000 per', 'PURPOSE: Heterotopic ossification is a common complication after total hip \narthroplasty. Non-steroidal anti-inflammatory drugs (NSAIDs) are known to \nprevent heterotopic ossifications effectively, however gastrointestinal \ncomplaints are reported frequently. In this study, we investigated whether \netoricoxib, a selective cyclo-oxygenase-2 (COX-2) inhibitor that produces fewer \ngastrointestinal side effects, is an effective alternative for the prevention of \nheterotopic ossification.\nMETHODS: We investigated the effectiveness of oral etoricoxib 90 mg for seven \ndays in a prospective two-stage study design for phase-2 clinical trials in a \nsmall sample of patients (n\u2009=\u200942). A cemented primary total hip arthroplasty was', ""OBJECTIVE: The aim of the present study was to explore patients' views on the \nacceptability and feasibility of using colour to describe osteoarthritis (OA) \npain, and whether colour could be used to communicate pain to healthcare \nprofessionals.\nMETHODS: Six group interviews were conducted with 17 patients with knee OA. \nDiscussion topics included first impressions about using colour to describe \npain, whether participants could associate their pain with colour, how colours \nrelated to changes to intensity and different pain qualities, and whether they \ncould envisage using colour to describe pain to healthcare professionals.\nRESULTS: The group interviews indicated that, although the idea of using colour \nwas generally acceptable, it did not suit all participants as a way of"", 'cost-effective. Sensitivity analyses evaluated the impact of patient age, annual \nmortality and complication rates, intervention effectiveness, utilities, and \ncosts on the value of prophylactic fixation.\nRESULTS: : In the baseline analysis, in a 79-year-old woman, prophylactic \nfixation was not found to be cost-effective (incremental cost-effectiveness \nratio = $142,795/QALY). However, prophylactic fixation was found to be a \ncost-effective method to prevent contralateral hip fracture in: 1) women 71 to \n75 years old who had 30% greater relative risk for a contralateral fracture; and \n2) women younger than age 70 years. Cost-effectiveness was greater when the \nadditional costs of prophylaxis were less than $6000. However, for most']",The cost-effectiveness of DMOADs for OA prevention for persons at high risk for incident OA may be comparable to other accepted preventive therapies.,1.0
Dementia and aphasia in motor neuron disease: an underrecognised association?,"Yes, dementia and aphasia in motor neuron disease may be an underrecognised association. According to the provided context, a study found that 28% of patients with motor neuron disease (MND) had major cognitive deficits, with 3 patients being demented and having impaired language function, and 2 non-demented patients having an aphasic syndrome characterized by word finding difficulties and anomia. The study concludes that the prevalence of cognitive impairment in MND was higher than previously reported, and language deficits, especially anomia, may be relatively frequent in the MND population. Additionally, aphasia in MND may be masked by dysarthria and missed if not specifically examined, suggesting that this association may be underrecognised. (Document id: '24fc9ca6-974e-5874-961f-feaa01cd38e3' and '2e2dbb42-6420-55a8-bed5-9f9e2b791571')","['OBJECTIVES: To determine the prevalence and nature of global cognitive \ndysfunction and language deficits in an unselected population based cohort of \npatients with motor neuron disease (MND).\nMETHODS: A battery of neuropsychological and language tests was administered to \npatients presenting consecutively over a 3 year period to a regional neurology \nservice with a new diagnosis of sporadic motor neuron disease.\nRESULTS: The 18 patients could be divided on the basis of their performance into \nthree groups: Three patients were demented and had impaired language function \n(group 1); two non-demented patients had an aphasic syndrome characterised by \nword finding difficulties and anomia (group 2). Major cognitive deficits were', 'assessed different pathologic and genetic variants within, and across, the \ndifferent types.\nRESULTS: Twenty-two subjects were classified as FTLD-TDP type 1, 9 as type 2, \nand 11 as type 3. We identified different patterns of atrophy across the types \nwith type 1 showing frontotemporal and parietal atrophy, type 2 predominantly \nanterior temporal lobe atrophy, and type 3 predominantly posterior frontal \natrophy. Within the FTLD-TDP type 1 group, those with a progranulin mutation had \nsignificantly more lateral temporal lobe atrophy than those without. All type 2 \nsubjects were diagnosed with semantic dementia. Subjects with a pathologic \ndiagnosis of FTLD with motor neuron degeneration had a similar pattern of \natrophy, regardless of whether they were type 1 or type 3.', 'word finding difficulties and anomia (group 2). Major cognitive deficits were \ntherefore found in five of the 18 patients (28%). The remaining 13 performed \nnormally on the test battery apart from decreased verbal fluency (group 3).\nCONCLUSIONS: The prevalence of cognitive impairment in MND in this population \nbased study of an unselected cohort was higher than has been previously \nreported. Language deficits, especially anomia, may be relatively frequent in \nthe MND population. Aphasia in MND may be masked by dysarthria and missed if not \nspecifically examined.', 'CONCLUSION: IADL disability is a useful addition to the diagnostic process in a \nmemory clinic setting, indicating who is at higher risk of developing dementia \nat 1- and 2-year follow-up.\n© 2011, Copyright the Authors Journal compilation © 2011, The American \nGeriatrics Society.', 'RESULTS: Five hundred thirty-one participants had baseline and 1-year follow-up \nassessments; 69 (13.0%) of these had developed dementia at 1-year follow-up. At \n2-year follow-up, 481 participants were seen, of whom 100 (20.8%) had developed \ndementia. Participants with IADL disabilities at baseline had a higher \nconversion rate (24.4%) than participants without IADL disabilities (16.7%) \n(chi-square\xa0=\xa04.28, degrees of freedom\xa0=\xa01, P\xa0=\xa0.04). SEM showed that IADL \ndisability could help predict dementia in addition to the measured variables at \n1-year follow-up (odds ratio (OR)\xa0=\xa02.20, 95% confidence interval (CI)\xa0= \n1.51-3.13) and 2-year follow-up (OR\xa0=\xa02.11, 95% CI\xa0=\xa01.33-3.33).\nCONCLUSION: IADL disability is a useful addition to the diagnostic process in a']","The prevalence of cognitive impairment in MND in this population based study of an unselected cohort was higher than has been previously reported. Language deficits, especially anomia, may be relatively frequent in the MND population. Aphasia in MND may be masked by dysarthria and missed if not specifically examined.",1.0
Does age moderate the effect of personality disorder on coping style in psychiatric inpatients?,"According to the provided context, specifically Document(id='b8bda145-a432-5a7e-9615-07cdd419d7cb'), ""Personality traits, social supports, gender, and age predicted coping strategies, while Axis I diagnosis, education, personality disorder, and symptom severity were not significant predictors of coping strategies."" 

This suggests that age does moderate the relationship between personality and coping strategies, but it does not specifically moderate the effect of personality disorder on coping style, as personality disorder was not a significant predictor of coping strategies. 

Therefore, based on the provided context, the answer is: No, age does not moderate the effect of personality disorder on coping style in psychiatric inpatients, as personality disorder is not a significant predictor of coping strategies.","['impaired, and non-English speaking patients were excluded).\nRESULTS: Older adults reported less symptomatology than younger patients and \nyounger patients described more personality dysfunction than older patients. As \nassessed by the COPE, older adults reported lower levels of dysfunctional coping \nstrategies than younger adults. Personality traits, social supports, gender, and \nage predicted coping strategies, while Axis I diagnosis, education, personality \ndisorder, and symptom severity were not significant predictors of coping \nstrategies.\nCONCLUSION: This study found that influences on coping were multifactorial and \nmoderated by age. These factors have implications for interventions designed to \nenhance coping strategies.', 'OBJECTIVE: To examine age-related differences in the relationship between \npersonality and coping strategies in an Australian population of psychiatric \ninpatients.\nMETHOD: Consenting eligible adults (N=238) from 18-100 years of age \nconsecutively admitted to inpatient psychiatry units were assessed using the \nSCID I and II, the Coping Orientations to Problems Experienced Scale (COPE), the \nBrief Psychiatric Rating Scale (BPRS), the Global Assessment of Functioning \nScale (GAF), the Social and Occupational Functioning Assessment Scale (SOFAS), \nthe 12 Item Short-Form Heath Survey (SF12), the Sarason Social Support \nQuestionnaire, and the NEO Five Factor Inventory (NEO-FFI) (cognitively \nimpaired, and non-English speaking patients were excluded).', 'investigated patients in general adult psychiatry are characterized by specific \nrisk factors different from clinical subpopulations of other disciplines.', 'recognized trainers, 1 of whom also provided weekly group supervision. \nMultilevel modeling was used to estimate therapist effects, with therapists \ntreated as a random factor. The supervisor was asked to retrospectively rate \neach therapist in terms of perceived effectiveness based on supervision \ninteractions. Using single case study design, the supervisor was interviewed to \ndetermine what criteria she used to rate the therapists and emerging themes were \ncoded.\nRESULTS: When initial level of severity on the PTSD Checklist (PCL; McDonald & \nCalhoun, 2010; Weathers, Litz, Herman, Huska, & Keane, 1993) was taken into \naccount, approximately 12% of the variability in the PCL at the end of treatment \nwas due to therapists. The trainer, blind to the results, identified the', 'attempts or completions. Mixed-effects, grouped-time survival analysis assessed \nrisk of suicidal behavior and differential effects of risk factors for suicidal \nbehavior by polarity. In addition to polarity, the main effects of age, gender, \nhopelessness, married status, prior suicide attempts and active substance abuse \nwere modeled, with mood cycle as the unit of analysis.\nRESULTS: After controlling for age of onset, there were no differences in prior \nsuicide attempts by polarity although bipolar participants had more prior severe \nattempts. During follow-up, 40 cycles ended in suicide and 384 cycles contained \nat least one suicide attempt. Age, hopelessness and active substance abuse but \nnot polarity predicted suicidal behavior. The effects of risk factors did not']",This study found that influences on coping were multifactorial and moderated by age. These factors have implications for interventions designed to enhance coping strategies.,1.0
Subclavian steal syndrome: can the blood pressure difference between arms predict the severity of steal?,"Yes, the blood pressure difference between arms can predict the severity of subclavian steal syndrome (SSS). According to the study, the systolic blood pressure difference was significantly higher in the complete reversal and alternating groups than in the systolic deceleration group (P < .001). This suggests that the blood pressure difference is related to the severity of SSS and can be used as a screening tool for SSS, performing better in severe steal than milder steal phenomena.","['BACKGROUND AND PURPOSE: A side-to-side difference in systolic brachial arterial \nblood pressure is a common finding in subclavian artery stenosis and is \nfrequently used as a screening tool for subclavian steal syndrome (SSS). It was \nthe goal of this retrospective study to investigate the relationship between \ndifferent vertebral artery waveform types and the side-to-side difference in \nsystolic blood pressure in patients with sonographically proven SSS.\nMETHODS: The records of 1860 patients from the Neuroultrasound Laboratory \nbetween January 2000 and December 2000 were screened for the diagnosis of SSS in \nthe final ultrasound report. In all patients, bilateral brachial arterial blood \npressure was measured in a sitting position prior to the ultrasound examination.', 'alternating flow in 24 (47%), and a systolic deceleration in 11 (22%) cases. \nSystolic blood pressure difference was significantly higher in the complete \nreversal and alternating groups than in the systolic deceleration group (P < \n.001).\nCONCLUSION: Brachial systolic blood pressure difference is related to the \nseverity of SSS and can be used as a screening tool for SSS. However, it \nperformed better in severe steal than milder steal phenomena.', ""traditional vascular risk factors (including age, gender, weight, waist \ncircumference, smoking, alcohol, systolic and diastolic blood pressures, fasting \nplasma glucose, fasting total cholesterol). Pearson's correlation coefficients \nwere calculated to quantify bivariate relationships.\nFINDINGS: Bilaterally, CIMT was significantly different among the three \ncardiovascular phenotypes (right: p\u2009<\u20090.001, F\u2009=\u200933.8; left: p\u2009<\u20090.001, \nF\u2009=\u200948.6). CIMT had a higher c-statistic for differentiating stroke versus \nnormotension (c\u2009=\u20090.78 right; 0.82 left, p\u2009<\u20090.001) and hypertension versus \nnormotension (c\u2009=\u20090.65 right; 0.71 left, p\u2009<\u20090.001) than several traditional \nvascular risk factors. Bilaterally, combining all subjects, CIMT was the only"", 'were defined as episodes of ST segment ischaemia occurring at least one minute \nafter an ambulatory blood pressure measurement (systolic/diastolic) below 100/65 \nmm Hg during the day, or 90/50 mm Hg at night.\nRESULTS: 25 suitable patients were enrolled, and 107 hypotensive events were \ndocumented. 40 ST events occurred in 14 patients, of which a quarter were \nsymptomatic. Fourteen HII events occurred in eight patients, with 13 of the 14 \npreceded by a fall in diastolic pressure (median diastolic pressure 57.5 mm Hg, \ninterquartile range 11, maximum 72 mm Hg, minimum 45 mm Hg), and six preceded by \na fall in systolic pressure (chi(2) = 11.9, p < 0.001). ST events were \nsignificantly associated with preceding hypotensive events (chi(2) = 40.2, p <', 'of 2.3 and a negative coefficient of probability (CP-) of 0.133. PBP gave the \nfollowing results: Sn=72%; Sp=66.7%; PPV=64.3%; NPV=74.1%; CP+=2.16 and CP- = \n0.420.\nCONCLUSION: Systolic BP measured by the nurse in treated hypertensive patients \nis significantly lower than the readings obtained by the physician, and are \nalmost identical to ambulatory BP monitoring. Blood pressure determination by \nthe nurse is desirable not only for diagnosis but also to evaluate the level of \ncontrol of blood pressure during the follow-up of treated hypertensive patients.']","Brachial systolic blood pressure difference is related to the severity of SSS and can be used as a screening tool for SSS. However, it performed better in severe steal than milder steal phenomena.",0.8
Diffusion-weighted echo-planar MR imaging of primary parotid gland tumors: is a prediction of different histologic subtypes possible?,"Yes, diffusion-weighted echo-planar MR imaging (epiDWI) has the potential to differentiate pleomorphic adenoma and myoepithelial adenomas from other examined entities. The apparent diffusion coefficient (ADC) values of pleomorphic adenomas were significantly higher than those of all other entities, except for myoepithelial adenomas. However, some histologic subtypes, such as mucoepidermoid carcinomas, acinic cell carcinomas, and basal cell adenocarcinomas, were not differentiable from Warthin tumors. (Based on Document id='fd9ce7cd-f15e-5728-b122-8e8efda0ec7d' and Document id='36b78655-9446-5c26-a649-1085e8659d78')","['BACKGROUND AND PURPOSE: Our aim was to determine the value of echo-planar \ndiffusion-weighted MR imaging (epiDWI) in differentiating various types of \nprimary parotid gland tumors.\nMATERIALS AND METHODS: One hundred forty-nine consecutive patients with \nsuspected tumors of the parotid gland were examined with an epiDWI sequence by \nusing a 1.5T unit. Image analysis was performed by 2 radiologists independently, \nand the intraclass correlation coefficient was computed. Histologic diagnosis \nwas obtained in every patient. For comparison of apparent diffusion coefficients \n(ADCs), a paired 2-tailed Student t test with a Bonferroni correction was used.\nRESULTS: In 136 patients, a primary parotid gland tumor was confirmed by', 'glands can present simultaneously or sequentially, and either of these \nstructures could be the focus of primary or metastatic tumour. The important \nmessage for oculoplastic and parotid surgeons is to routinely assess both the \nperiocular and parotid area when patients present with a mass in either \nstructure.', 'RESULTS: In 136 patients, a primary parotid gland tumor was confirmed by \nhistology. Among the observers, a high correlation was calculated (0.98). ADC \nvalues of pleomorphic adenomas were significantly higher than those of all other \nentities, except for myoepithelial adenomas (P = .054). ADC values of Warthin \ntumors were different from those of myoepithelial adenomas, lipomas, and \nsalivary duct carcinomas (P < .001, 0.013, and .037, respectively). \nMucoepidermoid carcinomas, acinic cell carcinomas, and basal cell \nadenocarcinomas were not differentiable from Warthin tumors (P = .094, .396, and \n.604, respectively).\nCONCLUSION: epiDWI has the potential to differentiate pleomorphic adenoma and \nmyoepithelial adenomas from all other examined entities. Due to an overlap not', 'AIMS: Dryness of the mouth is one of the most distressing chronic toxicities of \nradiation therapy in head and neck cancers. In this study, parotid function was \nassessed in patients with locally advanced head and neck cancers undergoing \nintensity-modulated radiotherapy (IMRT) with or without chemotherapy. Parotid \nfunction was assessed with the help of a questionnaire and parotid scintigraphy, \nespecially with regards to unilateral sparing of the parotid gland.\nMATERIALS AND METHODS: In total, 19 patients were treated with compensator-based \nIMRT between February 2003 and March 2004. The dose to the clinical target \nvolume ranged between 66 and 70 Gy in 30-35 fractions to 95% of the isodose \nvolume. Ipsilateral high-risk neck nodes received an average dose of 60 Gy and', 'OBJECTIVE: In this study, the authors discussed the feasibility and value of \ndiffusion-weighted (DW) MR imaging in the detection of uterine endometrial \ncancer in addition to conventional nonenhanced MR images.\nMETHODS AND MATERIALS: DW images of endometrial cancer in 23 patients were \nexamined by using a 1.5-T MR scanner. This study investigated whether or not DW \nimages offer additional incremental value to conventional nonenhanced MR imaging \nin comparison with histopathological results. Moreover, the apparent diffusion \ncoefficient (ADC) values were measured in the regions of interest within the \nendometrial cancer and compared with those of normal endometrium and myometrium \nin 31 volunteers, leiomyoma in 14 patients and adenomyosis in 10 patients. The']","epiDWI has the potential to differentiate pleomorphic adenoma and myoepithelial adenomas from all other examined entities. Due to an overlap not only within the group of benign and malignant lesions but also between groups, diagnoses should not be addressed on the basis of ADC values solely. Therefore, further studies combining DWI, morphologic criteria, and probably other MR imaging techniques seem warranted.",0.75
Can we ease the financial burden of colonoscopy?,"Yes, a ""cut and discard"" approach, where endoscopists accurately predict diminutive polyp histology and confer an appropriate surveillance interval, can result in a saving of $319.77 per patient, thereby easing the financial burden of colonoscopy.","['discard approach would have resulted in a saving of $319.77 per patient.\nCONCLUSION: Endoscopists within a tertiary care setting can accurately predict \ndiminutive polyp histology and confer an appropriate surveillance interval with \nan associated financial benefit to the healthcare system. However, limitations \nto its application in the community setting exist, which may improve with \nfurther training and high-definition colonoscopes.\n© 2015 Royal Australasian College of Physicians.', 'BACKGROUND: Polyps identified at colonoscopy are predominantly diminutive \n(<5\u2009mm) with a small risk (>1%) of high-grade dysplasia or carcinoma; however, \nthe cost of histological assessment is substantial.\nAIM: The aim of this study was to determine whether prediction of colonoscopy \nsurveillance intervals based on real-time endoscopic assessment of polyp \nhistology is accurate and cost effective.\nMETHODS: A prospective cohort study was conducted across a tertiary care and \nprivate community hospital. Ninety-four patients underwent colonoscopy and \npolypectomy of diminutive (≤5\u2009mm) polyps from October 2012 to July 2013, \nyielding a total of 159 polyps. Polyps were examined and classified according to \nthe Sano-Emura classification system. The endoscopic assessment (optical', 'the Sano-Emura classification system. The endoscopic assessment (optical \ndiagnosis) of polyp histology was used to predict appropriate colonoscopy \nsurveillance intervals. The main outcome measure was the accuracy of optical \ndiagnosis of diminutive colonic polyps against the gold standard of histological \nassessment.\nRESULTS: Optical diagnosis was correct in 105/108 (97.2%) adenomas. This yielded \na sensitivity, specificity and positive and negative predictive values (with \n95%CI) of 97.2% (92.1-99.4%), 78.4% (64.7-88.7%), 90.5% (83.7-95.2%) and 93% \n(80.9-98.5%) respectively. Ninety-two (98%) patients were correctly triaged to \ntheir repeat surveillance colonoscopy. Based on these findings, a cut and \ndiscard approach would have resulted in a saving of $319.77 per patient.', 'BACKGROUND: In recent clinical trials (RCT) of bowel preparation, Golytely was \nmore efficacious than MiraLAX. We hypothesised that there is a difference in \nadenoma detection between Golytely and MiraLAX.\nAIMS: To compare the adenoma detection rate (ADR) between these bowel \npreparations, and to identify independent predictors of bowel preparation \nquality and adenoma detection.\nMETHODS: This was a post hoc analysis of an RCT that assessed efficacy and \npatient tolerability of Golytely vs. MiraLAX/Gatorade in average risk screening \ncolonoscopy patients. Bowel preparation quality was measured with the Boston \nBowel Preparation Scale (BBPS). An excellent/good equivalent BBPS score was \ndefined as ≥ 7. Polyp pathology review was performed. ADR was defined as the', 'for colon carcinoma.\nCONCLUSIONS: For individual patients, a high score on the composite measures \nbased on process indicators is not associated with better short-term outcome. \nHowever, at the hospital level, a good score on the composite measures based on \nprocess indicators was consistent with more favourable risk-adjusted short-term \noutcome rates.']","Endoscopists within a tertiary care setting can accurately predict diminutive polyp histology and confer an appropriate surveillance interval with an associated financial benefit to the healthcare system. However, limitations to its application in the community setting exist, which may improve with further training and high-definition colonoscopes.",1.0
Does depression diagnosis and antidepressant prescribing vary by location?,"There is no direct evidence in the provided context to suggest that depression diagnosis and antidepressant prescribing vary by location. The context primarily discusses the differences in ascertainment of depression in pregnancy between hospital admission datasets and dispensing claims datasets in Western Australia, without comparing locations. Therefore, based on the provided context, it is not possible to conclude that depression diagnosis and antidepressant prescribing vary by location.","[""ascertained in two ways: women with dispensing records relating to dispensed \nantidepressant medicines with an WHO ATC code to the 3rd level, pharmacological \nsubgroup, 'N06A Antidepressants'; and, women with any hospital admission during \npregnancy, including the birth admission, if a comorbidity was recorded relating \nto depression.\nRESULTS: From 2002 to 2005, there were 96698 births in WA. At least one \nantidepressant was dispensed to 4485 (4.6%) pregnant women. There were 3010 \n(3.1%) women with a comorbidity related to depression recorded on their delivery \nadmission, or other admission to hospital during pregnancy. There were a total \nof 7495 pregnancies identified by either set of records. Using data linkage, we"", 'BACKGROUND: Although record linkage of routinely collected health datasets is a \nvaluable research resource, most datasets are established for administrative \npurposes and not for health outcomes research. In order for meaningful results \nto be extrapolated to specific populations, the limitations of the data and \nlinkage methodology need to be investigated and clarified. It is the objective \nof this study to investigate the differences in ascertainment which may arise \nbetween a hospital admission dataset and a dispensing claims dataset, using \nmajor depression in pregnancy as an example. The safe use of antidepressants in \npregnancy is an ongoing issue for clinicians with around 10% of pregnant women \nsuffer from depression. As the birth admission will be the first admission to', 'of 7495 pregnancies identified by either set of records. Using data linkage, we \ndetermined that these records represented 6596 individual pregnancies. Only 899 \npregnancies were found in both groups (13.6% of all cases). 80% of women \ndispensed an antidepressant did not have depression recorded as a comorbidity on \ntheir hospital records. A simple capture-recapture calculation suggests the \nprevalence of depression in this population of pregnant women to be around 16%.\nCONCLUSION: No single data source is likely to provide a complete health profile \nfor an individual. For women with depression in pregnancy and dispensed \nantidepressants, the hospital admission data do not adequately capture all \ncases.', ""suffer from depression. As the birth admission will be the first admission to \nhospital during their pregnancy for most women, their use of antidepressants, or \ntheir depressive condition, may not be revealed to the attending hospital \nclinicians. This may result in adverse outcomes for the mother and infant.\nMETHODS: Population-based de-identified data were provided from the Western \nAustralian Data Linkage System linking the administrative health records of \nwomen with a delivery to related records from the Midwives' Notification System, \nthe Hospital Morbidity Data System and the national Pharmaceutical Benefits \nScheme dataset. The women with depression during their pregnancy were \nascertained in two ways: women with dispensing records relating to dispensed"", 'BACKGROUND: The gender difference in prevalence and incidence rates of \ndepression is one of the most consistent findings in psychiatric epidemiology. \nWe sought to examine whether any gender differences in symptom profile might \naccount for this difference in rates.\nMETHOD: This study was a population-based 13-year follow-up survey of \ncommunity-dwelling adults living in East Baltimore in 1981. Subjects were the \ncontinuing participants of the Baltimore Epidemiologic Catchment Area Program. \nParticipants interviewed between 1993 and 1996 with complete data on depressive \nsymptoms and covariates were included (n = 1727). We applied structural \nequations with a measurement model for dichotomous data (the MIMIC-multiple']","New depression diagnosis and antidepressant use was shown to be less likely in areas of higher own-ethnic density for some, but not all, ethnic groups.",1.0
Are reports of mechanical dysfunction in chronic oro-facial pain related to somatisation?,"Yes, reports of mechanical dysfunction in chronic oro-facial pain are related to somatisation. According to the context, ""They may represent another feature of somatisation"" (Document id='1297b571-6708-534e-8f49-13ea140b2a33'), suggesting that mechanical factors associated with chronic oro-facial pain, such as teeth grinding and facial trauma, may be a manifestation of somatisation. Additionally, the context states that these factors ""are confounded, in part, by psychological factors and are equally common across other frequently unexplained syndromes"" (Document id='da8ac316-ac40-5d67-b227-f86d40742e82'), further supporting the relationship between mechanical dysfunction and somatisation.","['also collected on demographic factors, psychological factors and the reporting \nof other frequently unexplained syndromes.\nRESULTS: An adjusted response rate of 72% was achieved. Only two mechanical \nfactors: teeth grinding (odds ratio (OR) 2.0, 95% CI 1.3-3.0) and facial trauma \n(OR 2.0; 95% CI 1.3-2.9) were independently associated with chronic oro-facial \npain after adjusting for psychological factors. However, these factors were also \ncommonly associated with the reporting of other frequently unexplained \nsyndromes: teeth grinding (odds ratio (OR) 1.8, 95% CI 1.5-2.2), facial trauma \n(OR 2.1; 95% CI 1.7-2.6).\nCONCLUSIONS: Self-reported mechanical factors associated with chronic oro-facial \npain are confounded, in part, by psychological factors and are equally common', 'OBJECTIVES: (i) To examine the association between self-reported mechanical \nfactors and chronic oro-facial pain. (ii) To test the hypothesis that this \nrelationship could be explained by: (a) reporting of psychological factors, (b) \ncommon association of self-reported mechanical factors with other unexplained \nsyndromes.\nMETHODS: A population based cross-sectional study of 4200 randomly selected \nadults registered with a General Medical Practice in North West, England. The \nstudy examined the association of chronic oro-facial pain with a variety of \nself-reported mechanical factors: teeth grinding, facial trauma, missing teeth \nand the feeling that the teeth did not fit together properly. Information was \nalso collected on demographic factors, psychological factors and the reporting', 'pain are confounded, in part, by psychological factors and are equally common \nacross other frequently unexplained syndromes. They may represent another \nfeature of somatisation. Therefore the use of extensive invasive therapy such as \nocclusal adjustments and surgery to change mechanical factors may not be \njustified in many cases.', 'symptoms do not cluster in well defined distinct syndromes. Therefore, patients \nwith chronic functional somatic symptoms should preferably not be classified \ninto medical subspecialty syndromes.', 'BACKGROUND: Reliable longitudinal data of patients with functional somatic \nsymptoms in general practice are lacking.\nAIMS: To identify distinctive features in patients with chronic functional \nsomatic symptoms, and to determine whether these symptoms support the hypothesis \nof the existence of specific somatic syndromes.\nDESIGN OF STUDY: Observational study, with a comparison control group.\nSETTING: Four primary care practices affiliated with the University of Nijmegen \nin the Netherlands.\nMETHOD: One hundred and eighty-two patients diagnosed between 1998 and 2002 as \nhaving chronic functional somatic symptoms and 182 controls matched by age, sex, \nsocioeconomic status, and practice were included. Data on comorbidity,']","Self-reported mechanical factors associated with chronic oro-facial pain are confounded, in part, by psychological factors and are equally common across other frequently unexplained syndromes. They may represent another feature of somatisation. Therefore the use of extensive invasive therapy such as occlusal adjustments and surgery to change mechanical factors may not be justified in many cases.",0.6666666666666666
Is endometrial polyp formation associated with increased expression of vascular endothelial growth factor and transforming growth factor-beta1?,"Yes, endometrial polyp formation is associated with increased expression of vascular endothelial growth factor (VEGF) and transforming growth factor-beta1 (TGF-β1). The study found that the score of VEGF in glandular cells of endometrial polyps was significantly higher than the score in adjacent endometrium, both in the proliferative and secretory phases. Similarly, the score of TGF-β1 in glandular and stromal cells of endometrial polyps was significantly higher than the score in adjacent endometrium. This suggests that these cytokines might play a role in endometrial polyp formation. (Document ids: '9dafd273-9389-5559-bafe-cf62a9909ae4', '23fc7eff-8525-59f9-b8ee-301aa84f9fd0', '3ab02733-e554-5406-86b6-67f7eb4b18cd')","['OBJECTIVE: Endometrial polyp is a common cause of abnormal uterine bleeding, but \nthe etiology and pathogenesis remain unclear. Vascular endothelial growth factor \n(VEGF) is angiogenic, related to thick walled vessels and transforming growth \nfactor-beta1 (TGF-β1) is related to fibrotic tissue, which are characteristics \nof endometrial polyps. The primary objective of this study was to find out if \nendometrial polyp formation is associated with increased expression of VEGF or \nTGF-β1, or both. A secondary objective is to determine if the changes are \nrelated to steroid receptor expression.\nSTUDY DESIGN: This prospective study compared VEGF and TGF-β1 expression of \nendometrial polyps and adjacent endometrial tissue in 70 premenopausal women.', 'cytokines might play a role in endometrial polyp formation. In addition, there \nwas a significant correlation between steroid receptor expression and VEGF and \nTGF-β1 expression.', ""of TGF-β1 in glandular cells of endometrial polyps was significantly higher than \nthe score in adjacent endometrium in proliferative phase (P=0.02); whereas the \nscore of TGF-β1 in stromal cells of endometrial polyps was significantly higher \nthan the score in adjacent endometrium, both in the proliferative phase \n(P=0.006) and the secretory phase (P=0.008). There was a significant correlation \nbetween the expression of steroid receptors and VEGF and TGF-β1 (Spearman's \ncorrelation P<0.001 and P<0.05, respectively).\nCONCLUSIONS: There was increased expression of TGF-β1 and VEGF in polyps \ncompared to adjacent normal endometrial tissue. It suggested that these \ncytokines might play a role in endometrial polyp formation. In addition, there"", 'endometrial polyps and adjacent endometrial tissue in 70 premenopausal women. \nThe comparison of results was separately made for endometrium specimens obtained \nin the proliferative and secretory phases. The results were correlated with the \nsteroid receptors (estrogen receptor and progesterone receptor) expression.\nRESULTS: The score of VEGF in glandular cells of endometrial polyps was \nsignificantly higher than the score in adjacent endometrium, both in the \nproliferative phase (P<0.001) and the secretory phase (P=0.03); the score of \nVEGF in stromal cells of endometrial polyps was significantly higher than the \nscore in adjacent endometrium only in proliferative phase (P=0.006). The score \nof TGF-β1 in glandular cells of endometrial polyps was significantly higher than', 'OBJECTIVE: Do endometrial polyps from pre- and post-menopausal women have \nsimilar immunohistochemical expression of oestrogen and progesterone receptors \n(ER, PR) and markers of cellular proliferation/apoptosis (Ki67 and Bcl-2).\nDESIGN: Prospective cohort study. Non-parametric statistical analysis was used.\nSETTING: Polyps recruited from women attending an out-patient hysteroscopy \nclinic in a UK district general hospital.\nPATIENTS: Fourteen pre-menopausal and 16 post-menopausal women who presented \nwith abnormal bleeding with endometrial polyps.\nINTERVENTIONS: Immunohistochemical staining was performed on endometrial polyps.\nMAIN OUTCOME MEASURES: Significant differences or correlations between hormone \nreceptor expression (oestrogen and progesterone) and cell growth indices (Ki67']","There was increased expression of TGF-β1 and VEGF in polyps compared to adjacent normal endometrial tissue. It suggested that these cytokines might play a role in endometrial polyp formation. In addition, there was a significant correlation between steroid receptor expression and VEGF and TGF-β1 expression.",1.0
Preoperative tracheobronchoscopy in newborns with esophageal atresia: does it matter?,"Yes, preoperative tracheobronchoscopy (TBS) in newborns with esophageal atresia (EA) matters. According to the provided context, TBS was clinically useful in 28 (45.2%) of 62 patients, including 15 (24.2%) of 62 infants in whom it was crucial in modifying the surgical approach. The procedure is considered useful and safe, and its use is recommended in tertiary centers for babies with EA before surgical repair.","['BACKGROUND/PURPOSE: Despite surgical refinements, perioperative use of \ntracheobronchoscopy (TBS) as part of surgical approach to esophageal atresia \n(EA) is still controversial. The purpose of this study was to evaluate the \ninfluence of preoperative TBS in newborns with EA in preventing complications \nand improving diagnosis and surgical treatment.\nMETHODS: In the period ranging from 1997 to 2003, 62 patients with EA underwent \npreoperative TBS. The procedure was carried out with flexible bronchoscope \nmaintaining spontaneous breathing. When a wide carinal fistula was found, this \nwas mechanically occluded by Fogarty catheter and cannulated with rigid \nbronchoscopy. Type of EA, surgical procedure variations caused by TBS, and \nassociated anomalies not easily detectable were recorded.', 'was clinically useful in 28 (45.2%) of 62 patients, including 15 (24.2%) of 62 \ninfants in whom it was crucial in modifying the surgical approach.\nCONCLUSION: Tracheobronchoscopy is a useful and safe procedure and should be \nrecommended in tertiary centers for babies with EA before surgical repair.', ""BACKGROUND: Minimal access surgery (MAS) in adults is associated with less \npostoperative pain in comparison to conventional 'open' surgery. It is not known \nwhether this holds true for neonates as well. Less pain would imply that opioid \nconsumption can be reduced, which has a beneficial effect on morbidity.\nAIM: To evaluate potential differences in' opioid consumption between neonates \nundergoing thoracoscopic minimal access surgery or conventional surgery of \nesophageal atresia (EA) and congenital diaphragmatic hernia (CDH).\nMETHODS: In this retrospective cohort study we included two controls for each \nMAS patient, matched on diagnosis, sex and age at surgery. Opioid dose titration \nwas based on validated pain scores (VAS and COMFORT behaviour), applied by"", 'required for intubation in the control setting (ANOVA, F = 38.7, p < .001). All \nintubations performed in the control setting were placed correctly in the \ntrachea; there were two (6.7%) esophageal intubations in the in-flight setting. \nThe difference in appropriate endotracheal intubation between the two settings \nwas not significant (chi 2 = 0.3; p > 0.05).\nCONCLUSION: Oral endotracheal intubation in the in-flight setting of the BO-105 \nhelicopter takes approximately twice as long as intubation in a ground setting. \nThe results support pre-flight intubation of patients who appear likely to \nrequire urgent intubation during air medical transport in the BO-105 helicopter.', ""OBJECTIVE: To compare two treatment strategies in preterm infants with or at \nrisk of respiratory distress syndrome: early surfactant administration (within \none hour of birth) versus late surfactant administration, in a geographically \ndefined population.\nOUTCOME: The primary outcome was chronic lung disease (CLD) and mortality \nbefore/at 36 weeks. Secondary outcomes included: duration of mechanical \nventilation and continuous positive airway pressure (CPAP), post-natal steroids \nfor CLD and major neonatal morbidities.\nSUBJECTS: Premature infants born at 22-32 weeks' gestation between January 2006 \nand December 2009.\nSETTING: Ten neonatal intensive care units (NICUs) in New South Wales (NSW) and \nAustralian Capital Territory (ACT), Australia.""]",Tracheobronchoscopy is a useful and safe procedure and should be recommended in tertiary centers for babies with EA before surgical repair.,1.0
Are performance measurement systems useful?,"Yes, performance measurement systems (PMS) can be useful. According to Document(id='f0986e61-d3af-5175-943a-3e1d60f1bc81'), a strategic use of PMS has been found to enhance quality in health care organizations, compared to non-strategic use. This suggests that PMS can be a valuable tool for improving processes and outcomes in healthcare.","['BACKGROUND: Prior literature identified the use of Performance Measurement \nSystems (PMS) as crucial in addressing improved processes of care. Moreover, a \nstrategic use of PMS has been found to enhance quality, compared to \nnon-strategic use, although a clear understanding of this linkage is still to be \nachieved. This paper deals with the test of direct and indirect models related \nto the link between the strategic use of PMS and the level of improved processes \nin health care organizations. Indirect models were mediated by the degree of \nperceived managerial discretion.\nMETHODS: A PLS analysis on a survey of 97 Italian managers working for health \ncare organizations in the Lombardy region was conducted. The response rate was \n77.6%.', 'INTRODUCTION: Recent evaluations of IT innovations in primary care have \nhighlighted variations between centres and practices in uptake and use. We \nevaluated whether structural characteristics of a general practice were \nassociated with variations in use of a web-based clinical information system \nunderpinning a Managed Clinical Network in diabetes, between the years 2001 and \n2003.\nMETHODS: Using a computerised audit trail, we calculated the numbers of \nweb-based operations that occurred in each practice, stratified by staff type \nand year, and adjusted for the numbers of registered diabetic patients. In \nregression analyses, we determined whether total use was associated with \nstructural characteristics of the practice (total list size, training status,', 'and Orthopaedics In-Training Exam (OITE) scores and subjective ratings by \nfaculty including global evaluation scores and faculty rankings of residents. We \ntested associations between preresidency criteria and the subsequent objective \nand subjective metrics using linear correlation analysis and Mann-Whitney tests \nwhen appropriate.\nRESULTS: Objective measures of resident performance namely, ABOS Part I scores, \nhad a moderate linear correlation with the USMLE Step 2 scores (r = 0.55, p < \n0.001) and number of clinical honors received in medical school (r = 0.45, p < \n0.001). OITE scores had a weak linear correlation with the number of clinical \nhonors (r = 0.35, p = 0.009) and USMLE Step 2 scores (r = 0.29, p = 0.02). With', 'guideline applicability and deviations. We created a reference standard of \nantimicrobial appropriateness using the modal assessment of 16 specialists. We \ncalculated criterion validity and interrater and intrarater overall and specific \nagreement with an index expert (senior infectious disease physician) and \nanalysed the influence of doctor characteristics on validity.\nRESULTS: Specialists agreed with the reference standard in 80% of cases (range \n75%-86%), with a sensitivity and specificity of 75% and 84%, respectively. This \ndid not differ by clinical specialty, hospital or years of experience, and \nresidents had similar results. Specialists agreed with the index expert in 76% \nof cases and the index expert agreed with his previous assessments in 71% of \ncases.', ""OBJECTIVES: Little is known about the validity and reliability of expert \nassessments of the quality of antimicrobial prescribing, despite their \nimportance in antimicrobial stewardship. We investigated how infectious disease \ndoctors' assessments compared with a reference standard (modal expert opinion) \nand with the assessments of their colleagues.\nMETHODS: Twenty-four doctors specialized in infectious diseases or clinical \nmicrobiology (16 specialists and 8 residents) from five hospitals were asked to \nassess the appropriateness of antimicrobial agents prescribed for a broad \nspectrum of indications in 56 paper cases. They were instructed how to handle \nguideline applicability and deviations. We created a reference standard of""]","This study contributes to the literature investigating the design and implementation of a non-financial measurement tool, such as the non-financial information included into a balanced scorecard (BSC), in health care organizations. Managers in health care organizations can benefit from the strategic use of PMS to effectively allocate their time to strategic opportunities and threats, which might arise and affect organizational, output-related performance, such as improving processes.",1.0
Do preoperative statins reduce atrial fibrillation after coronary artery bypass grafting?,"Yes, preoperative statin therapy seems to reduce atrial fibrillation (AF) development after coronary artery bypass grafting (CABG). According to the study, the overall incidence of postoperative AF was 26%, but it was significantly lower in the Statin group compared with the Non-statin group (16% versus 33%, p = 0.005). Multivariate analysis demonstrated that preoperative statin therapy was an independent predictor of AF development after CABG, with an odds ratio of 0.327 (95% CI 0.107 to 0.998, p = 0.05).","['OBJECTIVE: Recent studies have demonstrated that statins have pleiotropic \neffects, including anti-inflammatory effects and atrial fibrillation (AF) \npreventive effects. The objective of this study was to assess the efficacy of \npreoperative statin therapy in preventing AF after coronary artery bypass \ngrafting (CABG).\nMETHODS: 221 patients underwent CABG in our hospital from 2004 to 2007. 14 \npatients with preoperative AF and 4 patients with concomitant valve surgery were \nexcluded from this study. Patients were divided into two groups to examine the \ninfluence of statins: those with preoperative statin therapy (Statin group, n = \n77) and those without it (Non-statin group, n = 126). In addition, patients were \ndivided into two groups to determine the independent predictors for', 'OBJECTIVE: Desmopressin releases tissue-type plasminogen activator, which \naugments cardiopulmonary bypass--associated hyperfibrinolysis, causing excessive \nbleeding. Combined use of desmopressin with prior administration of the \nantifibrinolytic drug tranexamic acid may decrease fibrinolytic activity and \nmight improve postoperative hemostasis.\nMETHODS: This prospective randomized study was carried out with 100 patients \nundergoing coronary artery bypass operations between April 1999 and November \n2000 in Gülhane Military Medical Academy. Patients were divided into 2 groups. \nDesmopressin (0.3 microg/kg) was administrated just after cardiopulmonary bypass \nand after protamine infusion in group 1 (n = 50). Both desmopressin and', 'divided into two groups to determine the independent predictors for \npostoperative AF: those with postoperative AF (AF group, n = 54) and those \nwithout it (Non-AF group, n = 149). Patient data were collected and analyzed \nretrospectively.\nRESULTS: The overall incidence of postoperative AF was 26%. Postoperative AF was \nsignificantly lower in the Statin group compared with the Non-statin group (16% \nversus 33%, p = 0.005). Multivariate analysis demonstrated that independent \npredictors of AF development after CABG were preoperative statin therapy (odds \nratio [OR] 0.327, 95% confidence interval [CI] 0.107 to 0.998, p = 0.05) and age \n(OR 1.058, 95% CI 1.004 to 1.116, p = 0.035).\nCONCLUSION: Our study indicated that preoperative statin therapy seems to reduce \nAF development after CABG.', 'difficulty weaning from cardiopulmonary bypass was significantly higher in the \nMACE group. Those patients with a precursor event in the absence of MACE also \nappeared to have a greater prevalence of other important postoperative outcomes.\nCONCLUSIONS: Patients undergoing cardiac surgery who are exposed to \nintraoperative precursor events were more likely to experience a postoperative \nMACE. Quality improvement techniques aimed at mitigating the consequences of \nprecursor events might improve the surgical outcomes for cardiac surgical \npatients.\nCrown Copyright © 2014. Published by Mosby, Inc. All rights reserved.', 'OBJECTIVES: Precursor events are undesirable events that can lead to a \nsubsequent adverse event and have been associated with postoperative mortality. \nThe purpose of the present study was to determine whether precursor events are \nassociated with a composite endpoint of major adverse cardiac events (MACE) \n(death, acute renal failure, stroke, infection) in a low- to medium-risk \ncoronary artery bypass grafting, valve, and valve plus coronary artery bypass \ngrafting population. These events might be targets for strategies aimed at \nquality improvement.\nMETHODS: The present study was a retrospective cohort design performed at the \nQueen Elizabeth Health Science Centre. Low- to medium-risk patients who had \nexperienced postoperative MACE were matched 1:1 with patients who had not']",Our study indicated that preoperative statin therapy seems to reduce AF development after CABG.,1.0
Is there a favorable subset of patients with prostate cancer who develop oligometastases?,"Yes, according to Document(id='50fe06e4-7e75-57e3-b0e7-5e38238d9366'), patients with ≤5 metastatic sites had significantly better survival rates than patients with >5 lesions, with 73% and 36% survival rates at 5 and 10 years, respectively, compared to 45% and 18% for those with >5 lesions. This suggests that patients with a small number of metastatic lesions (oligometastases) may have a more favorable prognosis.","['recurrence, defined as a prostate-specific antigen level of 0.5 ng/mL or \ngreater.\nRESULTS: Patients with a prior benign biopsy had more favorable pathologic \nfeatures with more organ-confined (74% versus 64%; P <0.001) and less \nmargin-positive (9.8% versus 18%) disease. Only 24 patients (12%) in the study \ngroup (versus 20% in control group; P = 0.01) had eventual evidence of \nbiochemical failure. Kaplan-Meier analyses suggested that patients with prior \nbenign biopsies have improved biochemical disease-free survival, especially for \nthose with more aggressive disease (Gleason sum 7 or greater; P <0.01). Overall, \npatients in the study group had lower probability (odds ratio 0.57, P <0.001) of \nbiochemical failure compared with those in the control group.', 'OBJECTIVE: To examine the ability of various postoperative nomograms to predict \nprostate cancer-specific mortality (PCSM) and to validate that they could \npredict aggressive biochemical recurrence (BCR). Prostate-specific antigen \n(PSA), grade, and stage are the classic triad used to predict BCR after radical \nprostatectomy (RP). Multiple nomograms use these to predict risk of BCR. A \nprevious study showed that several nomograms could predict aggressive BCR \n(prostate-specific antigen doubling time [PSADT]\xa0<9 months) more accurately than \nBCR. However, it remains unknown if they can predict more definitive endpoints, \nsuch as PCSM.\nMETHODS: We performed Cox analyses to examine the ability of 4 postoperative \nnomograms, the Duke Prostate Center (DPC) nomogram, the Kattan postoperative', 'OBJECTIVE: To analyze, retrospectively, the patterns and behavior of metastatic \nlesions in prostate cancer patients treated with external beam radiotherapy and \nto investigate whether patients with < or =5 lesions had an improved outcome \nrelative to patients with >5 lesions.\nMETHODS AND MATERIALS: The treatment and outcome of 369 eligible patients with \nStage T1-T3aN0-NXM0 prostate cancer were analyzed during a minimal 10-year \nfollow-up period. All patients were treated with curative intent to a mean dose \nof 65 Gy. The full history of any metastatic disease was documented for each \nsubject, including the initial site of involvement, any progression over time, \nand patient survival.\nRESULTS: The overall survival rate for the 369 patients was 75% at 5 years and', 'relative to those with >5 lesions (73% and 36% at 5 and 10 years vs. 45% and 18% \nat 5 and 10 years, respectively; p = 0.02). In addition, both the \nmetastasis-free survival rate and the interval measured from the date of the \ninitial diagnosis of prostate cancer to the development of bone metastasis were \nstatistically superior for patients with < or =5 lesions compared with patients \nwith >5 lesions (p = 0.01 and 0.02, respectively). However, the survival rate \nand the interval from the date of diagnosis of bone metastasis to the time of \ndeath for patients in both groups were not significantly different, \nstatistically (p = 0.17 and 0.27, respectively).\nCONCLUSIONS: Patients with < or =5 metastatic sites had significantly better', 'CONCLUSIONS: Patients with < or =5 metastatic sites had significantly better \nsurvival rates than patients with >5 lesions. Because existing sites of \nmetastatic disease may be the primary sites of origin for additional metastases, \nour findings suggest that early detection and aggressive treatment of patients \nwith a small number of metastatic lesions is worth testing as an approach to \nimproving long-term survival.']","Patients with<or =5 metastatic sites had significantly better survival rates than patients with>5 lesions. Because existing sites of metastatic disease may be the primary sites of origin for additional metastases, our findings suggest that early detection and aggressive treatment of patients with a small number of metastatic lesions is worth testing as an approach to improving long-term survival.",1.0
Are virtual planning and guided surgery for head and neck reconstruction economically viable?,"Yes, virtual planning and guided surgery for head and neck reconstruction, specifically mandibular reconstruction with fibular free flaps, are economically viable. According to the study, the additional cost of virtual planning was reduced from US $5,098 to US $1,231.50 with a prebent plate and from US $6,980 to US $3,113.50 for a milled plate, due to the time saved during surgery. This suggests that the cost savings from reduced operative time can offset the additional cost of virtual planning, making it a financially viable option even in capped health care systems.","['PURPOSE: Virtual planning and guided surgery with or without prebent or milled \nplates are becoming more and more common for mandibular reconstruction with \nfibular free flaps (FFFs). Although this excellent surgical option is being used \nmore widely, the question of the additional cost of planning and cutting-guide \nproduction has to be discussed. In capped payment systems such additional costs \nhave to be offset by other savings if there are no special provisions for extra \nfunding. Our study was designed to determine whether using virtual planning and \nguided surgery resulted in time saved during surgery and whether this time gain \nresulted in self-funding of such planning through the time saved.\nMATERIALS AND METHODS: All consecutive cases of FFF surgery were evaluated', 'MATERIALS AND METHODS: All consecutive cases of FFF surgery were evaluated \nduring a 2-year period. Institutional data were used to determine the price of 1 \nminute of operative time. The time for fibula molding, plate adaptation, and \ninsetting was recorded.\nRESULTS: During the defined period, we performed 20 mandibular reconstructions \nusing FFFs, 9 with virtual planning and guided surgery and 11 freehand cases. \nOne minute of operative time was calculated to cost US $47.50. Multiplying this \nnumber by the time saved, we found that the additional cost of virtual planning \nwas reduced from US $5,098 to US $1,231.50 with a prebent plate and from US \n$6,980 to US $3,113.50 for a milled plate.\nCONCLUSIONS: Even in capped health care systems, virtual planning and guided', 'P = .002) but not when compared with NTHs (OR, 1.19; 95% CI, 0.89-1.59; P = \n.23). The CTHs were significantly more likely to care for patients with \ncomorbidities (P < .001).\nCONCLUSION: Significant differences in costs, outcomes, and patient factors \nexist for inpatient tonsillectomy based on hospital type. Although reasons for \nthese differences are not discernable using isolated claims data, findings \nprovide a foundation to further evaluate patient, institutional, and \nsystem-level factors that may reduce cost of care and improve value for \ninpatient tonsillectomy.\n© American Academy of Otolaryngology—Head and Neck Surgery Foundation 2015.', ""OBJECTIVE: To ascertain whether hospital type is associated with differences in \ntotal cost and outcomes for inpatient tonsillectomy.\nSTUDY DESIGN: Cross-sectional analysis of the 2006, 2009, and 2012 Kids' \nInpatient Database (KID).\nSUBJECTS AND METHODS: Children ≤18 years of age undergoing tonsillectomy \nwith/without adenoidectomy were included. Risk-adjusted generalized linear \nmodels assessed for differences in hospital cost and length of stay (LOS) among \nchildren managed by (1) non-children's teaching hospitals (NCTHs), (2) \nchildren's teaching hospitals (CTHs), and (3) nonteaching hospitals (NTHs). \nRisk-adjusted logistic regression compared the odds of major perioperative \ncomplications (hemorrhage, respiratory failure, death). Models accounted for"", 'CONCLUSIONS: Even in capped health care systems, virtual planning and guided \nsurgery including prebent or milled plates are financially viable.']","Even in capped health care systems, virtual planning and guided surgery including prebent or milled plates are financially viable.",1.0
Are there progressive brain changes in schizophrenia?,"Yes, there are progressive brain changes in schizophrenia. According to the provided context, studies have shown that subjects with schizophrenia exhibited significantly greater decreases over time in whole brain volume, whole brain gray matter, frontal gray and white matter, parietal white matter, and temporal white matter volume, as well as larger increases in lateral ventricular volume, compared to healthy control subjects. The annualized percentage volume change was -.07% for whole brain volume, -.59% for whole brain gray matter, and +.36% for bilateral lateral ventricles, indicating progressive structural brain abnormalities in schizophrenia. (Document IDs: cc2d9fd0-3726-5962-b145-e2e8afa3a667, 3bd5fbab-f59e-5422-8a65-505465c044d0, 28ed82f3-aa05-5686-a4e2-d4cf8172833f)","['ventricles.\nCONCLUSIONS: These findings suggest that schizophrenia is associated with \nprogressive structural brain abnormalities, affecting both gray and white \nmatter. We found no evidence to suggest progressive medial temporal lobe \ninvolvement but did find evidence that this may be partly explained by \nheterogeneity between studies in patient age and illness duration. The causes \nand clinical correlates of these progressive brain changes should now be the \nfocus of investigation.', 'Subjects with schizophrenia showed significantly greater decreases over time in \nwhole brain volume, whole brain gray matter, frontal gray and white matter, \nparietal white matter, and temporal white matter volume, as well as larger \nincreases in lateral ventricular volume, than healthy control subjects. The time \nbetween baseline and follow-up magnetic resonance imaging scans ranged from 1 to \n10 years. The differences between patients and control subjects in annualized \npercentage volume change were -.07% for whole brain volume, -.59% for whole \nbrain gray matter, -.32% for frontal white matter, -.32% for parietal white \nmatter, -.39% for temporal white matter, and +.36% for bilateral lateral \nventricles.\nCONCLUSIONS: These findings suggest that schizophrenia is associated with', 'BACKGROUND: It is well established that schizophrenia is associated with \nstructural brain abnormalities, but whether these are static or progress over \ntime remains controversial.\nMETHODS: A systematic review of longitudinal volumetric studies using \nregion-of-interest structural magnetic resonance imaging in patients with \nschizophrenia and healthy control subjects. The percentage change in volume \nbetween scans for each brain region of interest was obtained, and data were \ncombined using random effects meta-analysis.\nRESULTS: Twenty-seven studies were included in the meta-analysis, with 928 \npatients and 867 control subjects, and 32 different brain regions of interest. \nSubjects with schizophrenia showed significantly greater decreases over time in', 'symptoms than typical schizophrenia, and lends support to the idea of a \npsychosis spectrum or continuum over boundaried diagnostic categories.', 'of the 22 examined patients (VS, n=5; MCS, n=9), a significant activation of the \nregions of interest (ROIs) of the mental imagery paradigm could be found. All 5 \npatients with activation of a significant blood oxygen level dependent signal, \nwho were in a VS at the time of the fMRI examination, reached at least an MCS at \nthe end of the observation period. In contrast, 5 participants in a VS who \nfailed to show activation in ROIs, did not (sensitivity 100%, specificity 100%). \nSix of 9 patients in an MCS with activation in ROIs emerged from an MCS. Of 3 \npatients in an MCS who did not show activation, 2 patients stayed in an MCS and \n1 patient emerged from the MCS (sensitivity 85%, specificity 40%).\nCONCLUSIONS: The fMRI paradigm mental imagery displays a high concordance with']","These findings suggest that schizophrenia is associated with progressive structural brain abnormalities, affecting both gray and white matter. We found no evidence to suggest progressive medial temporal lobe involvement but did find evidence that this may be partly explained by heterogeneity between studies in patient age and illness duration. The causes and clinical correlates of these progressive brain changes should now be the focus of investigation.",1.0
Substance use and HIV-related sexual behaviors among US high school students: are they related?,"Yes, substance use and HIV-related sexual behaviors among US high school students are related. According to the 1990 national Youth Risk Behavior Survey, students who reported no substance use were least likely to report having had sexual intercourse, having had four or more sex partners, and not having used a condom at last sexual intercourse. Additionally, odds ratios for each of these sexual risk behaviors were greatest among students who had used marijuana, cocaine, or other illicit drugs, and smaller but still significant increases were found among students who had used only alcohol or cigarettes. This suggests a positive correlation between substance use and HIV-related sexual risk behaviors among US high school students.","['OBJECTIVES: This study was undertaken to examine whether use of alcohol, \ncigarettes, marijuana, cocaine, and other illicit drugs is related to the \nlikelihood of sexual behaviors that increase risk for human immunodeficiency \nvirus (HIV) infection among youth.\nMETHODS: The 1990 national Youth Risk Behavior Survey was used to collect \nself-reported information about a broad range of health risk behaviors from a \nrepresentative sample of 11,631 high school students in the United States.\nRESULTS: Students who reported no substance use were least likely to report \nhaving had sexual intercourse, having had four or more sex partners, and not \nhaving used a condom at last sexual intercourse. Adjusted for age, sex, and \nrace/ethnicity, odds ratios for each of these sexual risk behaviors were', 'race/ethnicity, odds ratios for each of these sexual risk behaviors were \ngreatest among students who had used marijuana, cocaine, or other illicit drugs. \nStudents who had used only alcohol or cigarettes had smaller but still \nsignificant increases in the likelihood of having had sexual intercourse and of \nhaving had four or more sex partners.\nCONCLUSIONS: HIV prevention programs for youth should recognize that substance \nuse may be an important indicator of risk for HIV infection and acquired \nimmunodeficiency syndrome through its association with unsafe sexual behaviors.', 'individual.\nRESULTS: At least one sexual behaviour questionnaire was obtained for 6545 \nHIV-infected individuals and the median number of questionnaires completed per \nindividual was five. There was no evidence of an increase in reported unsafe sex \nover time in this population [odds ratio (OR), 1.0; 95% confidence interval \n(CI), 0.96-1.05]. Females (OR, 1.38; 95% CI, 1.19-1.60), 15-30 year olds (OR, \n1.26; 95% CI, 1.09-1.47), those with HIV-positive partners (OR, 12.58; 95% CI, \n10.84-14.07) and those with occasional partners (OR, 3.25; 95% CI, 2.87-3.67) \nwere more likely to report unsafe sex. There was no evidence of a response bias \nover time, but individuals were less willing to leave questions about their \nsexual behaviour unanswered or ambiguous (OR, 0.93; 95% CI, 0.90-0.97).', 'BACKGROUND: The number of new diagnoses of HIV infection is rising in the \nnorthwestern hemisphere and it is becoming increasingly important to understand \nthe mechanisms behind this trend.\nOBJECTIVE: To evaluate whether reported unsafe sexual behaviour among HIV- \ninfected individuals is changing over time.\nDESIGN: Participants in the Swiss HIV Cohort Study were asked about their sexual \npractices every 6 months for 3 years during regular follow-up of the cohort \nbeginning on 1 April 2000.\nMETHODS: : Logistic regression models were fit using generalized estimating \nequations assuming a constant correlation between responses from the same \nindividual.\nRESULTS: At least one sexual behaviour questionnaire was obtained for 6545', '1994 and 1996 (P< 0.001), while condom use with a non-regular partner increased \nfrom 37% in 1992 to 73% in 1996 (P= 0.006). Condom use among men was high over \nthe period: around 81% had ever used condoms and 77% used them with non-regular \npartners. Gay men, inner-city adults and adolescents aged 12-14 years all \nreported increases in condom use while condom sales and distribution increased \nfrom around 2 million in 1985 to 10 million in 1995.\nCONCLUSION: HIV/STD control measures appear to have slowed the HIV/AIDS epidemic \nin Jamaica, however a significant minority of persons continue to have \nunprotected sex in high risk situations.']",HIV prevention programs for youth should recognize that substance use may be an important indicator of risk for HIV infection and acquired immunodeficiency syndrome through its association with unsafe sexual behaviors.,1.0
Is robotically assisted laparoscopic radical prostatectomy less invasive than retropubic radical prostatectomy?,"According to the provided context, specifically Document(id='d0f0c788-d84a-58f9-ba52-d5a563c6e529'), the answer is: the study aims to evaluate this, but the context does not provide a clear conclusion. However, it mentions that ""experimental studies suggest that the acute phase reaction is proportional to surgery-induced tissue damage,"" implying that if robotically assisted laparoscopic prostatectomy (RALP) results in a lower acute phase reaction, it may be less invasive. The study collected blood samples to assay for markers of inflammation and tissue damage, but the results of this study are not provided in the given context.","[""OBJECTIVES: To evaluate whether robotically assisted laparoscopic prostatectomy \n(RALP) is less invasive than radical retropubic prostatectomy (RRP), as \nexperimental studies suggest that the acute phase reaction is proportional to \nsurgery-induced tissue damage.\nPATIENTS AND METHODS: Between May and November 2006, all patients undergoing RRP \nor RALP in our department were prospectively assessed. Blood samples were \ncollected 24 h before (T0), during surgery (T1), at the end of anaesthesia (T2), \nand 12 (T3) and 24 h after surgery (T4), and assayed for interleukin(IL)-6 and \nIL-1 alpha, C-reactive protein (CRP), and lactate. The Mann-Whitney U-, \nStudent's t- and Friedman tests were used to compare continuous variables, and"", 'PURPOSE: We examined whether the year in which radical prostatectomy (RP) was \nperformed is a predictor of treatment outcome after controlling for standard \nprognostic factors.\nMATERIALS AND METHODS: We examined the association between RP year and outcome \nin 6,556 patients from 7 centers using preoperative and pathological features. \nPatients underwent surgery between 1985 and 2000. The variables analyzed were RP \nyear, clinical stage, pretreatment prostate specific antigen, biopsy Gleason \nsum, RP Gleason sum, margin status, level of extracapsular extension, seminal \nvesicle status, lymph node status, neoadjuvant hormones and adjuvant therapy. \nMedian followup was 23 months (maximum 166). Separate Cox multivariate', 'OBJECTIVE: • Robot-assisted radical cystectomy (RARC) remains controversial in \nterms of oncologic outcomes, especially during the initial experience. The \npurpose of this study was to evaluate the impact of initial experience of \nrobotic cystectomy programs on oncologic outcomes and overall survival.\nPATIENTS AND METHODS: • Utilizing a prospectively maintained, single institution \nrobotic cystectomy database, we identified 164 consecutive patients who \nunderwent RARC since November 2005. • After stratification by age group, gender, \npathologic T stage, lymph node status, surgical margin status, and sequential \ncase number; we used chi-squared analyses to correlate sequential case number to \noperative time, surgical blood loss, lymph node yield, and surgical margin', 'OBJECTIVES: To determine the effect of prior benign prostate biopsies on the \nsurgical and clinical outcomes of patients treated with radical perineal \nprostatectomy for prostate cancer.\nMETHODS: A total of 1369 patients with clinically localized prostate cancer \nunderwent radical prostatectomy by a single surgeon between 1991 and 2001. A \nsubset of 203 patients (14.9%), who had undergone at least one prior benign \nprostate biopsy for a rising prostate-specific antigen and/or abnormal digital \nrectal examination, constituted our study population. A total of 1115 patients \nwith no prior biopsy represented our control group. After prostatectomy, \npatients were evaluated at 6-month intervals for biochemical evidence of \nrecurrence, defined as a prostate-specific antigen level of 0.5 ng/mL or', ""PURPOSE: To evaluate the influence of the urologist's experience on the surgical \nresults and complications of transurethral resection of the prostate (TURP).\nPATIENTS AND METHODS: Sixty-seven patients undergoing transurethral resection of \nthe prostate without the use of a video camera were randomly allocated into \nthree groups according to the urologist's experience: a urologist having done 25 \ntransurethral resections of the prostate (Group I - 24 patients); a urologist \nhaving done 50 transurethral resections of the prostate (Group II - 24 \npatients); a senior urologist with vast transurethral resection of the prostate \nexperience (Group III - 19 patients). The following were recorded: the weight of \nresected tissue, the duration of the resection procedure, the volume of""]",This study showed for the first time that RALP induces lower tissue trauma than RRP.,1.0
Does reducing spasticity translate into functional benefit?,"Yes, reducing spasticity translates into functional benefit. The evidence from the provided context suggests that there is a significant relationship between reduced arm spasticity and improved arm function in patients treated with botulinum toxin (rho = -0.5679, p = 0.0090, n = 22; rho = -0.4430, p = 0.0018, n = 47) (Document id='d0bf513f-6caf-5ac8-b549-9a71cd6b5f5a' and Document id='00e0faac-783f-5990-98f6-5d774ef163dc'). This is further supported by the conclusion of a meta-analytic approach, which demonstrates that reducing spasticity in the arm is associated with a significant improvement in arm function (Document id='49f59b59-c61f-5d76-b052-80d7126b15e6').","['assessment tools for SLE patients, shows a significant relationship between \nincreased disease activity and reduced physical function. This result emphasizes \nthe importance of optimizing treatment aiming at reducing disease activity.', '(dressing, grooming, and feeding) and three subjective measures (putting arm \nthrough sleeve, cleaning palm, cutting fingernails) were summed to give a \n""Composite Functional Index"". Change scores and the time of maximum change were \nalso calculated.\nRESULTS: Maximum changes in both composite measures occurred concurrently in 47 \npatients. In 26 patients the improvement in spasticity preceded the improvement \nin function with 18 showing the reverse. There was a definite relationship \nbetween the maximum change in spasticity and the maximum change in arm function, \nindependent of treatment (rho = -0.2822, p = 0.0008, n = 137). There was a clear \nrelationship between the changes in spasticity and in arm function in patients', 'BACKGROUND: Spasticity and loss of function in an affected arm are common after \nstroke. Although botulinum toxin is used to reduce spasticity, its functional \nbenefits are less easily demonstrated. This paper reports an exploratory \nmeta-analysis to investigate the relationship between reduced arm spasticity and \nimproved arm function.\nMETHOD: Individual data from stroke patients in two randomised controlled trials \nof intra-muscular botulinum toxin were pooled. The Modified Ashworth Scale \n(elbow, wrist, fingers) was used to calculate a ""Composite Spasticity Index"". \nData from the arm section of the Barthel Activities of Daily Living Index \n(dressing, grooming, and feeding) and three subjective measures (putting arm', 'relationship between the changes in spasticity and in arm function in patients \ntreated with botulinum toxin (Dysport) at 500 or 1000 units (rho = -0.5679, p = \n0.0090, n = 22; rho = -0.4430, p = 0.0018, n = 47), but not in those treated \nwith placebo or 1500 units.\nCONCLUSIONS: Using a targeted meta-analytic approach, it is possible to \ndemonstrate that reducing spasticity in the arm is associated with a significant \nimprovement in arm function.', '4-year college degree or postgraduate degree. We observed a high correlation \nbetween baseline PRO data captured between FTE-dependent versus non-FTE \ndependent methodologies (ODI: r = -0.89, VAS-BP: r = 0.74, VAS-LP: r = 0.70). \nThere was no difference in PROs of baseline pain and functional disability \nbetween FTE-dependent and non-FTE-dependent methodologies: baseline ODI \n(FTE-dependent: 47.73 ± 16.77 [mean ± SD] vs. non-FTE-dependent: 45.81 ± 12.11, \nP = 0.39), VAS-LP (FTE-dependent: 6.13 ± 2.78 vs. non-FTE-dependent: 6.46 ± \n2.79, P = 0.36) and VAS-BP (FTE-dependent: 6.33 ± 2.90 vs. non-FTE-dependent: \n6.53 ± 2.48, P = 0.57).\nCONCLUSION: Our study suggests that there is great reliability between PRO data \ncaptured between FTE-dependent and non-FTE-dependent methodologies.']","Using a targeted meta-analytic approach, it is possible to demonstrate that reducing spasticity in the arm is associated with a significant improvement in arm function.",1.0
Patient-Controlled Therapy of Breathlessness in Palliative Care: A New Therapeutic Concept for Opioid Administration?,"According to the provided context, patient-controlled therapy (PCT) of breathlessness in palliative care using opioid administration is a feasible and acceptable therapeutic method. The study found that opioid PCT reduced refractory breathlessness in patients with advanced disease, with a significant decrease in numeric rating scale scores (P < 0.01) and stable physiological parameters over time. Additionally, 12 out of 12 patients confirmed that this mode of application provided relief of breathlessness on Day 3. Therefore, the answer is yes, patient-controlled therapy of breathlessness in palliative care is a new therapeutic concept for opioid administration that shows promise.","['CONTEXT: Breathlessness is one of the most distressing symptoms experienced by \npatients with advanced cancer and noncancer diagnoses alike. Often, severity of \nbreathlessness increases quickly, calling for rapid symptom control. Oral, \nbuccal, and parenteral routes of provider-controlled drug administration have \nbeen described. It is unclear whether patient-controlled therapy (PCT) systems \nwould be an additional treatment option.\nOBJECTIVES: To investigate whether intravenous opioid PCT can be an effective \ntherapeutic method to reduce breathlessness in patients with advanced disease. \nSecondary aims were to study the feasibility and acceptance of opioid PCT in \npatients with refractory breathlessness.\nMETHODS: This was a pilot observational study with 18 inpatients with advanced', 'PCT; daily morphine equivalent dose at Day 1 was median\xa0=\xa020.3\xa0mg (5.0-49.6\xa0mg); \nDay 2: 13.0\xa0mg (1.0-78.5\xa0mg); Day 3: 16.0\xa0mg (8.3-47.0\xa0mg). Numeric rating scale \nof current breathlessness decreased (baseline: median\xa0=\xa05 [range 1-10]; Day 1: \nmedian\xa0=\xa04 [range 0-8], P\xa0<\xa00.01; Day 2: median\xa0=\xa04 [range 0-5], P\xa0<\xa00.01). \nPhysiological parameters were stable over time. On Day 3, 12/12 patients \nconfirmed that this mode of application provided relief of breathlessness.\nCONCLUSION: Opioid PCT is a feasible and acceptable therapeutic method to reduce \nrefractory breathlessness in palliative care patients.', 'METHODS: This was a pilot observational study with 18 inpatients with advanced \ndisease and refractory breathlessness receiving opioid PCT. Breathlessness was \nmeasured on a self-reported numeric rating scale. Richmond Agitation Sedation \nScale scores, Palliative Performance Scale scores, vital signs, and a \nself-developed patient satisfaction questionnaire were used for measuring \nsecondary outcomes. Descriptive and interference analyses (Friedman test) and \npost hoc analyses (Wilcoxon tests and Bonferroni corrections) were performed.\nRESULTS: Eighteen of 815 patients (advanced cancer; median age\xa0=\xa057.5\xa0years \n[range 36-81]; 77.8% female) received breathlessness symptom control with opioid \nPCT; daily morphine equivalent dose at Day 1 was median\xa0=\xa020.3\xa0mg (5.0-49.6\xa0mg);', 'MEASUREMENTS: Detailed drug use data contained on the last MDS before death were \nused to examine analgesic management of daily pain. Guidelines from the American \nMedical Directors Association (AMDA) were used to identify analgesics not \nrecommended for use in managing chronic pain in long-term care settings. The \nstudy outcome, regular treatment of daily pain, examined whether patients \nreceived any analgesic, other than those not recommended by AMDA, at least twice \na day for each day of documented daily pain (i.e., 7 days before date of last \nMDS).\nRESULTS: Fifteen percent of hospice residents and 23% of nonhospice residents in \ndaily pain received no analgesics (odds ratio (OR) = 0.57, 95% confidence \ninterval (CI) = 0.45-0.74). A lower proportion of hospice residents (21%) than', 'end-expiratory pressure (PEEP), and ventilation index values could distinguish \noutcome by day 3. A significant relationship between respiratory data and \noutcome related to efficiency of oxygenation, as determined by PaO(2)/FIO(2) and \nP(A-a)O(2), was present from day 8 after onset of mechanical ventilation.\nCONCLUSIONS: Peak inspiratory pressure, PEEP, and ventilation index values could \ndistinguish survivors from nonsurvivors by day 3. This may assist in early \napplication of supportive nonconventional therapies in children with malignancy \nand ARDS.']",Opioid PCT is a feasible and acceptable therapeutic method to reduce refractory breathlessness in palliative care patients.,1.0
It's Fournier's gangrene still dangerous?,"Yes, Fournier's gangrene is still a dangerous condition. According to the provided context, despite antibiotics and aggressive debridement, the mortality rate remains high, with 5 out of 14 patients dying in one study (Document id='7313aca6-f9a7-51cb-a1fe-08cbd310a56f'). Additionally, the condition is described as a ""surgical emergency"" with a high risk of mortality, emphasizing the need for early recognition and prompt treatment (Document id='f6b9ce55-dc19-5f3a-8a18-879ff093c3a4').","['BACKGROUND: Fournier\'s gangrene is known to have an impact in the morbidity and \ndespite antibiotics and aggressive debridement, the mortality rate remains high.\nOBJECTIVES: To assess the morbidity and mortality in the treatment of Fournier\'s \ngangrene in our experience.\nMETHODS: The medical records of 14 patients with Fournier\'s gangrene who \npresented at the University Hospital Center ""Mother Teresa"" from January 1997 to \nDecember 2006 were reviewed retrospectively to analyze the outcome and identify \nthe risk factor and prognostic indicators of mortality.\nRESULTS: Of the 14 patients, 5 died and 9 survived. Mean age was 54 years (range \nfrom 41-61): it was 53 years in the group of survivors and 62 years in deceased', ""from 41-61): it was 53 years in the group of survivors and 62 years in deceased \ngroup. There was a significant difference in leukocyte count between patients \nwho survived (range 4900-17000/mm) and those died (range 20.300-31000/mm3). Mean \nhospital stay was about 19 days (range 2-57 days).\nCONCLUSION: The interval from the onset of clinical symptoms to the initial \nsurgical intervention seems to be the most important prognostic factor with a \nsignificant impact on outcome. Despite extensive therapeutic efforts, Fournier's \ngangrene remains a surgical emergency and early recognition with prompt radical \ndebridement is the mainstays of management."", 'BACKGROUND: The accepted treatment protocol for necrotizing fasciitis (NF) \nconsists of extensive surgery and wide spectrum antibiotics. Hyperbaric \noxygenation (HBO) has been recommended as adjuvant therapy for NF, improving \npatient mortality and outcome. However, the beneficial effect of HBO for NF \nremains controversial.\nMETHODS: A retrospective evaluation of treatment outcome in 37 patients treated \nfor NF between 1984 and 1993 was carried out. The mortality rate, morbidity \ncriteria, and risk factors for grave prognosis were compared between a group of \n25 patients who received HBO as part of their treatment protocol and a group of \nthe remaining 12 patients treated by surgical excision and antibiotics alone.', 'developed avascular necrosis, but its absence does not confirm it.\n© 2013 SECOT. Published by Elsevier Espana. All rights reserved.', 'of cases and the index expert agreed with his previous assessments in 71% of \ncases.\nCONCLUSIONS: Doctors specialized in infectious diseases and clinical \nmicrobiology assess the appropriateness of antimicrobials prescribed for a broad \nspectrum of indications with acceptable agreement and validity, regardless of \ntheir experience or hospital of employment. However, there is room for \nimprovement, which merits attention in multidisciplinary discussions and \neducation.\n© The Author 2016. Published by Oxford University Press on behalf of the British \nSociety for Antimicrobial Chemotherapy. All rights reserved. For Permissions, \nplease e-mail: journals.permissions@oup.com.']","The interval from the onset of clinical symptoms to the initial surgical intervention seems to be the most important prognostic factor with a significant impact on outcome. Despite extensive therapeutic efforts, Fournier's gangrene remains a surgical emergency and early recognition with prompt radical debridement is the mainstays of management.",1.0
Does early migraine treatment shorten time to headache peak and reduce its severity?,"Early migraine treatment may lead to a shorter duration from headache onset to its peak, but it does not alleviate headache severity at peak. According to the study, patients treated within 15 minutes of onset had a mean time to peak of 1.9 hours, whereas those who waited for 4 or more hours had a mean time to peak of 8.9 hours. However, early intervention was not associated with reduced headache severity at peak.","['OBJECTIVE: To explore whether early treatment would shorten the duration of \nheadache from headache onset to its peak and reduce headache severity at peak.\nBACKGROUND: Prior clinical studies almost exclusively focused on headache relief \nafter dosing. No data are available on whether early intervention affects the \nduration from headache onset to peak and headache severity at peak.\nMETHODS: Adult migraineurs were enrolled in this observational study from \nmulti-site headache clinics. Patients recorded their migraine experiences via an \nelectronic diary over 1 month. Patients reported the time and pain severity at \nonset, dosing, and peak. We used a linear mixed model to evaluate the impact of \nthe timing of treatment and to adjust for covariates and correlation of', 'the timing of treatment and to adjust for covariates and correlation of \nobservations within subjects.\nRESULTS: A total of 182 patients reported 970 migraine episodes, 620 of which \nwere treated before headaches progressed to peak. Mean time from headache onset \nto peak varied from 1.9 hours to 8.9 hours for patients treated within 15 \nminutes of onset and those who waited for 4 or more hours, respectively. \nHowever, early intervention was not associated with reduced headache severity at \npeak. In multivariate analysis, early treatment, use of triptans, and mild \nmigraine headache in the past 3 months were significantly associated with \nshorter time from onset to headache peak. A separate model indicated that the', 'shorter time from onset to headache peak. A separate model indicated that the \ntiming of medication was not associated with the duration between dosing and \nheadache peak, but use of triptans shortened the time from dosing to headache \npeak.\nCONCLUSIONS: Early treatment and use of triptans may lead to shorter duration \nfrom migraine headache onset to its peak but did not alleviate headache severity \nat peak. This could result in decreased migraine burden by reducing total \nmigraine headache duration.', 'participants (mean age\u2009=\u200919.2 years [standard deviation\u2009=\u20093.3]; 69.5% female; \n36.4% minority), consisting of 84 episodic migraineurs, diagnosed in accordance \nwith International Classification of Headache Disorders (2(nd) edition) criteria \nusing a structured diagnostic interview, and 224 non-migraine controls completed \na computerized dot probe task to assess attentional bias toward headache-related \npictorial stimuli. The task consisted of 192 trials and utilized 2 \nemotional-neutral stimulus pairing conditions (headache-neutral and \nhappy-neutral).\nRESULTS: No within-group differences for reaction time latencies to headache vs \nhappy conditions were found among those with episodic migraine or among the \nnon-migraine controls. Migraine status was unrelated to attentional bias indices', 'non-migraine controls. Migraine status was unrelated to attentional bias indices \nfor both headache (F [1,306]\u2009=\u20090.56, P\u2009=\u2009.45) and happy facial stimuli (F \n[1,306]\u2009=\u20090.37, P\u2009=\u2009.54), indicating a lack of between-group differences. Lack \nof within- and between-group differences was confirmed with repeated measures \nanalysis of variance.\nCONCLUSIONS: In light of the large sample size and prior pilot testing of \npresented images, results suggest that episodic migraineurs do not \ndifferentially attend to headache-related facial stimuli. Given modest evidence \nof attentional biases among chronic headache samples, these findings suggest \npotential differences in attentional processing between chronic and episodic \nheadache subforms.\n© 2012 American Headache Society.']",Early treatment and use of triptans may lead to shorter duration from migraine headache onset to its peak but did not alleviate headache severity at peak. This could result in decreased migraine burden by reducing total migraine headache duration.,1.0
Can medical students contribute to quality assurance programmes in day surgery?,"Yes, medical students can contribute to quality assurance programmes in day surgery. According to the study, 59 final year medical students followed 621 cases, representing a sampling of 14.1% of day surgery cases, and their records and presentations were audited to evaluate their contribution to quality assurance. The study concludes that students can ""actively contribute to QA processes"" and recommends that they have a formally recognized place in day surgery QA programmes. (Document IDs: 2e59c56b-10ab-5f3f-a9ce-ff283fcdd2b6, 9bd5596a-e1fd-5973-91fa-3850a968c3f0, ac47e1ce-31ec-53f3-8fbe-73f521dfdfec)","['CONTEXT AND OBJECTIVES: Health care delivery has undertaken a major shift from \ninpatient management to ambulatory surgical care with increasing emphasis on \nquality assurance (QA) processes. Educational opportunities for medical \nundergraduate programmes are being sought in the day surgery environment. Our \nstudy was undertaken to explore ways in which senior medical students can \nactively contribute to QA processes as part of an undergraduate day surgery \neducational programme.\nSUBJECTS AND METHODS: Health care delivery has undertaken a major shift from \ninpatient management to ambulatory surgical care with increasing emphasis on \nquality assurance (QA) processes. Educational opportunities for medical \nundergraduate programmes are being sought in the day surgery environment. Our', 'undergraduate programmes are being sought in the day surgery environment. Our \nstudy was undertaken to explore ways in which senior medical students can \nactively contribute to the QA processes as part of an undergraduate day surgery \neducational programme.\nSUBJECTS AND METHODS: Fifty-nine final year medical students followed allocated \npatients with common surgical conditions through all phases of the day surgery \nprocess. Students kept records about each case in a log book and also presented \ntheir cases at weekly Problem Based Learning tutorials. An audit of student log \nbooks and review of tutorial records was conducted for the 1996 and 1997 \nacademic years, in order to evaluate student contribution to QA.\nRESULTS: Students followed 621 cases, representing a sampling of 14. 1% day', 'propose solutions. We recommend that students have a formally recognized place \nin day surgery QA programmes, to close the QA loop and to adequately prepare \nthem for medical practice in the 21st century.', 'BACKGROUND: Changes in the spectrum of general surgery and the delivery of \nsurgical care have placed the requirement for a mandatory general surgery \nrotation in the surgical clerkship in question.\nMETHODS: We tested the hypothesis that equal mastery of surgical clerkship \nobjectives can be obtained in a clerkship with and without general surgery. \nStudents chose any two surgical rotations and were assessed by written \nexamination, objective structured clinical examination (OSCE), ward evaluations, \nself-assessment objectives questionnaire, and satisfaction survey.\nRESULTS: Data for 54 students showed no differences in scores between groups on \nany parameter. No specific concerns related to the absence of general surgery \nwere identified.', 'suboptimal. This is especially true for postoperative clinic assessment. \nSame-day admission surgery accounted for most of the cases and was associated \nwith the poorest continuity of care. To provide complete surgical training in an \nera of changing therapeutic modalities and same-day admission surgery, vascular \nprograms must be creative in structuring training to include adequate ambulatory \nexperience.']","Our study confirms that students are able to identify QA issues and propose solutions. We recommend that students have a formally recognized place in day surgery QA programmes, to close the QA loop and to adequately prepare them for medical practice in the 21st century.",1.0
Do familiar teammates request and accept more backup?,"Yes, teammates with greater experience working together requested and accepted backup from one another more than those with lesser experience working together. This is supported by the study's findings, which state: ""Teammates with greater experience working together requested and accepted backup from one another more than those with lesser experience working together."" (Document id='7a902a5b-754a-5ac0-888e-0b38a24bf533')","[""METHOD: The present study used cross-sectional data collected from 51 commercial \nATC teams. Hypotheses were tested using multiple regression analysis.\nRESULTS: Teammates with greater experience working together requested and \naccepted backup from one another more than those with lesser experience working \ntogether. Teammate knowledge consensus and perceived team efficacy appear to \nhave mediated this relationship.\nCONCLUSION: Transactive memory theory extends to high-stress environments in \nwhich members' expertise is highly overlapping. Teammates' shared mental models \nabout one another increase the likelihood that they will request and accept \nbackup.\nAPPLICATION: Teammate familiarity should be considered when choosing among"", 'backup.\nAPPLICATION: Teammate familiarity should be considered when choosing among \npotential replacement team members. Training strategies that accelerate the \ndevelopment of teammate knowledge consensus and team efficacy are warranted.', 'OBJECTIVE: The present study investigated factors that explain when and why \ndifferent groups of teammates are more likely to request and accept backup from \none another when needed in an environment characterized by extreme time pressure \nand severe consequences of error: commercial air traffic control (ATC).\nBACKGROUND: Transactive memory theory states that teammates develop consensus \nregarding the distribution of their relative expertise as well as confidence in \nthat expertise over time and that this facilitates coordination processes. The \npresent study investigated whether this theory could help to explain \nbetween-team differences in requesting and accepting backup when needed.\nMETHOD: The present study used cross-sectional data collected from 51 commercial', ""peers as well as supervisors and included changes in management and leadership: \npromotion to a leadership position as well as expanded or revitalized management \nroles were reported by many participants. The development of leadership capacity \nwas highly valued amongst many graduates, and this capacity was cited by a \nnumber of supervisors and peers. Wider impact in the workplace took the form of \nintroducing workplace innovations such as setting up an AIDS and addiction \nresearch center and research involvement; teaching and training, advocacy, and \ncommunity engagement were other ways in which graduates' influence reached a \nwider target grouping. Beyond the workplace, an intersectoral approach, national \nreach through policy advisory roles to Ministries of Health, policy development,"", 'guiding framework.\nRESULTS: Informal caregivers spoke to several of the determinants of health \noutlined in the PHP model that are implicated in their burden experience: \ngender, income and social status, working conditions, health and social \nservices, social support network, and personal health practises and coping \nstrategies. They recognized the need for improving the CCB to better address \nthese determinants.\nCONCLUSIONS: This study, from the perspective of family caregivers, demonstrates \nthat the CCB is not living up to its full potential in sustaining informal P/EOL \ncaregivers. Effort is required to transform the CCB so that it may fulfill the \npotential it holds for serving as one public health response to caregiver burden']",Transactive memory theory extends to high-stress environments in which members' expertise is highly overlapping. Teammates' shared mental models about one another increase the likelihood that they will request and accept backup.,0.75
Should lower limb fractures be treated surgically in patients with chronic spinal injuries?,"Yes, surgical treatment of lower limb fractures in patients with chronic spinal cord injuries achieved a more reliable consolidation, a free range of motion, low rate of cutaneous complications, and pain associated with the fracture, allowing a quick return to the previous standard of living. According to the provided context, patients who underwent surgical treatment had better clinical results compared to those who received orthopaedic treatment. (Document id: 42a6515a-1d15-54bf-9fc7-67bf09673944 and 53d70462-9f56-50a8-835e-7808cea92cf8)","['been conservative treatment due to the high rate of complications in surgical \ntreatment.\nCONCLUSIONS: Chronic spinal cord injuries patients with lower limb fractures who \nare treated surgically achieved a more reliable consolidation, practically a \nfree range of motion, low rate of cutaneous complications, and pain associated \nwith the fracture. This allows a quick return to the previous standard of \nliving, and should be considered as an alternative to orthopaedic treatment in \nthese patients.', 'OBJECTIVE: To report the outcomes of surgical treatment of lower limb fractures \nin patients with chronic spinal cord injuries.\nMATERIAL AND METHOD: A total of 37 lower limb fractures were treated from 2003 \nto 2010, of which 25 fractures were treated surgically and 12 orthopaedically.\nRESULTS: Patients of the surgical group had better clinical results, range of \nmotion, bone consolidation, and less pressure ulcers and radiological \nmisalignment. No differences were detected between groups in terms of pain, \nhospital stay, and medical complications.\nDISCUSSION: There is no currently consensus regarding the management of lower \nlimb fractures in patients with chronic spinal cord injuries, but the trend has \nbeen conservative treatment due to the high rate of complications in surgical', 'as well as pre-operative films for fracture classification and post-operative CT \nscanogram (per institutional protocol) for version and length measurement of \nboth the nailed and uninjured femurs. Exclusion criteria included bilateral \ninjuries, multiple ipsilateral lower extremity fractures, previous injury, and \nprevious deformity. Of the initial 417 subjects, 355 patients met our inclusion \ncriteria. Other data included in our analysis were age, sex, injury mechanism, \nopen vs. closed fracture, daytime vs. nighttime surgery, mechanism of injury, \nand AO and Winquist classifications. Post-operative femoral version of both \nlower extremities was measured on CT scanogram by an orthopaedic trauma \nfellowship trained surgeon. Standard univariate and multivariate analyses were', 'PURPOSE: This study was designed to compare clinical effectiveness of operative \nwith nonoperative treatment for displaced midshaft clavicular fractures (DMCF).\nMETHODS: We systematically searched electronic databases (MEDILINE, EMBASE, \nCLINICAL, OVID, BIOSIS and Cochrane registry of controlled clinical trials) to \nidentify randomized controlled trials (RCTs) in which operative treatment was \ncompared with nonoperative treatment for DMCF from 1980 to 2012. The \nmethodologic quality of trials was assessed. Data from chosen studies were \npooled with using of fixed-effects and random-effects models with mean \ndifferences and risk ratios for continuous and dichotomous variables, \nrespectively.\nRESULTS: Four RCTs with a total of 321 patients were screened for the present', 'post-operative version for either trauma or non-trauma surgeons (p>0.05 for \nboth).\nCONCLUSIONS: Post-operative version or percentage of DFV >15° did not \nsignificantly differ following IMN of diaphyseal femur fractures between \nsurgeons with and without trauma fellowship training. However, prospective data \nthat removes the inherent bias that the more complex cases are left for the \ntraumatologists are required before a definitive comparison is made.']","Chronic spinal cord injuries patients with lower limb fractures who are treated surgically achieved a more reliable consolidation, practically a free range of motion, low rate of cutaneous complications, and pain associated with the fracture. This allows a quick return to the previous standard of living, and should be considered as an alternative to orthopaedic treatment in these patients.",1.0
Are stroke patients' reports of home blood pressure readings reliable?,"Yes, stroke patients' reports of home blood pressure readings are reliable. According to the study, 90% of booklet recordings were exactly the same as the BP monitor readings, and the average booklet readings were only 0.6 mmHg systolic and 0.3 mmHg diastolic lower than those on the monitor. The study concludes that this group of elderly stroke patients were able to record their BPs reliably at home, with any bias being small and unlikely to affect management.","[""BACKGROUND: Home blood pressure (BP) monitoring is gaining increasing popularity \namong patients and may be useful in hypertension management. Little is known \nabout the reliability of stroke patients' records of home BP monitoring.\nOBJECTIVE: To assess the reliability of home BP recording in hypertensive \npatients who had suffered a recent stroke or transient ischaemic attack.\nMETHODS: Thirty-nine stroke patients (mean age 73 years) randomized to the \nintervention arm of a trial of home BP monitoring were included. Following \ninstruction by a research nurse, patients recorded their BPs at home and \ndocumented them in a booklet over the next year. The booklet readings over a \nmonth were compared with the actual readings downloaded from the BP monitor and"", ""might consider using hypertensive patients' records of home BP monitoring to \nhelp guide treatment decisions."", ""month were compared with the actual readings downloaded from the BP monitor and \nwere checked for errors or selective bias in recording.\nRESULTS: A total of 1027 monitor and 716 booklet readings were recorded. Ninety \nper cent of booklet recordings were exactly the same as the BP monitor readings. \nAverage booklet readings were 0.6 mmHg systolic [95% confidence interval (95% \nCI) -0.6 to 1.8] and 0.3 mmHg diastolic (95% CI -0.3 to 0.8) lower than those on \nthe monitor.\nCONCLUSIONS: This group of elderly stroke patients were able to record their BPs \nreliably at home. Any bias was small and would be unlikely to affect management. \nSince BP readings in a GP surgery are often a poor indication of true BP, GPs \nmight consider using hypertensive patients' records of home BP monitoring to"", 'of 2.3 and a negative coefficient of probability (CP-) of 0.133. PBP gave the \nfollowing results: Sn=72%; Sp=66.7%; PPV=64.3%; NPV=74.1%; CP+=2.16 and CP- = \n0.420.\nCONCLUSION: Systolic BP measured by the nurse in treated hypertensive patients \nis significantly lower than the readings obtained by the physician, and are \nalmost identical to ambulatory BP monitoring. Blood pressure determination by \nthe nurse is desirable not only for diagnosis but also to evaluate the level of \ncontrol of blood pressure during the follow-up of treated hypertensive patients.', 'OBJECTIVES: To determine whether there are differences between blood pressure \n(BP) measured by the nurse (NBP), BP measured by the physician (PBP) and \nself-measured BP in treated hypertensive patients and, if found, to evaluate \ntheir clinical importance.\nMETHOD: An observational study is carried out with hypertensive patients \nrecruited from two village-based community health centres in Catalonia (Spain) \nserving an area with a total population of 2800 inhabitants. All patients \ntreated for hypertension visiting the health centre on a specific day of the \nweek and during the same timetable between October 2000 and May 2001 were \nincluded.\nRESULTS: The difference between physician-systolic BP and nurse-systolic BP was']","This group of elderly stroke patients were able to record their BPs reliably at home. Any bias was small and would be unlikely to affect management. Since BP readings in a GP surgery are often a poor indication of true BP, GPs might consider using hypertensive patients' records of home BP monitoring to help guide treatment decisions.",1.0
Oral mucocele/ranula: Another human immunodeficiency virus-related salivary gland disease?,"Yes, the study suggests that oral mucocele/ranula is an HIV-related salivary gland disease. The evidence is based on the finding that 72 (63.7%) patients with oral mucoceles were HIV positive, and 97.2% of them had ranulas. Additionally, 92.1% of patients with plunging ranulas were HIV positive, indicating a statistically significant association (P < 0.001) between HIV positivity and the presence of ranulas, particularly plunging ranulas.","['mucoceles/ranulas, as observed in HIV-positive patients. Additionally, it \nsuggests a possible clinical link between the two pathologies. The authors \nstrongly support the suggestion that oral mucocele/ranula is an HIV-related \nsalivary gland disease.\nLEVEL OF EVIDENCE: 4.\n© 2014 The American Laryngological, Rhinological and Otological Society, Inc.', 'OBJECTIVES/HYPOTHESIS: To describe clinical characteristics of oral \nmucoceles/ranulas, with a focus on human immunodeficiency virus (HIV)-related \nsalivary gland diseases.\nSTUDY DESIGN: A descriptive and clinical study, with review of patient data.\nMATERIAL AND METHODS: We reviewed 113 referred cases of oral mucocele. The \nfollowing anatomical sites were identified: lip, tongue, and floor of the mouth \n(simple ranulas), as well as plunging ranulas. The age and gender data of the \npatients with oral mucoceles were recorded. The HIV status of the patients and \nother information were reviewed.\nRESULTS: There were 30 (26.5%) males and 83 (73.5%) females. Most patients were \nbelow 30 years of age, with the peak frequency in the first and second decade.', 'below 30 years of age, with the peak frequency in the first and second decade. \nRanula (simple and plunging) represented 84.1% of the mucocele locations. \nMucocele on the lips represented 10.6%. Seventy-two (63.7%) patients were HIV \npositive; and 97.2% of them had ranulas. Thirty-eight (33.6%) patients presented \nwith plunging ranulas; and 92.1% of them were HIV positive, compared with two \npatients presenting with plunging ranulas in the HIV-negative group. These \nresults strongly suggest that an HIV-positive patient is statistically (P < \n0.001) more at risk of presenting with not only a simple, but also a plunging \nranula type.\nCONCLUSION: This study presents a different clinical picture of oral \nmucoceles/ranulas, as observed in HIV-positive patients. Additionally, it', 'OBJECTIVES: The so-called ""globulomaxillary cyst"", described as a fissural cyst, \ncaused by entrapped epithelium between the nasal and maxillary process, is no \nlonger considered for its own entity. Nevertheless, cystic lesions, which \ncorrespond to the previous image of globulomaxillary cysts, do still occur in \ndaily practice. This raises the question to which entities pathological \nprocesses in this particular region actually belong to.\nMATERIALS AND METHODS: In a retrospective study, 17 cases (12 men and 5 women, \n12-59\xa0years old) of primarily diagnosed globulomaxillary cysts are analysed \naccording to clinical, radiological and histological aspects, catamnestic \nprocessed and assigned to a new entity. The results are compared with the', 'processed and assigned to a new entity. The results are compared with the \ninternational literature and draws conclusions on the diagnostic and therapeutic \nprocedure.\nRESULTS: Seven lateral periodontal cysts, four radicular cysts, two keratocystic \nodontogenic tumours, one adenomatoid odontogenic tumour, one periapical \ngranuloma, one residual cyst and one undefined jaw cyst were determined.\nCONCLUSIONS: According to the results of our study and the data from the \ninternational literature, the entity globulomaxillary cyst is no longer \njustified.']","This study presents a different clinical picture of oral mucoceles/ranulas, as observed in HIV-positive patients. Additionally, it suggests a possible clinical link between the two pathologies. The authors strongly support the suggestion that oral mucocele/ranula is an HIV-related salivary gland disease.",1.0
Can the postoperative pain level be predicted preoperatively?,"Yes, the postoperative pain level can be predicted preoperatively. According to the study, significant postoperative pain was correlated with a prior history of surgical pain, duration of prior pain, intensity of preoperative pain, and depression. The study concluded that significant postoperative pain can be expected in situations such as pain after prior surgery, presence of chronic pain sustained for more than six months, intense preoperative pain, and state of depression. (Document id: '3af12f25-0537-5105-ba4f-4f5313790794')","['RESULTS: Significant postoperative pain was correlated with a prior history of \nsurgical pain, with duration of prior pain, with intensity of preoperative pain, \nand with depression.\nDISCUSSION: Significant sustained preoperative pain can favor memory of pain \nleading to postoperative sensitivization of nociception neurons. Intense \npostoperative pain can favor the development of refractory chronic pain.\nCONCLUSION: Significant postoperative pain can be expected in the following \nsituations: pain after prior surgery, presence of chronic pain sustained for \nmore than six months, intense preoperative pain, state of depression.', 'PURPOSE OF THE STUDY: We searched for factors present preoperatively which could \nbe used to predict the intensity of postoperative pain.\nMATERIAL AND METHODS: We undertook a prospective study among all patients aged \nover 18 years who underwent shoulder surgery from January to September 2004 in \nour unit. The study included 86 patients for which the following data were noted \npreoperatively: past history of pain, intensity and duration of prior pain, \ntriggering factors, localization, psychological context. The intensity of the \npostoperative pain was measured on a visual analog scale (VAS); measurements \nwere noted up to 24 hours postop then at one month. Data processing was \nperformed with Statview5.5.\nRESULTS: Significant postoperative pain was correlated with a prior history of', 'was based on validated pain scores (VAS and COMFORT behaviour), applied by \nprotocol. Cumulative opioid doses at 12, 24, 48 h and 7 days postoperatively \nwere compared between groups with the Mann-Whitney test.\nRESULTS: The study group consisted of 24 MAS patients (14 EA; 10 CDH). These \nwere matched to 48 control patients (28 EA; 20 CDH). At none of the time points \ncumulative opioid (median in mg/kg (IQR)) doses significantly differed between \nMAS patients and controls, both with CDH and EA. For example at 24 h \npostoperative for CDH patients cumulative opioid doses were [0.84(0.61-1.83) MAS \nvs. 1.06(0.60-1.36) p=1.0] controls, For EA patients at 24 h the cumulative \nopioid doses were [0.48(0.30-0.75) MAS vs. 0.49(0.35-0.79) p=0.83] controls.', 'MEASUREMENTS: Detailed drug use data contained on the last MDS before death were \nused to examine analgesic management of daily pain. Guidelines from the American \nMedical Directors Association (AMDA) were used to identify analgesics not \nrecommended for use in managing chronic pain in long-term care settings. The \nstudy outcome, regular treatment of daily pain, examined whether patients \nreceived any analgesic, other than those not recommended by AMDA, at least twice \na day for each day of documented daily pain (i.e., 7 days before date of last \nMDS).\nRESULTS: Fifteen percent of hospice residents and 23% of nonhospice residents in \ndaily pain received no analgesics (odds ratio (OR) = 0.57, 95% confidence \ninterval (CI) = 0.45-0.74). A lower proportion of hospice residents (21%) than', 'knowledge of pain self-management, to redress personal misconceptions about pain \ntreatment, and to rehearse an individually scripted patient-physician dialog \nabout pain control. The control group received standardized information on \ncontrolling pain. Data on average pain (0-10 scale) were collected at enrollment \nand 2-week follow-up.\nRESULTS: At enrollment, minority patients had significantly more pain than their \nwhite counterparts (6.0 vs 5.0, P = 0.05). At follow-up, minorities in the \ncontrol group continued to have more pain (6.4 vs 4.7, P = 0.01), whereas in the \nexperimental group, disparities were eliminated (4.0 vs 4.3, P = 0.71). The \neffect of the intervention on reducing disparities was significant (P = 0.04).']","Significant postoperative pain can be expected in the following situations: pain after prior surgery, presence of chronic pain sustained for more than six months, intense preoperative pain, state of depression.",0.75
Are adult body circumferences associated with height?,"Yes, adult body circumferences are associated with height. According to the research, after adjustment for age and race, waist circumference (WC) and hip circumference (HC) scaled to height with significant powers, indicating a relationship between circumferences and height. Specifically, WC and HC scaled to height with powers of 0.76 ± 0.08 and 0.45 ± 0.05, respectively, in men, and 0.80 ± 0.05 and 0.53 ± 0.04, respectively, in women (all P < 0.001). Additionally, incremental increases in circumferences ranged from 0.2 to 0.5 cm per centimeter increase in height.","['demographic and anthropometric data. In addition to height, allometric models \nwere developed for each measure that controlled for age, race, and self-reported \nhealth status.\nRESULTS: After adjustment for age and race, weight scaled to height in men and \nwomen with mean (±SEE) powers of 2.29 ± 0.11 and 1.80 ± 0.07, respectively (both \nP < 0.001). Although univariate circumference-height models were weak or \nnonsignificant, when adjusted for age and race WC and HC scaled to height with \npowers of 0.76 ± 0.08 and 0.45 ± 0.05, respectively, in men and 0.80 ± 0.05 and \n0.53 ± 0.04, respectively, in women (all P < 0.001). Age- and race-adjusted \nincremental increases in circumferences ranged from 0.2 to 0.5 cm per centimeter', 'BACKGROUND: Weight scales as height squared, which is an observation that forms \nthe basis of body mass index (weight/height(2)). If, and how, circumferences, \nincluding waist circumference (WC) and hip circumference (HC), scale to height \nremains unclear, but this is an important consideration when developing \nnormative ranges or applying WC/height and HC/height as risk indexes.\nOBJECTIVE: The study aim was to examine the scaling of weight, WC, and HC to \nheight in NHANES (National Health and Nutrition Examination Survey) III \nparticipants.\nDESIGN: Subjects were adult non-Hispanic white, non-Hispanic black, and Mexican \nAmerican men (n = 7422) and nonpregnant women (n = 7999) who had complete \ndemographic and anthropometric data. In addition to height, allometric models', 'incremental increases in circumferences ranged from 0.2 to 0.5 cm per centimeter \nincrease in height. Both WC/height and HC/height scaled negatively to height in \nmen and women, and WC/HC scaled negatively to height in women only (all P < \n0.001). Health status-adjusted models were similar.\nCONCLUSIONS: Circumferences and related ratios scale significantly to height, \nnotably after adjustment for age and race, across subjects who are \nrepresentative of the US population. These observations have implications for \nthe clinical and epidemiologic use of these anthropometric measures and indexes.', ""underweight (<15th), normal (15th-85th), overweight (85th-95th), and obese (95th \nand above). The attending physician independently completed the body image and \ndescription scale and indicated the figure that most accurately represented the \npatient without reference to BMI standards. Accuracy of the patients', parents', \nand doctors' estimates were statistically compared.\nRESULTS: The sample population consisted of 6.4% underweight, 70.5% normal \nweight, 7.7% overweight, and 15.4% obese. Forty-four percent of parents \nunderestimated children's body size using word descriptions and 47% \nunderestimated using figures. Forty percent of the children underestimated their \nown body size using descriptions and 43% underestimated using figures. The"", 'paternal-offspring BMI for 4654 complete parent-offspring trios in the Avon \nLongitudinal Study of Parents and Children (ALSPAC), using unstandardised and \nstandardised regression analysis. We carried out a sensitivity analysis to \ninvestigate the influence of non-paternity on these associations.\nRESULTS: The strength of association between parental BMI and offspring BMI at \nage 7.5 was similar for both parents. Taking into account correlations between \nmaternal and paternal BMI, performing standardised rather than unstandardised \nregression and carrying out a sensitivity analysis for non-paternity emphasised \nthe robustness of the general similarity of the associations. The associations \nbetween high parental BMI (top decile) and offspring BMI are also similar for \nboth parents.']","Circumferences and related ratios scale significantly to height, notably after adjustment for age and race, across subjects who are representative of the US population. These observations have implications for the clinical and epidemiologic use of these anthropometric measures and indexes.",1.0
Do liquid-based preparations of urinary cytology perform differently than classically prepared cases?,"Yes, liquid-based preparations of urinary cytology perform differently than classically prepared cases. According to the results, liquid-based preparations (ThinPrep and SurePath) showed a higher concordance to the general category of ""positive-malignant"" (96.5% and 94.6%, respectively) compared to classic preparations (92%) (P < .001). Additionally, liquid-based preparations performed better for the exact reference interpretation of high-grade urothelial carcinoma/carcinoma in situ/dysplasia (HGUCA) (P < .001), but no difference was observed for adenocarcinoma challenges.","['CONTEXT: The cytomorphology of liquid-based preparations in urine cytology is \ndifferent than classic slide preparations.\nOBJECTIVES: To compare the performance of liquid-based preparation specimens to \nclassically prepared urine specimens with a malignant diagnosis in the College \nof American Pathologists Interlaboratory Comparison Program in Nongynecologic \nCytology.\nDESIGN: Participant responses between 2000 and 2007 for urine specimens with a \nreference diagnosis of high-grade urothelial carcinoma/carcinoma in \nsitu/dysplasia (HGUCA), squamous cell carcinoma, or adenocarcinoma were \nevaluated. ThinPrep and SurePath challenges were compared with classic \npreparations (smears, cytospins) for discordant responses.\nRESULTS: There were 18 288 pathologist, 11 957 cytotechnologist, and 8086', 'urinary slide types and for the exact reference interpretation of HGUCA (94% \nversus 91.1%; P < .001) but not adenocarcinoma (96.3% versus 95.8%; P = .77) or \nsquamous cell carcinoma (93.6% versus 87.7%; P = .07).\nCONCLUSIONS: Liquid-based preparations performed significantly better in urinary \ncytology challenges when evaluating malignant categories in the College of \nAmerican Pathologists interlaboratory comparison program. The liquid-based \npreparation challenges also performed better for the exact reference \ninterpretation of HGUCA, but no difference was observed for adenocarcinoma \nchallenges. Cytotechnologists perform better than pathologists for all slide \ntypes, as well as those demonstrating HGUCA. These results suggest that', 'RESULTS: There were 18 288 pathologist, 11 957 cytotechnologist, and 8086 \n""laboratory"" responses available. Classic preparations comprised 90% (n = 34 \n551) of urine challenges; 9% (n = 3295) were ThinPrep and 1% (n = 485) were \nSurePath. Concordance to the general category of ""positive-malignant"" was seen \nin 92% of classic preparations, 96.5% of ThinPrep, and 94.6% of SurePath \nchallenges (P < .001). These results were statistically different for the exact \nreference interpretation of HGUCA (P < .001) but not for adenocarcinoma (P = \n.22). Cytotechnologists demonstrate statistically better performance for the \ngeneral category of ""positive-malignant"" compared with pathologists for all \nurinary slide types and for the exact reference interpretation of HGUCA (94%', ""OBJECTIVES: To compare the accuracy achieved by a trained urology nurse \npractitioner (UNP) and consultant urologist in detecting bladder tumours during \nflexible cystoscopy.\nPATIENTS AND METHODS: Eighty-three patients underwent flexible cystoscopy by \nboth the UNP and consultant urologist, each unaware of the other's findings. \nBefore comparing the findings, each declared whether there was tumour or any \nsuspicious lesion requiring biopsy.\nRESULTS: Of 83 patients examined by flexible cystoscopy, 26 were found to have a \ntumour or a suspicious lesion. One tumour was missed by the UNP and one by the \nurologist; each tumour was minute. Analysis using the chance-corrected \nproportional agreement (Kappa) was 0.94, indicating very close agreement."", 'proportional agreement (Kappa) was 0.94, indicating very close agreement.\nCONCLUSION: A UNP can be trained to perform cystoscopy and detect suspicious \nlesions as accurately as can a consultant urologist. Legal and training issues \nin implementation are important.']","Liquid-based preparations performed significantly better in urinary cytology challenges when evaluating malignant categories in the College of American Pathologists interlaboratory comparison program. The liquid-based preparation challenges also performed better for the exact reference interpretation of HGUCA, but no difference was observed for adenocarcinoma challenges. Cytotechnologists perform better than pathologists for all slide types, as well as those demonstrating HGUCA. These results suggest that liquid-based preparations facilitate a more accurate diagnosis than conventional preparations.",1.0
Cardiovascular risk in a rural adult West African population: is resting heart rate also relevant?,"Yes, resting heart rate is also relevant in assessing cardiovascular risk in a rural adult West African population. A study in Ghana found significant associations between resting heart rate (RHR) and several established cardiovascular risk factors, suggesting that RHR could be a valuable marker in cardiovascular risk assessment in this population. (Document ID: 5e73ec3b-6c66-5dc6-99a7-bbcfdbef6ee8)","['INTRODUCTION: Elevated resting heart rate (RHR) is a neglected marker in \ncardiovascular risk factor studies of sub-Saharan African populations. This \nstudy aimed to determine the prevalence of elevated RHR and other risk factors \nfor cardiovascular disease (CVD) and to investigate any associations between RHR \nand these risk factors in a rural population in Ghana.\nDESIGN: Cross-sectional analysis.\nMETHODS: A total of 574 adults aged between 18-65 years were randomly sampled \nfrom a population register. Data collected included those on sociodemographic \nvariables and anthropometric, blood pressure (BP), and RHR measurements. \nWithin-person variability in RHR was calculated using data from repeat \nmeasurements taken 2 weeks apart.', '0.75 (95% CI 0.62-0.89).\nCONCLUSIONS: Significant associations were observed between RHR and several \nestablished cardiovascular risk factors. Prospective studies are needed in \nsub-Saharan African populations to establish the potential value of RHR in \ncardiovascular risk assessment.', 'BACKGROUND: Longitudinal cohort studies in sub-Saharan Africa are urgently \nneeded to understand cardiovascular disease development. We, therefore, explored \nhealth behaviours and conventional risk factors of African individuals with \noptimal blood pressure (BP) (≤ 120/80 mm Hg), and their 5-year prediction for \nthe development of hypertension.\nMETHODS: The Prospective Urban Rural Epidemiology study in the North West \nProvince, South Africa, started in 2005 and included African volunteers (n = \n1994; aged > 30 years) from a sample of 6000 randomly selected households in \nrural and urban areas.\nRESULTS: At baseline, 48% of the participants were hypertensive (≥ 140/90 mmHg). \nThose with optimal BP (n = 478) were followed at a success rate of 70% for 5', 'vascular risk factors. Bilaterally, combining all subjects, CIMT was the only \nfactor that correlated significantly (right: 0.12\u2009≤\u2009r\u2009≤\u20090.41, \n0.018\u2009≤\u2009p\u2009<\u20090.0001; left: 0.18\u2009≤\u2009r\u2009≤\u20090.41, 0.005\u2009≤\u2009p\u2009<\u20090.0001) to all the \ntraditional cardiovascular risk factors assessed.\nCONCLUSION: Our findings support CIMT as a significant indicator of both \ncardiovascular risk and phenotype among adult black Africans. However, specific \nthresholds need to be defined based on prospective studies.\n© The European Society of Cardiology 2014.', 'BACKGROUND: Studies on coronary risk factors in men and women are mainly based \non mortality data and few compare results of both sexes with consistent study \ndesign and diagnostic criteria. This study assesses the major risk factors for \ncoronary events in men and women from the Reykjavik Study.\nDESIGN: Within a prospective, population-based cohort study individuals without \nhistory of myocardial infarction were identified and the relative risk of \nbaseline variables was assessed in relation to verified myocardial infarction or \ncoronary death during follow-up.\nMETHODS: Of the 9681 women and 8888 men who attended risk assessment from \n1967-1991, with follow-up period of up to 28 years, 706 women and 1700 men \nsuffered a non-fatal myocardial infarction or coronary death.']",Significant associations were observed between RHR and several established cardiovascular risk factors. Prospective studies are needed in sub-Saharan African populations to establish the potential value of RHR in cardiovascular risk assessment.,1.0
Reporting and interpreting red blood cell morphology: is there discordance between clinical pathologists and clinicians?,"Yes, there is discordance between clinical pathologists (CPs) and clinicians in reporting and interpreting red blood cell morphology (RBC-M). The study found that CPs and clinicians have different opinions on the clinical relevance of certain RBC-M terms, with CPs considering some terms useful that clinicians do not, and vice versa. Additionally, the study revealed that 28% of clinicians think CPs review all blood smears, while only 19% of CPs report reviewing all smears, indicating a discrepancy in understanding of each other's practices. This discordance can lead to misinterpretation of RBC-M changes and potentially impact medical decisions.","['statistics were used to analyze responses to survey questions, and quiz scores \nwere compared among groups.\nRESULTS: Analyzable responses were obtained from 1662 clinicians and 82 CPs. \nBoth clinicians and CPs considered some terms, e.g., agglutination, useful, \nwhereas only CPs considered other terms, e.g., ghost cells, useful. All groups \ninterpreted certain terms, e.g., Heinz bodies, correctly, whereas some \nclinicians misinterpreted others, e.g., eccentrocytes. Responses revealed that \nCPs often do not report RBC-M they consider insignificant, when present in low \nnumbers. Twenty-eight percent of clinicians think CPs review all blood smears \nwhile only 19% of CPs report reviewing all smears.\nCONCLUSIONS: Important differences about the clinical relevance of certain RBC-M', 'CONCLUSIONS: Important differences about the clinical relevance of certain RBC-M \nterms exist between clinicians and CPs. Inclusion of interpretive comments on \nCBC reports is the clearest way to ensure that RBC-M changes are interpreted as \nintended by the CP. Reporting practices should be examined critically to improve \ncommunication, transparency, and ultimately medical decisions.\n© 2014 American Society for Veterinary Clinical Pathology.', 'BACKGROUND: Clinical pathologists (CPs) report RBC morphologic (RBC-M) changes \nto assist clinicians in prioritizing differential diagnoses. However, reporting \nis subjective, semiquantitative, and potentially biased. Reporting decisions \nvary among CPs, and reports may not be interpreted by clinicians as intended.\nOBJECTIVES: The aims of this study were to survey clinicians and CPs about RBC-M \nterms and their clinical value, and identify areas of agreement and discordance.\nMETHODS: Online surveys were distributed to small animal clinicians via the \nVeterinary Information Network and to CPs via the ASVCP listserv. A quiz \nassessed understanding of RBC-M terms among respondent groups. Descriptive \nstatistics were used to analyze responses to survey questions, and quiz scores', 'validation are likely to include a reduction in the number of core samples \nneeded to achieve a reliable histological diagnosis (and a possible reduction in \nthe risk of tumor cell displacement), reduced procedure time and lower costs.', 'BACKGROUND: Complications associated with blood transfusions have resulted in \nwidespread acceptance of low hematocrit levels in surgical patients. However, \npreoperative anemia seems to be a risk factor for adverse postoperative outcomes \nin certain surgical patients. This study investigated the National Surgical \nQuality Improvement Program (NSQIP) database to determine if preoperative anemia \nin patients undergoing open and laparoscopic colectomies is an independent \npredictor for an adverse composite outcome (CO) consisting of myocardial \ninfarction, stroke, progressive renal insufficiency or death within 30 days of \noperation, or for an increased hospital length of stay (LOS).\nSTUDY DESIGN: Hematocrit levels were categorized into 4 classes: severe,']","Important differences about the clinical relevance of certain RBC-M terms exist between clinicians and CPs. Inclusion of interpretive comments on CBC reports is the clearest way to ensure that RBC-M changes are interpreted as intended by the CP. Reporting practices should be examined critically to improve communication, transparency, and ultimately medical decisions.",1.0
Can tailored interventions increase mammography use among HMO women?,"Yes, tailored interventions can increase mammography use among HMO women. According to the research context, telephone counseling promoted a significantly higher proportion of women having mammograms on schedule (71% vs 61%) compared to usual care alone. Additionally, tailored print communications also showed an increase in mammography use (67% vs 61%) compared to usual care. The study found that telephone counseling was more effective than tailored print materials at promoting being on schedule with screening, particularly among women who were off-schedule during the previous year.","[""interventions will be needed to maintain women's adherence to mammography. \nMedical Subject Headings (MeSH): mammography screening, telephone counseling, \ntailored print communications, barriers."", 'INTERVENTION: Women were randomized to 1 of 3 groups: (1) usual care, (2) \ntailored print communications, and (3) tailored telephone counseling.\nMAIN OUTCOME: Adherence to mammography screening based on self-reports obtained \nduring 1995, 1996, and 1997.\nRESULTS: Compared to usual care alone, telephone counseling promoted a \nsignificantly higher proportion of women having mammograms on schedule (71% vs \n61%) than did tailored print (67% vs 61%) but only after the first year of \nintervention (during 1996). Furthermore, compared to usual care, telephone \ncounseling was more effective than tailored print materials at promoting being \non schedule with screening during 1996 and 1997 among women who were \noff-schedule during the previous year.', 'BACKGROUND: Telephone counseling and tailored print communications have emerged \nas promising methods for promoting mammography screening. However, there has \nbeen little research testing, within the same randomized field trial, of the \nefficacy of these two methods compared to a high-quality usual care system for \nenhancing screening. This study addressed the question: Compared to usual care, \nis tailored telephone counseling more effective than tailored print materials \nfor promoting mammography screening?\nDESIGN: Three-year randomized field trial.\nPARTICIPANTS: One thousand ninety-nine women aged 50 and older recruited from a \nhealth maintenance organization in North Carolina.\nINTERVENTION: Women were randomized to 1 of 3 groups: (1) usual care, (2)', ""off-schedule during the previous year.\nCONCLUSIONS: The effects of the intervention were most pronounced after the \nfirst intervention. Compared to usual care, telephone counseling seemed \nparticularly effective at promoting change among nonadherent women, the group \nfor whom the intervention was developed. These results suggest that telephone \ncounseling, rather than tailored print, might be the preferred first-line \nintervention for getting nonadherent women on schedule for mammography \nscreening. Many questions would have to be answered about why the tailored print \nintervention was not more powerful. Nevertheless, it is clear that additional \ninterventions will be needed to maintain women's adherence to mammography."", ""BACKGROUND: Breast cancer is the most common malignancy afflicting women, and \nthe most common cancer overall in Jordan. A woman's decision to go for screening \nis influenced by her social support network. This study aims to explore \nJordanian men's individual and contextual perspectives on women's breast cancer \nand their own role in the breast health of the females within their families.\nMETHODS: An explorative qualitative design was used to purposively recruit 24 \nmarried men aged 27 to 65\xa0years (median 43\xa0years) from four governorates in \nJordan. Data in the form of interviews transcriptions was subjected to \nqualitative content analysis.\nRESULTS: Three themes were identified: a) Supporting one's wife; b) Marital""]","The effects of the intervention were most pronounced after the first intervention. Compared to usual care, telephone counseling seemed particularly effective at promoting change among nonadherent women, the group for whom the intervention was developed. These results suggest that telephone counseling, rather than tailored print, might be the preferred first-line intervention for getting nonadherent women on schedule for mammography screening. Many questions would have to be answered about why the tailored print intervention was not more powerful. Nevertheless, it is clear that additional interventions will be needed to maintain women's adherence to mammography. Medical Subject Headings (MeSH): mammography screening, telephone counseling, tailored print communications, barriers.",1.0
Is primary angioplasty an acceptable alternative to thrombolysis?,"According to the provided context, specifically Document(id='bed82fe4-8767-5dbe-9e0c-a546889f6ad0'), the National Infarct Angioplasty Project assessed the feasibility of establishing a comprehensive primary angioplasty service. The study found that patient satisfaction with primary angioplasty was comparable to thrombolysis-based care. While the context does not explicitly state that primary angioplasty is an acceptable alternative to thrombolysis, it suggests that patients are satisfied with angioplasty-based care, implying that it could be a viable option. However, a definitive conclusion would require more detailed information on the study's outcomes and results.","['BACKGROUND: SYNTAX score (SxS) has been demonstrated to predict long-term \noutcomes in stable patients with coronary artery disease. But its prognostic \nvalue for patients with acute coronary syndrome remains unknown.\nAIM: To evaluate whether SxS could predict in-hospital outcomes for patients \nadmitted with ST elevation myocardial infarction (STEMI) who undergo primary \npercutaneous coronary intervention (pPCI).\nMETHODS: The study included 538 patients with STEMI who underwent pPCI between \nJanuary 2010 and December 2012. The patients were divided into two groups: low \nSxS (< 22) and high SxS (> 22). The SxS of all patients was calculated from \naninitial angiogram and TIMI flow grade of infarct related artery was calculated', 'BACKGROUND: It is unclear whether intravenous glycoprotein IIb/IIIa inhibitors \nor ischemic time might modify any clinical benefits observed with aspiration \nthrombectomy before primary percutaneous coronary intervention (PCI) in patients \nwith ST-segment-elevation myocardial infarction.\nMETHODS AND RESULTS: Electronic databases were searched for trials that \nrandomized ST-segment-elevation myocardial infarction patients to aspiration \nthrombectomy before PCI versus conventional PCI. Summary estimates were \nconstructed using a DerSimonian-Laird model. Seventeen trials with 20\u2009960 \npatients were available for analysis. When compared with conventional PCI, \naspiration thrombectomy was not associated with a significant reduction in the', 'OBJECTIVE: Myocardial damage that is associated with percutaneous coronary \nintervention (PCI) partially affects the results of the procedure, and is \nrelated to medium-term cardiovascular death. Remote postischemic conditioning \nmight reduce the myocardial lesions that are associated with PCI, but perhaps \nless so in diabetics. The aim of this study was to evaluate the protective \neffect of remote postischemic conditioning in patients undergoing elective PCI \nfor stable angina or non-ST elevation acute coronary syndrome with troponin <1 \nng/ml at the time of randomization.\nMETHODS: This randomized single-blinded single-center clinical trial involved \n320 patients undergoing elective PCI who were randomized to either receive three', 'OBJECTIVE: To evaluate whether a well developed collateral circulation \npredisposes to restenosis after percutaneous coronary intervention (PCI).\nDESIGN: Prospective observational study.\nPATIENTS AND SETTING: 58 patients undergoing elective single vessel PCI in a \ntertiary referral interventional cardiac unit in the UK.\nMETHODS: Collateral flow index (CFI) was calculated as (Pw-Pv)/(Pa-Pv), where \nPa, Pw, and Pv are aortic, coronary wedge, and right atrial pressures during \nmaximum hyperaemia. Collateral supply was considered poor (CFI < 0.25) or good \n(CFI > or = 0.25).\nMAIN OUTCOME MEASURES: In-stent restenosis six months after PCI, classified as \nneointimal volume > or = 25% stent volume on intravascular ultrasound (IVUS), or', 'OBJECTIVE: The National Infarct Angioplasty Project assessed the feasibility of \nestablishing a comprehensive primary angioplasty service. We aimed to compare \nsatisfaction at intervention hospitals offering angioplasty-based care and \ncontrol hospitals offering thrombolysis-based care.\nDESIGN: Mixed methods, with postal survey of patients and their carers, \nsupported by semi-structured interviews.\nSETTING AND PARTICIPANTS: Survey of 682 patients and 486 carers, and interviews \nwith 33 patients and carers, in eight English hospitals.\nINTERVENTIONS: Primary angioplasty or thrombolysis.\nMAIN OUTCOME MEASURES: Satisfaction with treatment.\nRESULTS: Responses were received from 595/682 patients (87%) and 418/486 carers']","Reorganization of care to offer a primary angioplasty service was acceptable to patients and their carers. Satisfaction levels were high regardless of the type of care received, with the exception of discharge and aftercare.",1.0
Informed consent for total hip arthroplasty: does a written information sheet improve recall by patients?,"Yes, a written information sheet improves recall by patients. The study found that patients receiving written information scored significantly higher (48% correct answers) than those receiving verbal information (38% correct answers). This suggests that written information sheets contribute to the process of informed consent and may also be useful medicolegally as a permanent record of what was discussed.","[""OBJECTIVE: To ascertain whether a written information sheet is acceptable to \npatients and improves recall of the consent interview.\nDESIGN: Prospective randomised controlled study using questionnaires, comparing \na group of patients given information in a written sheet with appropriate \nexplanation to a group given verbal information alone.\nSETTING: A specialist orthopaedic surgery unit.\nPATIENTS: The test group was 126 patients undergoing revision or primary total \nhip arthroplasty; 65 patients were given information verbally, 61 patients were \ngiven written information.\nOUTCOME MEASURE: Patients' recall of information given, tested with a \nquestionnaire completed on admission (mean of 18 days later).\nRESULTS: The patients receiving written information scored significantly higher"", ""RESULTS: The patients receiving written information scored significantly higher \n(48% correct answers) than the patients receiving verbal information (38% \ncorrect answers).\nCONCLUSIONS: Written information sheets contribute to the process of informed \nconsent. As patients' recall of information is generally poor, the sheets may \nalso be useful medicolegally, as a permanent record of what was discussed."", 'CONCLUSIONS: This study has shown that mailing out a summary of current evidence \nto surgeons concerning a certain issue is not sufficient to lead to a change in \npractice.', 'OBJECTIVE: : A previous hip fracture more than doubles the risk of a \ncontralateral hip fracture. Pharmacologic and environmental interventions to \nprevent hip fracture have documented poor compliance. The purpose of this study \nwas to examine the cost-effectiveness of prophylactic fixation of the uninjured \nhip to prevent contralateral hip fracture.\nMETHODS: : A Markov state-transition model was used to evaluate the cost and \nquality-adjusted life-years (QALYs) for unilateral fixation of hip fracture \nalone (including internal fixation or arthroplasty) compared with unilateral \nfixation and contralateral prophylactic hip fixation performed at the time of \nhip fracture or unilateral fixation and bilateral hip pad protection.', 'the lecture information to educate patients.\nRESULTS: Twenty-one resident lecture attendants completed the survey. The number \nof CT scans ordered after the lecture stayed constant for 90% (19 of 21) and \ndecreased for 10% (two of 21). The types of CT scans ordered changed after the \nlecture for 14% (three of 21). Thirty-three percent (seven of 21) reported \nincreases in alternative imaging after the lecture, including 24% (five of 21) \nreporting increases in magnetic resonance imaging and 19% (four of 21) reporting \nincreases in ultrasound. Patients directed questions about radiation exposure to \n57% (12 of 21); 38% (eight of 21) used the lecture information to educate \npatients. Referring physicians were interested in the topic, and afterward,']","Written information sheets contribute to the process of informed consent. As patients' recall of information is generally poor, the sheets may also be useful medicolegally, as a permanent record of what was discussed.",1.0
Do instrumental activities of daily living predict dementia at 1- and 2-year follow-up?,"Yes, instrumental activities of daily living (IADL) disabilities can predict dementia at 1- and 2-year follow-up. The study found that participants with IADL disabilities at baseline had a higher conversion rate to dementia (24.4%) compared to those without IADL disabilities (16.7%) at 1-year follow-up. Structural equation modeling (SEM) also showed that IADL disability could help predict dementia in addition to other measured variables at both 1-year (odds ratio (OR) = 2.20, 95% confidence interval (CI) = 1.51-3.13) and 2-year follow-up (OR = 2.11, 95% CI = 1.33-3.33).","['OBJECTIVES: To investigate whether problems in instrumental activities of daily \nliving (IADL) can add to conventionally used clinical measurements in helping to \npredict a diagnosis of dementia at 1- and 2-year follow-up.\nDESIGN: Multicenter prospective cohort study.\nSETTING: Memory clinics in Europe.\nPARTICIPANTS: Individuals aged 55 and older without dementia.\nMEASUREMENTS: IADLs were measured using pooled activities from five \ninformant-based questionnaires. Structural equation modeling (SEM) was used to \ninvestigate the relation between IADLs and dementia. Age, sex, education, \ndepression, and cognitive measures (Mini-Mental State Examination and verbal \nmemory) were included in the model.\nRESULTS: Five hundred thirty-one participants had baseline and 1-year follow-up', 'RESULTS: Five hundred thirty-one participants had baseline and 1-year follow-up \nassessments; 69 (13.0%) of these had developed dementia at 1-year follow-up. At \n2-year follow-up, 481 participants were seen, of whom 100 (20.8%) had developed \ndementia. Participants with IADL disabilities at baseline had a higher \nconversion rate (24.4%) than participants without IADL disabilities (16.7%) \n(chi-square\xa0=\xa04.28, degrees of freedom\xa0=\xa01, P\xa0=\xa0.04). SEM showed that IADL \ndisability could help predict dementia in addition to the measured variables at \n1-year follow-up (odds ratio (OR)\xa0=\xa02.20, 95% confidence interval (CI)\xa0= \n1.51-3.13) and 2-year follow-up (OR\xa0=\xa02.11, 95% CI\xa0=\xa01.33-3.33).\nCONCLUSION: IADL disability is a useful addition to the diagnostic process in a', 'CONCLUSION: IADL disability is a useful addition to the diagnostic process in a \nmemory clinic setting, indicating who is at higher risk of developing dementia \nat 1- and 2-year follow-up.\n© 2011, Copyright the Authors Journal compilation © 2011, The American \nGeriatrics Society.', 'life scores across 30 months as measured by change in SF-12 physical component \nscores.\nDATA COLLECTION/EXTRACTION METHODS: Patient self-report and medical record \nabstraction.\nPRINCIPAL FINDINGS: We found a positive relationship between better process \nscores and higher burden of illness (p<.05). After adjustment for burden of \nillness, using an instrumental variables approach revealed better process is \nassociated with smaller declines in SF-12 scores across a 30-month observation \nwindow (p=.014). The application of the best quartile of process of care to \npatients currently receiving poor process is associated with a 4.24 increment in \ndelta SF-12-physical component summary scores.\nCONCLUSIONS: The use of instrumental variables allowed us to demonstrate a', ""as well as the patient's self assessed health status using the patient's \nquestionnaire Medical Outcome Survey Short Form 36 (SF-36).\nRESULTS: A total of 36 women and 2 men were included in the study (median age: \n43 yrs, median disease duration: 11 yrs). Increased disease activity (total \nBILAG) was shown to be significantly correlated with reduced physical function. \nA greater damage (total SDI) correlated significantly with reduced role function \ndue to emotional limitations. Neither age nor disease duration showed any \nsignificant correlation with health status in this study.\nCONCLUSION: The present study, which is based on internationally accepted \nassessment tools for SLE patients, shows a significant relationship between""]","IADL disability is a useful addition to the diagnostic process in a memory clinic setting, indicating who is at higher risk of developing dementia at 1- and 2-year follow-up.",1.0
Validation of the 2009 TNM version in a large multi-institutional cohort of patients treated for renal cell carcinoma: are further improvements needed?,"The validation of the 2009 TNM version in a large multi-institutional cohort of patients treated for renal cell carcinoma is mentioned in the provided context. According to Document(id='5e69469b-5894-53e7-adf6-a24c52ba8b3a'), the objective of the study was to validate the recently released edition of the TNM staging system for primary tumor classification in kidney cancer. 

The context also mentions that the staging system for kidney tumors is a powerful predictor of cancer-specific survival (CSS). However, it is noted that some of the substages identified by the classification have overlapping prognoses, and other substages include patients with heterogeneous outcomes. 

Furthermore, Document(id='b425799a-906c-54e5-ba36-8aa2e6ec8f37') states that the novel classification of the primary tumor was a powerful independent predictor of CSS, but the substratification of pT1 tumors did not retain an independent predictive role.

Therefore, based on the provided context, it can be concluded that while the 2009 TNM version is a powerful predictor of CSS, further improvements may be needed to address the issues of overlapping prognoses and heterogeneous outcomes in some substages.","['Eur Urol. 2010 Oct;58(4):517-9; discussion 519-21. doi: \n10.1016/j.eururo.2010.08.007.\n    J Urol. 2011 Apr;185(4):1223. doi: 10.1016/j.juro.2010.12.087.\nBACKGROUND: A new edition of the TNM was recently released that includes \nmodifications for the staging system of kidney cancers. Specifically, T2 cancers \nwere subclassified into T2a and T2b (< or =10 cm vs >10 cm), tumors with renal \nvein involvement or perinephric fat involvement were classified as T3a cancers, \nand those with adrenal involvement were classified as T4 cancers.\nOBJECTIVE: Our aim was to validate the recently released edition of the TNM \nstaging system for primary tumor classification in kidney cancer.\nDESIGN, SETTING, AND PARTICIPANTS: Our multicenter retrospective study consisted', 'system for kidney tumors is a powerful predictor of CSS. However, some of the \nsubstages identified by the classification have overlapping prognoses, and other \nsubstages include patients with heterogeneous outcomes. The few modifications \nincluded in this edition may have not resolved the most critical issues in the \nprevious version.', 'BACKGROUND/AIMS: The clinical and prognostic value of the previous node \nclassification of TNM staging in early gastric cancer (EGC) has been less \ndefinitive. The aim was to assess the suitability of the revised node staging \nfor prediction of clinical behavior of EGC.\nMETHODOLOGY: Between 2005 and 2008, 1,845 patients were diagnosed with EGC and \nunderwent surgery at Severance Hospitals. Clinicopathological characteristics \nwere analyzed with comparisons between sixth and seventh TNM staging.\nRESULTS: When comparing IB with IIA upstaged based on seventh staging, poor \ndifferentiation, signet ring cell, diffuse, undifferentiated types, perineural \ninvasion (PNI), larger size and younger age, were more significantly associated', 'validation are likely to include a reduction in the number of core samples \nneeded to achieve a reliable histological diagnosis (and a possible reduction in \nthe risk of tumor cell displacement), reduced procedure time and lower costs.', 'patients with pT2b and pT3a tumors had similar CSS, as did patients with pT3c \nand pT4 tumors. Moreover, both pT3a and pT3b stages included patients with \nheterogeneous outcomes. In multivariable analysis, the novel classification of \nthe primary tumor was a powerful independent predictor of CSS (p for trend \n<0.0001). However, the substratification of pT1 tumors did not retain an \nindependent predictive role. The major limitations of the study are \nretrospective design, lack of central pathologic review, and the small number of \npatients included in some substages.\nCONCLUSIONS: The recently released seventh edition of the primary tumor staging \nsystem for kidney tumors is a powerful predictor of CSS. However, some of the']","The recently released seventh edition of the primary tumor staging system for kidney tumors is a powerful predictor of CSS. However, some of the substages identified by the classification have overlapping prognoses, and other substages include patients with heterogeneous outcomes. The few modifications included in this edition may have not resolved the most critical issues in the previous version.",1.0
Does topical ropivacaine reduce the post-tonsillectomy morbidity in pediatric patients?,"Yes, topical ropivacaine reduces post-tonsillectomy morbidity in pediatric patients. The study found that locally administered 1.0% ropivacaine significantly relieved pain in pediatric tonsillectomy patients and reduced post-operative analgesic requirements after the first hour, with no systemic side effects reported. (Document id: 7ed20a79-7a1a-5969-a6f0-04d47721facf)","['patients in this study suffered systemic side effects related to the use of this \nmedication.\nCONCLUSION: Locally 1.0% ropivacaine administration significantly relieves the \npain of pediatric tonsillectomy and, it is a safe and effective method. High \nconcentrations of ropivaciane may produce clinically significant pain relief. It \nis more effective to reduce of post-operative analgesic requirement after first \nhour.', ""OBJECTIVES: To determine whether post-operative administration of topical \nropivacaine hydrochloride decreases morbidity following adenotonsillectomy.\nSTUDY DESIGN: Prospective, randomized, double-blind clinical trial.\nSETTING: University referral center; ENT Department.\nPARTICIPANTS: Fourty one children, aged 4-16 years, undergoing tonsillectomy.\nMETHODS: Patients received 1.0% ropivacaine hydrochloride soaked swabs packed in \ntheir tonsillar fossae while the control group received saline-soaked swabs. Mc \nGrath's face scale was used to compare the two groups in respect of pain \ncontrol. Chi-square and two-tailed unpaired Student's t-tests or \nMann-Whitney-U-tests were used to compare the two independent groups. As 10 we"", 'majority were children. In our audit we found no difference with regard to grade \nof surgeons, method of hemostasis in the outcome of surgery. Moreover, \npostoperative antibiotics had no role in pain control, postoperative fever, \nsecondary hemorrhage or reduction in hospital stay. The administration of \nanalgesics on the basis of, as required, had poor pain control.\nCONCLUSION: Post tonsillectomy antibiotics did not prove to have a role in \nminimizing postoperative morbidity. Moreover, analgesics given on the basis of \nas required had a limited value.', 'P = .002) but not when compared with NTHs (OR, 1.19; 95% CI, 0.89-1.59; P = \n.23). The CTHs were significantly more likely to care for patients with \ncomorbidities (P < .001).\nCONCLUSION: Significant differences in costs, outcomes, and patient factors \nexist for inpatient tonsillectomy based on hospital type. Although reasons for \nthese differences are not discernable using isolated claims data, findings \nprovide a foundation to further evaluate patient, institutional, and \nsystem-level factors that may reduce cost of care and improve value for \ninpatient tonsillectomy.\n© American Academy of Otolaryngology—Head and Neck Surgery Foundation 2015.', 'Mann-Whitney-U-tests were used to compare the two independent groups. As 10 we \nmade 11 comparison between groups, for Bonferroni correction, p<0.005 was \naccepted as statistically significant.\nRESULTS: Only first hour there was no significant pain-relieving effect seen in \nthe ropivacaine group (p>0.05). The other hours and days there were \nstatistically significance between the two groups (p<0.001). Also, the other \npost-operative parameters such as nausea, fever, vomiting, odor, bleeding, \notalgia and trismus were not statistically different between the two groups. \nThere were no complications associated with ropivacaine hydrochloride. No \npatients in this study suffered systemic side effects related to the use of this \nmedication.']","Locally 1.0% ropivacaine administration significantly relieves the pain of pediatric tonsillectomy and, it is a safe and effective method. High concentrations of ropivaciane may produce clinically significant pain relief. It is more effective to reduce of post-operative analgesic requirement after first hour.",1.0
Risk stratification in emergency surgical patients: is the APACHE II score a reliable marker of physiological impairment?,"The APACHE II score can be a reliable marker of physiological impairment for risk stratification in emergency surgical patients, but its accuracy is dependent on when it is measured. According to the provided context, the APACHE II score measured before surgical treatment is essential for risk stratification (Document id='c0dc83eb-180c-5899-9e00-c1c6b77492d0'). 

The APACHE II score at admission to the ICU was approximately 36% greater than the initial APACHE II score, indicating a significant difference (P<.001) (Document id='60c1e5ed-9d98-5eea-908e-8b8c86dbdb5b'). However, the predicted mortality according to the APACHE II score at admission to the ICU was significantly different from the observed mortality rate (P = .02), suggesting that the APACHE II score at admission to the ICU may not be a reliable marker of physiological impairment.

In contrast, the overall mortality of 32% favorably corresponds with the predicted mortality of 34% according to the initial APACHE II score (Document id='60c1e5ed-9d98-5eea-908e-8b8c86dbdb5b'). This suggests that the initial APACHE II score may be a more reliable marker of physiological impairment for risk stratification in emergency surgical patients. 

Therefore, based on the provided context, the APACHE II score can be a reliable marker of physiological impairment for risk stratification in emergency surgical patients, but it is essential to measure it before surgical treatment.","['HYPOTHESES: The APACHE II (Acute Physiology and Chronic Health Evaluation II) \nscore used as an intensive care unit (ICU) admission score in emergency surgical \npatients is not independent of the effects of treatment and might lead to \nconsiderable bias in the comparability of defined groups of patients and in the \nevaluation of treatment policies. Postoperative monitoring with the APACHE II \nscore is clinically irrelevant.\nDESIGN: Inception cohort study.\nSETTING: Secondary referral center.\nPATIENTS: Eighty-five consecutive emergency surgical patients admitted to the \nsurgical ICU in 1999. The APACHE II score was calculated before surgery; after \nadmission to the ICU; and on postoperative days 3, 7, and 10.\nMAIN OUTCOME MEASURES: APACHE II scores and predicted and observed mortality', 'survivors and patients who died was statistically significant on day 10 (P \n=.04).\nCONCLUSIONS: For risk stratification in emergency surgical patients, it is \nessential to measure the APACHE II score before surgical treatment. Longitudinal \nAPACHE II scoring reveals continuous improvement of the score in surviving \npatients but has no therapeutic relevance in the individual patient.', 'MAIN OUTCOME MEASURES: APACHE II scores and predicted and observed mortality \nrates.\nRESULTS: The mean +/- SD APACHE II score of 24.2 +/- 8.3 at admission to the ICU \nwas approximately 36% greater than the initial APACHE II score of 17.8 +/- 7.7, \na difference that was highly statistically significant (P<.001). The overall \nmortality of 32% favorably corresponds with the predicted mortality of 34% \naccording to the initial APACHE II score. However, the predicted mortality of \n50% according to the APACHE II score at admission to the ICU was significantly \ndifferent from the observed mortality rate (P =.02). In 40 long-term patients \n(>/=10 days in the ICU), the difference between the APACHE II scores of \nsurvivors and patients who died was statistically significant on day 10 (P \n=.04).', 'stratified for SSI. In both databases, VHRS, VHWG, and Centers for Disease \nControl and Prevention overestimated risk of SSO and SSI, whereas HW-RAT and \nACS-NSQIP underestimated risk for all groups.\nCONCLUSIONS: All five existing predictive models have limited ability to \nrisk-stratify patients and accurately assess risk of SSO. However, both the VHRS \nand ACS-NSQIP demonstrate modest success in identifying patients at risk for \nSSI. Continued model refinement is needed to improve the two highest performing \nmodels (VHRS and ACS-NSQIP) along with investigation to determine whether \nmodifications to perioperative management based on risk stratification can \nimprove outcomes.', 'PRINCIPAL FINDINGS: For the admissions we studied, we found a broad range of \nhospital performance when we ranked hospitals using the 30-day data; some \nhospitals had much lower than predicted 30-day mortality rates, while others had \nmuch higher than predicted mortality rates. Data from the time period 31-180 \ndays postadmission yield results that corroborate the 0-30 day postadmission \ndata. Moreover, we found evidence that hospital performance on one condition is \nrelated to performance on the other conditions, but that the correlation is much \nweaker in the 31-180-day interval than in the 0-30-day period. Using ROC curves, \nwe found that the 30-day data discriminated the top and bottom fifths of the \n180-day data extremely well, especially for AMI outcomes.']","For risk stratification in emergency surgical patients, it is essential to measure the APACHE II score before surgical treatment. Longitudinal APACHE II scoring reveals continuous improvement of the score in surviving patients but has no therapeutic relevance in the individual patient.",1.0
Should general practitioners call patients by their first names?,"Yes, general practitioners should consider calling patients by their first names, particularly with younger patients. According to the research, most patients (223 liked and 175 did not mind) were accepting of being called by their first names, with only 77 patients (mostly aged over 65) disliking it. (Document id: 'd242defc-f056-595b-a9bb-2f6425c0d369')","[""OBJECTIVE: To assess the acceptability to patients of the use of patients' first \nnames by doctors and doctors' first names by patients in general practice.\nDESIGN: An administered questionnaire survey.\nSETTING: 5 General practices in Lothian.\nPATIENTS: 475 Patients consulting 30 general practitioners.\nMAIN OUTCOME MEASURE: Response by patients to questionnaire on attitude to use \nof first names.\nRESULTS: Most of the patients either liked (223) or did not mind (175) being \ncalled by their first names. Only 77 disliked it, most of whom were aged over \n65. Most patients (324) did not, however, want to call the doctor by his or her \nfirst name.\nCONCLUSIONS: General practitioners should consider using patients' first names \nmore often, particularly with younger patients."", ""AIMS: To determine the impact of a physician's specialty on the frequency and \ndepth of medication history documented in patient medical records.\nMETHODS: A cross-sectional assessment of the frequency and depth of medication \nhistory information documented by 123 physicians for 900 randomly selected \npatients stratified across Cardiology, Chest, Dermatology, Endocrine, \nGastroenterology, Haematology, Neurology, Psychiatry and Renal specialties was \ncarried out at a 900-bed teaching hospital located in Ibadan, Nigeria.\nRESULTS: Four hundred and forty-three (49.2%) of the cohort were males and 457 \n(50.8%) were females; with mean ages 43.2 +/- 18.6 and 43.1 +/- 17.9 years \nrespectively. Physicians' specialties significantly influenced the depth of"", 'CONCLUSIONS: Having a regular primary care clinician is embraced in pediatrics, \nalthough team care among physicians is also widely practiced. For young \nchildren, having a regular clinician is associated with modest gains in \ninterpersonal quality and no differences in content of anticipatory guidance. \nThe benefit of having a regular clinician may primarily occur in interpersonal \nquality for subgroups of young children.', 'BACKGROUND: Family medicine has aspired to train residents and conduct research \nin settings that closely resemble community practice. The purpose of this study \nwas to compare the patient characteristics of the ambulatory teaching centers of \na consortium of seven community-based university-affiliated family practice \nresidency programs in northeast Ohio with the National Ambulatory Medical Care \nSurvey (NAMCS) results for family physicians (FPs) and general practitioners \n(GPs).\nMETHODS: Ninety-eight faculty and resident physicians at the residency training \nsite of the Northeastern Ohio Universities College of Medicine collected data on \nall ambulatory patient visits (N = 1498) for one randomly chosen week between', 'developing skills of junior medical students, who had greater involvement in \npatient consultations than previously reported for urban students. Our study \nextends the findings from urban general practice that patients are underutilised \npartners in community-based medical training. The support of patients from \nregional and rural settings could facilitate the expansion of primary care-based \nmedical education in these areas of workforce need.']","General practitioners should consider using patients' first names more often, particularly with younger patients.",0.75
Amblyopia: is visual loss permanent?,"No, visual loss in amblyopia is not always permanent. According to the provided context, older people with a history of amblyopia who develop visual loss in the previously normal eye can experience recovery of visual function in the amblyopic eye over a period of time. The mean improvement in distance and near acuity in amblyopic eyes by 12 months was 3.3 and 1.9 lines logMAR respectively, and this improvement appears to be sustained. (Document id='6e2d8845-a046-52ed-90c7-a89a35e6efed') Additionally, a six-month treatment of amblyopia has been shown to significantly increase the mean visual acuity of the amblyopic eyes. (Document id='ad6f3cc0-c90c-5c6c-892d-3e193579e658')","['could not be attributed to treatment of other existing pathology.\nRESULTS: 12 such cases were detected. In nine of these the eye showing \nimprovement of acuity had a history of amblyopia. The mean improvement in \ndistance and near acuity in amblyopic eyes by 12 months was 3.3 and 1.9 lines \nlogMAR respectively. The improvement in acuity generally occurred between 1 and \n12 months from baseline and remained stable over the period of follow up.\nCONCLUSIONS: Older people with a history of amblyopia who develop visual loss in \nthe previously normal eye can experience recovery of visual function in the \namblyopic eye over a period of time. This recovery in visual function occurs in \nthe wake of visual loss in the fellow eye and the improvement appears to be \nsustained.', 'AIM: To ascertain whether recovery of visual function in amblyopic eyes is \nlikely to occur when the fellow eye is lost as a result of age related macular \ndegeneration.\nMETHODS: The records of 465 patients with an established diagnosis of age \nrelated macular degeneration who had attended a specialist macular clinic \nbetween 1990 and 1998 were scrutinised. A full clinical examination and \nstandardised refraction had been carried out in 189 of these cases on a minimum \nof two occasions. Cases were looked for where an improvement of one or more \nlines of either distance or near acuity was recorded in the eye unaffected by \nmacular disease. In each one of these cases the improvement in visual acuity \ncould not be attributed to treatment of other existing pathology.', '(Precision Vision) which mimic the ETDRS charts were used to assess visual \nacuity. Three out of 5 optotypes per line had to be correctly identified, while \nwrong answers were monitored. In the group of patients, the eyes with the lower \nvisual acuity, and the right eyes of the healthy subjects, were evaluated.\nRESULTS: Differences between Landolt C acuity (LR) and Snellen E acuity (SE) \nwere small. The mean decimal values for LR and SE were 0.25 and 0.29 in the \nentire group and 0.14 and 0.16 for the eyes with strabismus amblyopia. The mean \ndifference between LR and SE was 0.55 lines in the entire group and 0.55 lines \nfor the eyes with strabismus amblyopia, with higher values of SE in both groups. \nThe results of the other groups were similar with only small differences between', 'BACKGROUND: Assessment of visual acuity depends on the optotypes used for \nmeasurement. The ability to recognize different optotypes differs even if their \ncritical details appear under the same visual angle. Since optotypes are \nevaluated on individuals with good visual acuity and without eye disorders, \ndifferences in the lower visual acuity range cannot be excluded. In this study, \nvisual acuity measured with the Snellen E was compared to the Landolt C acuity.\nPATIENTS AND METHODS: 100 patients (age 8 - 90 years, median 60.5 years) with \nvarious eye disorders, among them 39 with amblyopia due to strabismus, and 13 \nhealthy volunteers were tested. Charts with the Snellen E and the Landolt C \n(Precision Vision) which mimic the ETDRS charts were used to assess visual', 'correction of the refractive error with eyeglasses, a refractive adaptation \nphase and occlusion by patching the fellow eye.\nRESULTS: The mean visual acuity of the amblyopic eyes significantly increased \nfrom 0.35\u2009±\u20090.3 to 0.16\u2009±\u20090.2 logMAR after the treatment (p\u2009<\u20090.001). The mean \ninitial choroidal thickness was significantly higher in the amblyopic eyes than \nin the fellow eyes (p\u2009=\u20090.019). There were no significant differences between \nthe pre- and post-treatment mean choroidal thickness in the amblyopic eyes \n(p\u2009=\u20090.428) and in the fellow eyes (p\u2009=\u20090.343). The mean choroidal thickness was \nstill higher in the amblyopic eyes than in the fellow eyes after the treatment \n(p\u2009=\u20090.006).\nCONCLUSIONS: Although a six-month treatment of amblyopia increased the visual']",Older people with a history of amblyopia who develop visual loss in the previously normal eye can experience recovery of visual function in the amblyopic eye over a period of time. This recovery in visual function occurs in the wake of visual loss in the fellow eye and the improvement appears to be sustained.,1.0
Is there a role for fondaparinux in perioperative bridging?,"The role of fondaparinux in perioperative bridge therapy has not been established. According to the provided context, fondaparinux's extended half-life of 17-21 hours complicates its use as a perioperative bridging therapy, and there are some important limitations to its use as a routine bridging agent. However, it may have a role in bridge therapy for patients in whom low-molecular-weight heparin or inpatient use of i.v. unfractionated heparin is not possible, is contraindicated, or has limited efficacy.","['contraindicated, or has limited efficacy, such as a patient with history of \nheparin-induced thrombocytopenia or antithrombin III deficiency. Fondaparinux \nmay have a role in bridge therapy for these patients.\nCONCLUSION: The role of fondaparinux in perioperative bridge therapy has not \nbeen established, and there are some important limitations to its use as a \nroutine bridging agent.', ""PURPOSE: A possible role for fondaparinux as a bridging agent in the \nperioperative setting is explored.\nSUMMARY: Anticoagulation guidelines provide minimal direction on the \nperioperative use of fondaparinux. Fondaparinux's extended half-life of 17-21 \nhours complicates its use as a perioperative bridging therapy. The ideal time \nfor discontinuation before surgery is an issue, particularly in surgeries with a \nhigh bleeding risk or in which neuraxial anesthesia is used. Guidance for \nperioperative bridging with fondaparinux must be derived from pharmacokinetic \ndata, surgical prophylaxis trials, case reports, and anesthesia guidelines. \nPublished trials used fondaparinux sodium 2.5 mg daily for venous \nthromboembolism prophylaxis in surgical patients, and the majority avoided its"", 'thromboembolism prophylaxis in surgical patients, and the majority avoided its \nuse before surgery in patients receiving neuraxial anesthesia. Three case \nreports cited the use of fondaparinux sodium as perioperative bridge therapy; \none used a 2.5-mg dose, and the other two used a full treatment dose of 7.5 mg. \nFurthermore, professional anesthesia guidelines conflict in their \nrecommendations regarding the timing of drug administration with neuraxial \ncatheter use. For these reasons, it may be optimal to avoid fondaparinux use \nbefore surgery. In some instances, the use of low-molecular-weight heparin or \ninpatient use of i.v. unfractionated heparin is not possible, is \ncontraindicated, or has limited efficacy, such as a patient with history of', 'ibuprofen group and six in the placebo group to terminate their participation in \nthe trial. The perioperative blood loss increased by 45% in the ibuprofen group \ncompared with placebo. The total (+/-SD) blood loss in the ibuprofen group was \n1161 (+/-472) mL versus 796 (+/-337) mL in the placebo group.\nCONCLUSIONS: Pretreatment with ibuprofen before elective total hip surgery \nincreases the perioperative blood loss significantly. Early discontinuation of \nnon-selective non-steroidal anti-inflammatory drugs is advised.', 'BACKGROUND AND OBJECTIVE: To determine whether prior exposure of non-steroidal \nanti-inflammatory drugs increases perioperative blood loss associated with major \northopaedic surgery.\nMETHODS: Fifty patients scheduled for total hip replacement were allocated to \ntwo groups (double blind, randomized manner). All patients were pretreated for 2 \nweeks before surgery: Group 1 with placebo drug, Group 2 with ibuprofen. All \npatients were injected intrathecally with bupivacaine 20mg plus morphine 0.1 mg, \nin a total volume of 4 mL, to provide surgical anaesthesia.\nRESULTS: The presence of severe adverse effects caused eight patients in the \nibuprofen group and six in the placebo group to terminate their participation in']","The role of fondaparinux in perioperative bridge therapy has not been established, and there are some important limitations to its use as a routine bridging agent.",1.0
Does context matter for the relationship between deprivation and all-cause mortality?,"The provided context suggests that the relationship between deprivation and all-cause mortality does not significantly vary by region in Scotland. According to Document (id='b19b4c60-7bac-59ca-baad-2b078c9ea48f'), ""this relation does not vary between regions in any of the models."" This result is further supported by Document (id='cb46f3e7-8ca0-5f61-a756-2c664420d75e'), which states that ""The rejection of the hypothesis of spatial heterogeneity in the relationship between socio-economic deprivation and mortality complements prior research on the stability of the deprivation-mortality relationship over time."" Therefore, the context indicates that the relationship between deprivation and mortality is consistent across different regions in Scotland, suggesting that context may not play a significant role in modifying this relationship.","['BACKGROUND: A growing body of research emphasizes the importance of contextual \nfactors on health outcomes. Using postcode sector data for Scotland (UK), this \nstudy tests the hypothesis of spatial heterogeneity in the relationship between \narea-level deprivation and mortality to determine if contextual differences in \nthe West vs. the rest of Scotland influence this relationship. Research into \nhealth inequalities frequently fails to recognise spatial heterogeneity in the \ndeprivation-health relationship, assuming that global relationships apply \nuniformly across geographical areas. In this study, exploratory spatial data \nanalysis methods are used to assess local patterns in deprivation and mortality. \nSpatial regression models are then implemented to examine the relationship', 'Spatial regression models are then implemented to examine the relationship \nbetween deprivation and mortality more formally.\nRESULTS: The initial exploratory spatial data analysis reveals concentrations of \nhigh standardized mortality ratios (SMR) and deprivation (hotspots) in the West \nof Scotland and concentrations of low values (coldspots) for both variables in \nthe rest of the country. The main spatial regression result is that deprivation \nis the only variable that is highly significantly correlated with all-cause \nmortality in all models. However, in contrast to the expected spatial \nheterogeneity in the deprivation-mortality relationship, this relation does not \nvary between regions in any of the models. This result is robust to a number of', 'BACKGROUND: This paper investigates the impact of geographic scale (census \ntract, zip code, and county) on the detection of disparities in breast cancer \nmortality among three ethnic groups in Texas (period 1995-2005). Racial \ndisparities were quantified using both relative (RR) and absolute (RD) \nstatistics that account for the population size and correct for unreliable rates \ntypically observed for minority groups and smaller geographic units. Results \nwere then correlated with socio-economic status measured by the percentage of \nhabitants living below the poverty level.\nRESULTS: African-American and Hispanic women generally experience higher \nmortality than White non-Hispanics, and these differences are especially', 'across the regions of Scotland and the absence of a contextualized effect of \nregion highlights the importance of taking a broader strategic policy that can \ncombat the toxic impacts of socio-economic deprivation on health. Focusing on a \nfew specific places (e.g. 15% of the poorest areas) to concentrate resources \nmight be a good start but the impact of socio-economic deprivation on mortality \nis not restricted to a few places. A comprehensive strategy that can be \nsustained over time might be needed to interrupt the linkages between poverty \nand mortality.', 'vary between regions in any of the models. This result is robust to a number of \nspecifications, including weighting for population size, controlling for spatial \nautocorrelation and heteroskedasticity, assuming a non-linear relationship \nbetween mortality and socio-economic deprivation, separating the dependent \nvariable into male and female SMRs, and distinguishing between West, North and \nSoutheast regions. The rejection of the hypothesis of spatial heterogeneity in \nthe relationship between socio-economic deprivation and mortality complements \nprior research on the stability of the deprivation-mortality relationship over \ntime.\nCONCLUSIONS: The homogeneity we found in the deprivation-mortality relationship \nacross the regions of Scotland and the absence of a contextualized effect of']",The homogeneity we found in the deprivation-mortality relationship across the regions of Scotland and the absence of a contextualized effect of region highlights the importance of taking a broader strategic policy that can combat the toxic impacts of socio-economic deprivation on health. Focusing on a few specific places (e.g. 15% of the poorest areas) to concentrate resources might be a good start but the impact of socio-economic deprivation on mortality is not restricted to a few places. A comprehensive strategy that can be sustained over time might be needed to interrupt the linkages between poverty and mortality.,1.0
Does a colonoscopy after acute diverticulitis affect its management?,"No, a colonoscopy after acute diverticulitis does not affect its management. According to the study, ""Our results suggest that colonoscopy does not affect the management of patients with acute diverticulitis nor alter the outcome."" (Document id='be68c8a3-2855-5f7e-923e-3e10e8e31e2d' and Document id='5be34c81-be8c-50d6-87de-3cdb92ee6d5e')","[""BACKGROUND/GOALS: Clinical diagnosis of acute diverticulitis is currently \nconfirmed by an abdominal computerized tomography (CT). Common practice has been \nto perform a colonoscopy after the event to exclude other diagnoses, mainly \ncolon cancer. Our aim was to evaluate the yield of an early colonoscopy.\nMETHODS: Medical records of 220 patients hospitalized for acute diverticulitis \nbetween June 1, 2002 and September 1, 2009 were reviewed. Acute diverticulitis \nwas diagnosed by clinical criteria and characteristic CT findings. Fifteen \npatients were excluded either because of questionable CT or hematochezia. Mean \nage was 61.8±14.3 years (61% females). Clinical parameters, laboratory results, \nimaging, endoscopic and histopathological reports, and long-term patients'"", 'of patients with acute diverticulitis nor alter the outcome. The current \npractice of a routine colonoscopy after acute diverticulitis, diagnosed by \ntypical clinical symptoms and CT needs to be reevaluated.', ""imaging, endoscopic and histopathological reports, and long-term patients' \noutcome were analyzed.\nRESULTS: One hundred patients (aged 61.8±13.3 y, 54.1% females), underwent an \nearly (4 to 6 wk) colonoscopy after hospital discharge. There were no \nsignificant differences in patients' characteristics or survival between those \nwith or without colonoscopy (4±1.9 vs. 4.2±2.1 y, P=0.62). No colonic malignancy \nwas detected. However, in 32 patients (32%) at least 1 polyp was found. Only 1 \nwas determined as an advanced adenoma. No new or different diagnosis was made \nafter colonoscopy.\nCONCLUSIONS: Our results suggest that colonoscopy does not affect the management \nof patients with acute diverticulitis nor alter the outcome. The current"", 'discard approach would have resulted in a saving of $319.77 per patient.\nCONCLUSION: Endoscopists within a tertiary care setting can accurately predict \ndiminutive polyp histology and confer an appropriate surveillance interval with \nan associated financial benefit to the healthcare system. However, limitations \nto its application in the community setting exist, which may improve with \nfurther training and high-definition colonoscopes.\n© 2015 Royal Australasian College of Physicians.', 'patient group were more satisfied with their procedure. The majority of \npatients, regardless of access, were more likely to receive endoscopic results \nfrom a gastroenterologist than the referring physician. Furthermore, the \npatients in the GI clinic group who underwent colonoscopy felt significantly \nbetter at follow-up.\nCONCLUSIONS: Patients undergoing open access procedures are less likely to be \nproperly informed about their endoscopic procedure. Our results indicate that \nwith open access endoscopy, a defined mechanism needs to be in place for \ncommunication of endoscopic results to the patient.']","Our results suggest that colonoscopy does not affect the management of patients with acute diverticulitis nor alter the outcome. The current practice of a routine colonoscopy after acute diverticulitis, diagnosed by typical clinical symptoms and CT needs to be reevaluated.",1.0
Is late-night salivary cortisol a better screening test for possible cortisol excess than standard screening tests in obese patients with Type 2 diabetes?,"No, late-night salivary cortisol is not a better screening test for possible cortisol excess than standard screening tests in obese patients with Type 2 diabetes. The specificity of late-night salivary cortisol (cutoff 10 nmol/L) was 70% (95% CI 53-83%), which was significantly less than the 24-hour urine-free cortisol (UFC) test (90% specificity, 76-97% CI) (P=0.039). This suggests that 24-hour UFC is a more specific test for cortisol excess in this population.","['hypercortisolism.\nRESULTS: The patients had a mean age and BMI of 56 years (range 31-75) and 37 \nkg/m² (31-56) respectively. All 40 provided late-night salivary cortisol \nsamples. Thirty-eight patients completed all three tests. Two patients only \ncompleted two screening tests. The specificities of late-night salivary cortisol \n(cutoff 10 nmol/L), 24hr UFC (400 nmol) and 1mg DST (50 nmol/L) were 70% (95% CI \n53-83%), 90% (76-97%) and 72% (55-85%) respectively. The specificity of \nlate-night salivary cortisol was significantly less than 24 hr UFC (P=0.039) but \nnot 1mg DST (P>0.99).\nCONCLUSION: Late-night salivary cortisol has a poor specificity for cortisol \nexcess in obese patients with T2DM with 24 hr UFC showing significantly better \nspecificity in our population.', ""AIM: To compare the performance, in terms of specificity for cortisol excess, of \nlate-night salivary cortisol with 24-hour urine-free cortisol (24hr UFC) and \novernight 1mg dexamethasone suppression test (1mg DST) in a group of obese T2DM \npatients.\nMETHODS: Forty obese patients with T2DM without clinical features of Cushing's \nsyndrome were recruited. Plasma, urinary and salivary cortisol were measured \ndirectly by an enzyme-linked immunosorbent assay using monoclonal antibodies. \nThe specificities of the three tests using various cutoffs were calculated and \ncompared, employing the assumption that none of the patients had \nhypercortisolism.\nRESULTS: The patients had a mean age and BMI of 56 years (range 31-75) and 37"", 'occurrence of significant WMAs on DSE. We conclude that cTnI cannot be used as \nan additional diagnostic tool during pharmacological stress test performed to \nevaluate the presence and severity of ischemia.\n© 2010, Wiley Periodicals, Inc.', 'samples were collected from a sub-set of subjects with intact renal function and \nnot receiving medications known to influence cortisol levels (n=65).\nSETTING: 12 ICUs in the Midwestern United States.\nMAIN OUTCOME MEASURES: Urinary free cortisol (UFC), an integrative biomarker of \nstress.\nRESULTS: Controlling for illness severity, gender, and baseline UFC (29-45 \nmg/day), mixed models analysis revealed no significant differences among groups \nin UFC over the course of ventilatory support.\nCONCLUSION: While music did not significantly reduce cortisol, less profound \nspikes in UFC levels were observed but that, given the limitations of the \nresearch, this observation could have occurred merely by chance.', ""Remission is defined as biochemical reversal of hypercortisolism with \nre-emergence of diurnal circadian rhythm, resolution of clinical features and \nadequate suppression on low-dose dexamethasone testing. Failure is defined as \nthe absence of any of these features. Relapse is defined as the re-emergence of \nCushing's disease more than one year after operation. Clinical features such as \nweight, sex, hypertension, associated endocrine disorders and smoking, \nbiochemical studies including preoperative and postoperative serum cortisol, \nurine free cortisol, serum ACTH, radiological, histological and surgical \nfindings were assessed in relation to these three groups to determine whether \nany factors could reliably predict failure or relapse after treatment.""]",Late-night salivary cortisol has a poor specificity for cortisol excess in obese patients with T2DM with 24 hr UFC showing significantly better specificity in our population.,1.0
Can 'high-risk' human papillomaviruses (HPVs) be detected in human breast milk?,"No, 'high-risk' human papillomaviruses (HPVs) cannot be detected in human breast milk. According to the study (Document id='d4957d4c-24e4-57fc-b57b-8538f462da40'), which evaluated the presence of HPV infection in human breast milk collected from 21 HPV-positive and 11 HPV-negative mothers, no 'high-risk' HPV DNA was detected in the 32 studied human milk specimens.","[""AIM: Human papillomavirus (HPV) transmission via nonsexual modes in childhood \nhas been proposed by several researchers. The aim of our study was to determine \nthe presence of 'high-risk' HPV DNA in human breast milk.\nMETHODS: Using polymerase chain reaction techniques, we evaluated the presence \nof HPV infection in human breast milk collected from 21 HPV-positive and 11 \nHPV-negative mothers.\nRESULTS: Of the 32 studied human milk specimens, no 'high-risk' HPV 16, 18, 31, \n33, 35, 39, 45, 51, 52, 56, 58 or 58 DNA was detected.\nCONCLUSION: This preliminary case-control study indicates the absence of mucosal \n'high-risk' HPV types in human breast milk.\n© 2011 The Author(s)/Acta Paediatrica © 2011 Foundation Acta Paediatrica."", 'acceptable"" (n = 14), ""depending on the many circumstances"" (n = 87), requiring \n""consultation with an expert"" (n = 30) and ""never acceptable (n = 13)"".\nCONCLUSIONS: Most people in France are influenced by situational factors when \ndeciding if a physician should breach confidentiality to protect the spouse of a \npatient infected with STD.', 'could have important public health impacts in terms of earlier diagnosis of \nasymptomatic infections and thus a decrease in the rate of onward transmission. \nIn addition, HSKs could potentially optimize the use of genitourinary medicine \nservices and facilitate patient choice.', ""on Spiegel's criteria, gram-stained vaginal smears were examined for BV and the \nBV-associated flora was sought by culture. To evaluate the risk factors, \nrelative risk ratios were calculated using EPI INFO software.\nRESULTS: Among 196 pregnant women, 40 (20.4%) were unmarried. BV was diagnosed \namong 55 (28.1%) women studied. In the univariate analysis, unmarried pregnant \nwomen were characterized by younger age, primary educational level, poor \neconomic situation and excessive smoking during pregnancy, as compared to \nmarried women. The unmarried status was a borderline risk factor for BV (OR = \n1.83, 95% CI 0.94-4.9) after adjustment for age, smoking and education. An \nanalysis of the microbiological culture from the lower genital tract revealed"", 'Continuous Morbidity Registration of the Department of Family Medicine. \nInformation on breast-feeding was collected by postal questionnaire. We then \ncompared rates of illness between children with a family history of atopy who \nwere and who were not breast-fed.\nRESULTS: Breast-feeding was related to lower levels of childhood illness both in \nthe first and the first three years of life. In the first year of life they had \nfewer episodes of gastroenteritis, lower respiratory tract infections, and \ndigestive tract disorders. Over the next three years of life they had fewer \nrespiratory tract infections and skin infections.\nCONCLUSIONS: Our results suggest a protective effect of breast-feeding among \nchildren with a family history of atopy that is not confined to the period of']",This preliminary case-control study indicates the absence of mucosal 'high-risk' HPV types in human breast milk.,1.0
Does maternal obesity have an influence on feeding behavior of obese children?,"No, maternal obesity was found to have no significant influence on feeding behavior of obese school children. This is stated in two documents (Document id='08d458a0-cff3-57a3-9155-7fdbb4c07fd1' and Document id='831254f2-8282-5ad2-8063-efa20ec8fbe4'), which both conclude that there is no significant difference in feeding practices between obese and non-obese mothers.","['and their mothers participated in this study. A direct correlation between \nchildren\'s BMI and their mothers\' BMI was found (P<0.001) both in girls (r = \n0.372) and boys (r = 0.337). While 64.4% of mothers were found obese in the \nstudy, only half of them consider themselves as obese. No difference were found \nin the scores of the subscales ""perceived responsibility"", ""restriction"", \n""concern for child\'s weight"" and ""monitoring"" between obese and non-obese \nmothers. Child\'s BMI-SDS positively correlated with mothers\' personal weight \nperception, concern for child\'s weight and restriction after adjustment for \nchild\'s age (P < 0.001, P = 0.012 and P = 0.002, respectively).\nCONCLUSION: Mothers\' BMI highly correlate with children\'s BMI-z-scores. The', 'AIM: Although the pathogenesis of childhood obesity is multi factorial, maternal \nobesity and parenting have major roles. The aim of this study was to evaluate \nthe influence of maternal obesity on feeding practices toward their obese school \nchildren.\nMETHODS: Obese children and adolescents referred to the pediatric endocrinology \ndepartment were enrolled consecutively. Height and weight of all children and \ntheir mothers were measured. Maternal feeding practices were measured using an \nadapted version of the Child Feeding Questionnaire (CFQ). Answers were compared \nbetween obese (Body Mass Index [BMI] ≥ 30 kg/m2) and non-obese mothers.\nRESULTS: A total of 491 obese subjects (292 girls, mean age 12.0 ± 2.8 years) \nand their mothers participated in this study. A direct correlation between', 'BACKGROUND: It has been suggested that increasing obesity levels in young women \nlead to intrauterine environments that, in turn, stimulate increased obesity \namong their offspring, generating an intergenerational acceleration of obesity \nlevels. If this mechanism is important, the association of maternal body mass \nindex (BMI) with offspring BMI should be stronger than the association of \npaternal with offspring BMI.\nOBJECTIVE: To compare the relative strengths of association of maternal and \npaternal BMI with offspring BMI at age 7.5, taking into account the possible \neffect of non-paternity.\nMETHODS: We compared strength of association for maternal-offspring and \npaternal-offspring BMI for 4654 complete parent-offspring trios in the Avon', ""CONCLUSION: Mothers' BMI highly correlate with children's BMI-z-scores. The \ndegree of child's obesity increases mothers' concern and food restriction \nbehavior. While mothers of obese children have a high prevalence of obesity, \nmaternal obesity was found to have no significant influence on feeding behavior \nof obese school children."", 'mass index at fixed ages but also growth curves for wide age ranges by birth \ncohorts should be considered to study obesity and thinness. Growth curves by \nbirth cohorts were produced by a repeated cross sectional annual survey over \nnearly six decades.']","Mothers' BMI highly correlate with children's BMI-z-scores. The degree of child's obesity increases mothers' concern and food restriction behavior. While mothers of obese children have a high prevalence of obesity, maternal obesity was found to have no significant influence on feeding behavior of obese school children.",1.0
Does pain intensity predict a poor opioid response in cancer patients?,"According to Document(id='97af0b29-04b4-550c-bb7a-5ef397d18e87'), the aim of the study was to test the hypothesis that initial pain intensity is not a predictive factor of poor opioid response in advanced cancer patients. The study found that patients were divided into three categories of pain intensity (mild, moderate, and severe) and were offered a treatment with opioid dose titration. However, the document does not provide a conclusive answer to the question.

But based on the given information, it can be inferred that the study suggests initial pain intensity may not be a predictive factor of poor opioid response in advanced cancer patients, as stated in the aim of the study. However, the document does not provide enough information to confirm this hypothesis. 

Therefore, the answer to the question is: The study aims to test the hypothesis that initial pain intensity is not a predictive factor of poor opioid response, but the provided context does not give a definitive answer.","['AIM: The aim of this study was to test the hypothesis that initial pain \nintensity is not a predictive factor of poor opioid response in advanced cancer \npatients, as suggested by a recent work.\nMETHODS: A secondary analysis of one-hundred-sixty-seven patients referred for \ntreatment of cancer-related pain was conducted. Pain intensity at admission was \nrecorded and patients were divided in three categories of pain intensity: mild, \nmoderate and severe. Patients were offered a treatment with opioid dose \ntitration, according to department policy. Data regarding opioid doses and pain \nintensity were collected after dose titration was completed. Four levels of \nopioid response were considered: (a) good pain control, with minimal opioid', 'MEASUREMENTS: Detailed drug use data contained on the last MDS before death were \nused to examine analgesic management of daily pain. Guidelines from the American \nMedical Directors Association (AMDA) were used to identify analgesics not \nrecommended for use in managing chronic pain in long-term care settings. The \nstudy outcome, regular treatment of daily pain, examined whether patients \nreceived any analgesic, other than those not recommended by AMDA, at least twice \na day for each day of documented daily pain (i.e., 7 days before date of last \nMDS).\nRESULTS: Fifteen percent of hospice residents and 23% of nonhospice residents in \ndaily pain received no analgesics (odds ratio (OR) = 0.57, 95% confidence \ninterval (CI) = 0.45-0.74). A lower proportion of hospice residents (21%) than', 'interval (CI) = 0.45-0.74). A lower proportion of hospice residents (21%) than \nof nonhospice residents (29%) received analgesics not recommended by AMDA (OR = \n0.65, 95% CI =0.52-0.80). Overall, acetaminophen (not in combination with other \ndrugs) was used most frequently for nonhospice residents (25% of 1,673 \nprescriptions), whereas morphine derivatives were used most frequently for \nhospice residents (30% of 1,058 prescriptions). Fifty-one percent of hospice \nresidents and 33% of nonhospice residents received regular treatment for daily \npain. Controlling for clinical confounders, hospice residents were twice as \nlikely as nonhospice residents to receive regular treatment for daily pain \n(adjusted odds ratio = 2.08, 95% CI = 1.68-2.56).', 'was based on validated pain scores (VAS and COMFORT behaviour), applied by \nprotocol. Cumulative opioid doses at 12, 24, 48 h and 7 days postoperatively \nwere compared between groups with the Mann-Whitney test.\nRESULTS: The study group consisted of 24 MAS patients (14 EA; 10 CDH). These \nwere matched to 48 control patients (28 EA; 20 CDH). At none of the time points \ncumulative opioid (median in mg/kg (IQR)) doses significantly differed between \nMAS patients and controls, both with CDH and EA. For example at 24 h \npostoperative for CDH patients cumulative opioid doses were [0.84(0.61-1.83) MAS \nvs. 1.06(0.60-1.36) p=1.0] controls, For EA patients at 24 h the cumulative \nopioid doses were [0.48(0.30-0.75) MAS vs. 0.49(0.35-0.79) p=0.83] controls.', 'OBJECTIVES: To compare analgesic management of daily pain for dying nursing home \nresidents enrolled and not enrolled in Medicare hospice.\nDESIGN: Retrospective, comparative cohort study.\nSETTING: Over 800 nursing homes in Kansas, Maine, Mississippi, New York, and \nSouth Dakota.\nPARTICIPANTS: A subset of residents with daily pain near the end of life taken \nfrom a matched cohort of hospice (2,644) and nonhospice (7,929) nursing home \nresidents who had at least two resident assessments (Minimum Data Sets (MDSs)) \ncompleted, their last between 1992 and 1996, and who died before April 1997. The \ndaily pain subset consisted of 709 hospice and 1,326 nonhospice residents.\nMEASUREMENTS: Detailed drug use data contained on the last MDS before death were']",Baseline pain intensity does not predict the outcome after an appropriate opioid titration. It is likely that non-homogeneous pain treatment would have biased the outcome of a previous work.,1.0
Metered-dose inhalers. Do health care providers know what to teach?,"No, the provided context suggests that a significant percentage of health care providers, including house staff and nursing staff, have a poor understanding of the proper use of metered-dose inhalers. Only respiratory care practitioners were found to be the most knowledgeable and proficient in the proper use of metered-dose inhalers. Therefore, it can be concluded that not all health care providers know what to teach regarding the use of metered-dose inhalers.","['OBJECTIVE: The specific aim of this investigation was to evaluate the \nproficiency of health care providers and patients in the proper use of \nmetered-dose inhalers.\nDESIGN, SETTING, AND PARTICIPANTS: Health care providers, which include house \nstaff, nurses, and respiratory care practitioners who provide care to patients \nwith asthma in the primary general medicine clinic or the pulmonary medicine \nclinic of a university-county hospital in which patients were referred, were \nsurveyed and assigned a performance score regarding the knowledge base of the \nappropriate use of metered-dose inhalers. Patients who attended the primary care \ngeneral medicine and pulmonary subspecialty clinic were also assessed as to \ntheir proficiency in the use of metered-dose inhalers.', 'their proficiency in the use of metered-dose inhalers.\nRESULTS: A significant percentage of patients had a poor understanding of the \ntechnique used with the metered-dose inhaler. House staff and nursing staff were \nalso less proficient in the proper use of the metered-dose inhaler. The \nrespiratory care practitioners were the most knowledgeable of the health care \nproviders.\nCONCLUSIONS: This study confirms that a large percentage of patients use \nmetered-dose inhalers improperly. It also demonstrates a significant lack of \nunderstanding by health care providers of the proper use of metered-dose \ninhalers. Furthermore, this study supports the use of respiratory care \npractitioners in the outpatient setting, since they were the most proficient', 'practitioners in the outpatient setting, since they were the most proficient \namong all the health care providers in the proper use of metered-dose inhalers.', 'concentrated dose, when applied for therapeutic purposes or targeted towards \nsubgroups of caregivers.\nTRIAL REGISTRATION: Controlled-Trials.com ISRCTN90163486.', 'OBJECTIVE: To determine if clinical variables assessed in relation to Albuterol \naerosol treatments accurately identify children with pathologic radiographs \nduring their initial episode of bronchospasm.\nMETHODS: A prospective convenience sample of children with a first episode of \nwheezing. Data collected included demographics, baseline and post-treatment \nclinical score and physical examination, number of aerosols, requirement for \nsupplemental oxygen, and disposition. Chest radiographs were obtained and \ninterpreted, and patients were divided into 2 groups based on a pathologic \nversus nonpathologic radiograph interpretation. Chi2 testing was performed for \ncategoric variables, and the student t test was performed for continuous']","This study confirms that a large percentage of patients use metered-dose inhalers improperly. It also demonstrates a significant lack of understanding by health care providers of the proper use of metered-dose inhalers. Furthermore, this study supports the use of respiratory care practitioners in the outpatient setting, since they were the most proficient among all the health care providers in the proper use of metered-dose inhalers.",1.0
Necrotizing fasciitis: an indication for hyperbaric oxygenation therapy?,"According to Document(id='13a87152-6b56-5bf2-9cff-40d7879591da'), hyperbaric oxygenation (HBO) has been recommended as adjuvant therapy for necrotizing fasciitis (NF), improving patient mortality and outcome. However, the beneficial effect of HBO for NF remains controversial. A retrospective evaluation of 37 patients treated for NF between 1984 and 1993 was carried out, comparing the mortality rate, morbidity criteria, and risk factors for grave prognosis between a group of 25 patients who received HBO and a group of 12 patients treated by surgical excision and antibiotics alone. 

Therefore, based on the provided context, necrotizing fasciitis can be considered an indication for hyperbaric oxygenation therapy, although its beneficial effect remains controversial and requires further evaluation.","['BACKGROUND: The accepted treatment protocol for necrotizing fasciitis (NF) \nconsists of extensive surgery and wide spectrum antibiotics. Hyperbaric \noxygenation (HBO) has been recommended as adjuvant therapy for NF, improving \npatient mortality and outcome. However, the beneficial effect of HBO for NF \nremains controversial.\nMETHODS: A retrospective evaluation of treatment outcome in 37 patients treated \nfor NF between 1984 and 1993 was carried out. The mortality rate, morbidity \ncriteria, and risk factors for grave prognosis were compared between a group of \n25 patients who received HBO as part of their treatment protocol and a group of \nthe remaining 12 patients treated by surgical excision and antibiotics alone.', 'developed avascular necrosis, but its absence does not confirm it.\n© 2013 SECOT. Published by Elsevier Espana. All rights reserved.', ""from 41-61): it was 53 years in the group of survivors and 62 years in deceased \ngroup. There was a significant difference in leukocyte count between patients \nwho survived (range 4900-17000/mm) and those died (range 20.300-31000/mm3). Mean \nhospital stay was about 19 days (range 2-57 days).\nCONCLUSION: The interval from the onset of clinical symptoms to the initial \nsurgical intervention seems to be the most important prognostic factor with a \nsignificant impact on outcome. Despite extensive therapeutic efforts, Fournier's \ngangrene remains a surgical emergency and early recognition with prompt radical \ndebridement is the mainstays of management."", 'BACKGROUND: Fournier\'s gangrene is known to have an impact in the morbidity and \ndespite antibiotics and aggressive debridement, the mortality rate remains high.\nOBJECTIVES: To assess the morbidity and mortality in the treatment of Fournier\'s \ngangrene in our experience.\nMETHODS: The medical records of 14 patients with Fournier\'s gangrene who \npresented at the University Hospital Center ""Mother Teresa"" from January 1997 to \nDecember 2006 were reviewed retrospectively to analyze the outcome and identify \nthe risk factor and prognostic indicators of mortality.\nRESULTS: Of the 14 patients, 5 died and 9 survived. Mean age was 54 years (range \nfrom 41-61): it was 53 years in the group of survivors and 62 years in deceased', 'cytomegalovirus serologies, cold ischemia time, tubular necrosis, immediate \ndiuresis, need for dialysis, human leukocyte antigen incompatibilities, \nhypersensitized patients, acute rejection, waiting time on dialysis, and days of \nadmission. Survival in both groups at 1, 5, and 10 years was 97.6%, 87.2%, and \n76.6% vs. 98.8%, 87.5%, and 69.5% for the patient (P=0.642), 92.9%, 81.3%, and \n64.2% vs. 93.9%, 76.4%, and 69.5% for the graft (P=0.980), and 94.4%, 92.6%, and \n77.4% vs. 94.3%, 86.7%, and 84.4% for the graft with death censured (P=0.747), \nrespectively. Creatininaemias at 1, 5, and 10 years were 172, 175, and 210 vs. \n139, 134, and 155 (P<0.05).\nCONCLUSIONS: We conclude that patient and graft survival on transplanting']",The results of this study cast doubt on the suggested advantage of HBO in reducing patient mortality and morbidity when used as adjuvant therapy for NF.,1.0
Ovarian torsion in children: is oophorectomy necessary?,"No, oophorectomy is not necessary for ovarian torsion in children. According to the study, simple detorsion was not accompanied by an increase in morbidity, and all patients studied had functioning ovarian tissue on follow-up despite the surgeon's assessment of the degree of ovarian ischemia. The study suggests that detorsion is the procedure of choice for most cases of ovarian torsion in children.","['BACKGROUND: Most pediatric surgeons perform oophorectomy in girls presenting \nwith ovarian torsion in which the ovary appears necrotic. However, the adult \ngynecology literature suggests that many ovaries can be treated by detorsion \nalone.\nMETHODS: All children with ovarian torsion on the gynecology and general surgery \nservices between 1988 and 2002 were reviewed.\nRESULTS: There were 36 torsions in 34 children. Seventeen underwent detorsion \nwith or without ovarian cystectomy, and 19 had oophorectomy (mean age 10 years \nin both groups). Torsion was suspected preoperatively in 94% of the detorsion \ncases and in 47% of the oophorectomy patients. Median time from presentation to \nsurgery was significantly lower in the detorsion than the oophorectomy group', ""surgery was significantly lower in the detorsion than the oophorectomy group \n(median 14 v 27 hours; P =.04). Postoperative complications and length of stay \nwere similar between the 2 groups. Despite the ovary being judged \nintraoperatively as moderately to severely ischemic in 53% of the detorsion \ncases, follow-up sonogram or ovarian biopsy available in 14 of the 17 cases \nshowed normal ovary with follicular development in each case.\nCONCLUSIONS: Simple detorsion was not accompanied by an increase in morbidity, \nand all patients studied had functioning ovarian tissue on follow-up despite the \nsurgeon's assessment of the degree of ovarian ischemia. Detorsion is the \nprocedure of choice for most cases of ovarian torsion in children."", 'BACKGROUND: Controlled ovarian stimulation (COS) with intrauterine insemination \n(IUI) is a common treatment in couples with unexplained non-conception. \nInduction of multifollicular growth is considered to improve pregnancy outcome, \nbut it contains an increased risk of multiple pregnancies and ovarian \nhyperstimulation syndrome. In this study the impact of the number of follicles \n(>14 mm) on the ongoing pregnancy rate (PR) and multiple PR was evaluated in the \nfirst four treatment cycles.\nMETHODS: A retrospective cohort study was performed in all couples with \nunexplained non-conception undergoing COS-IUI in the Academic Hospital of \nMaastricht. The main outcome measure was ongoing PR. Secondary outcomes were', 'OBJECTIVE: Treatment of neonatal testicular torsion has two objectives: salvage \nof the involved testicle (which is rarely achieved) and preservation of the \ncontralateral gonad. The second goal universally involves contralateral \ntesticular scrotal fixation to prevent the future occurrence of contralateral \ntorsion. However, there is controversy with regards to management of a \nsynchronous contralateral hydrocele. It has been our policy not to address the \ncontralateral hydrocele through an inguinal incision to minimize potential \ninjury to the spermatic cord. Our objective in this study was to determine \nwhether the decision to manage a contralateral hydrocele in cases of neonatal \ntesticular torsion solely through a scrotal approach is safe and effective.', 'torsed testicles were nonviable. Twenty-two patients were noted to have a \ncontralateral hydrocele at presentation. All hydroceles were opened through a \nscrotal approach at the time of contralateral scrotal fixation. No patient \nunderwent an inguinal exploration to examine for a patent process vaginalis. \nNone of the patients who presented with a hydrocele have developed a clinical \nhydrocele or hernia after an average 7.5 years (range 4.3-11.2) follow-up.\nCONCLUSION: We have demonstrated that approaching a contralateral hydrocele in \ncases of neonatal testicular torsion solely through a scrotal incision is safe \nand effective. Inguinal exploration was not performed in our study and our \nlong-term results demonstrate that such an approach would have brought no']","Simple detorsion was not accompanied by an increase in morbidity, and all patients studied had functioning ovarian tissue on follow-up despite the surgeon's assessment of the degree of ovarian ischemia. Detorsion is the procedure of choice for most cases of ovarian torsion in children.",1.0
Are octogenarians at high risk for carotid endarterectomy?,"No, according to the provided context, age alone should not place patients in the high-risk category for carotid endarterectomy. The studies suggest that carotid endarterectomy remains the gold standard for treatment of extracranial carotid disease in all age groups, including octogenarians. The combined end points for adverse events are acceptable in the octogenarian, with low rates of perioperative neurologic complications (0.97% for transient ischemic attack, 1.94% for minor strokes, and 0.97% for major stroke) and no deaths.","['in the high-risk group (9.1%) than the low-risk group (1.2%) (P<0.05). All \nconcomitant or staged carotid endarterectomies/CAB (5/205) and all patients who \nhad perioperative strokes (5/205) were in the high-risk group (P=0.01).\nCONCLUSION: In our cohort, selective screening of patients aged >70 years, with \ncarotid bruit, a history of cerebrovascular disease, diabetes mellitus or PVD \nwould have reduced the screening load by 40%, with trivial impact on surgical \nmanagement or neurological outcomes.', 'neurologic events and myocardial infarction, were recorded.\nRESULTS: A total of 103 carotid endarterectomies were performed in 95 \noctogenarians. Procedures were performed on 59 men and 36 women. Indications for \noperation included symptomatic carotid stenosis in 44 patients (43%) and \nasymptomatic carotid stenosis in 59 (57%). Associated risk factors included \ndiabetes mellitus (17%), hypertension (76%), coronary artery disease (28%), \nhyperlipidemia (39%), and history of smoking (42%). There were 4 perioperative \nneurologic complications, which included 1 transient ischemic attack (0.97%), 2 \nminor strokes (1.94%), and 1 major stroke (0.97%). There were no deaths.\nCONCLUSIONS: Combined end points for adverse events are acceptable in the', 'CONCLUSIONS: Combined end points for adverse events are acceptable in the \noctogenarian. Carotid endarterectomy remains the gold standard for treatment of \nextracranial carotid disease in all age groups. Age alone should not place \npatients in the high-risk category for carotid endarterectomy.', 'BACKGROUND: Several prospective randomized trials have proved carotid \nendarterectomy to be safe and effective for both symptomatic and asymptomatic \npatients younger than 80 years of age. Recently, carotid artery stenting (CAS) \nhas been approved for use in selected high-risk patients. It has been proposed \nthat being an octogenarian places patients in this high-risk category.\nSTUDY DESIGN: All patients between the ages of 80 to 89 years undergoing carotid \nendarterectomy during a 12-year period were included in the study. Information \nincluded indications for carotid endarterectomy, associated risk factors, length \nof stay, and hospital course. Perioperative morbidity and mortality, including \nneurologic events and myocardial infarction, were recorded.', 'define risk groups, to more carefully select patients, and to offer a closer \nfollow-up during the postoperative course with early recognition and adequate \ntreatment. All future efforts should be focused on a further reduction of \nserious complications to make the LSG a widely accepted and safer procedure.']",Combined end points for adverse events are acceptable in the octogenarian. Carotid endarterectomy remains the gold standard for treatment of extracranial carotid disease in all age groups. Age alone should not place patients in the high-risk category for carotid endarterectomy.,1.0
Is calibration the cause of variation in liquid chromatography tandem mass spectrometry testosterone measurement?,"No, calibration is not the cause of variation in liquid chromatography tandem mass spectrometry testosterone measurement. According to the study, ""The variation in results obtained could not be attributed to variations in calibrators. The differences in methodologies between laboratories must be the reason for this variation."" (Document id='2adbd25b-4595-5200-bc58-437578a86a91')","['BACKGROUND: Testosterone measurement by liquid chromatography tandem mass \nspectrometry (LC-MS/MS) is well accepted as the preferred technique for the \nanalysis of testosterone. Variation is seen between assays and this may be due \nto differences in calibration as commercial calibrators for this assay are not \nreadily available. We investigated the effects calibration in routine clinical \nLC-MS/MS assays.\nMETHODS: All LC-MS/MS users that were registered with the UKNEQAS external \nquality assurance scheme for testosterone were invited to take part in the \nstudy. A set of seven serum samples and serum-based calibrators were sent to all \nlaboratories that expressed an interest. The laboratories were instructed to \nanalyse all samples using there own calibrators and return the results and a', 'analyse all samples using there own calibrators and return the results and a \nmethod questionnaire for analysis.\nRESULTS: Fifteen laboratories took part in the study. There was no consensus on \nsupplier of testosterone or matrix for the preparation of calibrators and all \nwere prepared in-house. Also, a wide variety of mass spectrometers, internal \nstandards, chromatography conditions and sample extractions were used. The \nvariation in results did not improve when the results were corrected with a \ncommon calibrator.\nCONCLUSIONS: The variation in results obtained could not be attributed to \nvariations in calibrators. The differences in methodologies between laboratories \nmust be the reason for this variation.', 'binding globulin (SHBG) and albumin. Also free and bioavailable testosterone \nwere calculated. PADAM was considered present if items 1 or 7 or any 3 other \nquestions of the ADAM questionnaire were positive. An available testosterone of \n<198.4 ng/dL was used as a gold standard for the diagnosis of PADAM.\nRESULTS: A total of 78 men (81.3%) were identified as possible PADAM according \nto the ADAM questionnaire. Total testosterone levels fell from 503.6+/-180.1 \nng/dL in men aged 40 to 54 years to 382.1+/-247.3 in those >70 years; however \nthis was not statistically significant (ANOVA, p=0.06). In the same age groups, \nSHBG significantly increased (31.0+/-15.0 to 47.5+/-15.0 nmol/L, p<0.001) \nwhereas free and available testosterone significantly decreased (10.6+/-3.2 to', 'whereas free and available testosterone significantly decreased (10.6+/-3.2 to \n6.4+/-3.6 ng/dL and 266.6+/-81.2 to 152.2+/-97.6 ng/dL, respectively, p<0.0001). \nOverall (n=96), available testosterone confirmed PADAM diagnosis in 27 cases \n(28.1%). The ADAM tool rendered a 83.3% sensitivity and 19.7% specificity in the \ndetection of PADAM. Item 1 (decreased sexual desire) was a better predictor of \nhypogonadism than the complete questionnaire (63.3% sensitivity and 66.7% \nspecificity).\nCONCLUSION: In this series, in accordance to available testosterone, the \nprevalence of PADAM was determined to be high, in which the ADAM questionnaire \nrendered a low diagnostic efficiency. PADAM diagnosis could be clinically \nsuspected when symptoms of sexual dysfunction are present.', 'BACKGROUND: Androgen serum levels significantly decrease in older men, causing \nquality of life impairment and increasing the risk of chronic disease. This \ndisorder is defined as PADAM (Partial Androgen Deficiency of Aging Men).\nOBJECTIVE: To evaluate a PADAM screening tool and determine the prevalence of \nthis disorder in healthy adult men.\nMETHODS: This was a cross-sectional study in which 96 men aged 40 or more of the \nSouth Metropolitan Region of Santiago de Chile were surveyed with the Androgen \nDeficiency of Aging Men (ADAM) questionnaire of the Saint Louis University and \nsampled for the serum determination of total testosterone, sexual hormone \nbinding globulin (SHBG) and albumin. Also free and bioavailable testosterone']",The variation in results obtained could not be attributed to variations in calibrators. The differences in methodologies between laboratories must be the reason for this variation.,1.0
Do supervised colorectal trainees differ from consultants in terms of quality of TME surgery?,"No, supervised colorectal trainees do not differ from consultants in terms of quality of TME (Total Mesorectal Excision) surgery. According to the study, ""the quality of rectal cancer excision, as defined by mesorectal grades, achieved by supervised colorectal trainees is comparable with that achieved by consultants"" (Document id='b87873d4-f1e7-5be8-b0db-6c1b76e4662c'). Additionally, there was no statistically significant difference (P = 0.717) between the two groups in terms of quality of mesorectum excised after potentially curative resection (Document id='ecfd2176-5d28-5053-baa2-b87778477873').","['according to staged classification proposed by Quirke. The outcome (quality of \nmesorectal excision and secondary outcomes including local recurrence and \noverall recurrence) of operations performed by consultants was compared with \nthat of trainees. Statistical significance was tested using Pearson chi(2) test.\nRESULTS: Eighty-nine operations were performed by consultants and 41 by senior \ncolorectal trainees with consultant supervision. Forty-four patients (49%) had \ngood mesorectum when operated by consultants in comparison with 17 (41.5%) by \nthe trainees. There was no statistically significant difference (P = 0.717) \nbetween the two groups in terms of quality of mesorectum excised after \npotentially curative resection. Furthermore, there were seven local recurrences', 'potentially curative resection. Furthermore, there were seven local recurrences \nin patients operated by consultants (7.8%) when compared with four in the \ntrainee group (9.5%) and once again there was no statistical significance \nbetween the two groups (P = 0.719).\nCONCLUSION: We conclude that the quality of rectal cancer excision, as defined \nby mesorectal grades, achieved by supervised colorectal trainees is comparable \nwith that achieved by consultants.', 'OBJECTIVE: The quality of surgical excision is held to be a major determinant of \noutcome following surgery for rectal cancer. Macroscopic examination of the \nexcised mesorectum allows for reproducible assessment of the quality of surgery. \nWe aimed to determine whether quality of excision undertaken by colorectal \ntrainees under supervision was comparable with that performed by consultants, as \nmeasured using mesorectal grades.\nMETHOD: A total of 130 consecutive patients undergoing potentially curative \nresection for primary adenocarcinoma of the rectum in our centre from 2001 to \n2003 were included in the study. The pathologists graded the excised mesorectum \naccording to staged classification proposed by Quirke. The outcome (quality of', 'OBJECTIVE: To evaluate the effect of the 80-hour workweek restrictions on \nresident education within surgical programs in the New England area.\nDESIGN: Web-based survey.\nSETTING: All Accreditation Council for Graduate Medical Education (ACGME) \naccredited surgical residency programs in New England (n = 20).\nPARTICIPANTS: Program directors/coordinators in each surgical residency program \nin New England.\nMAIN OUTCOME MEASURES: First, American Board of Surgery In-Training Examination \n(ABSITE) scores and the passing rate of the ABS certifying examination were \nrecorded for the years 2001, 2002, 2005, and 2006. Second, the changes in the \ncurriculum of surgical education were documented as perceived by program \ncoordinators and directors.', 'Collaborators: Bemelman WA, Busch OR, van Dam RM, Jansen-Landheer ML, Karsten \nTM, van Krieken JH, Kuijpers WG, Lemmens VE, Manusama ER, Meijerink JH, Rutten \nHJ.\nAuthor information:\n(1)Department of Surgery, Leiden University Medical Center, PO Box 9600, Leiden \n2300 RC, The Netherlands.\nOBJECTIVE: To determine if composite measures based on process indicators are \nconsistent with short-term outcome indicators in surgical colorectal cancer \ncare.\nDESIGN: Longitudinal analysis of consistency between composite measures based on \nprocess indicators and outcome indicators for 85 Dutch hospitals.\nSETTING: The Dutch Surgical Colorectal Audit database, the Netherlands.\nPARTICIPANTS: 4732 elective patients with colon carcinoma and 2239 with rectum']","We conclude that the quality of rectal cancer excision, as defined by mesorectal grades, achieved by supervised colorectal trainees is comparable with that achieved by consultants.",1.0
Is diffusion-weighted imaging a significant indicator of the development of vascularization in hypovascular hepatocellular lesions?,"No, according to the provided context, diffusion-weighted imaging (DWI) is not a significant indicator of the development of vascularization in hypovascular hepatocellular lesions. The study found that the differences in the 730-day cumulative developments of vascularization among hypointense, isointense, and hyperintense lesions on DWI were not statistically significant (17%, 30%, and 40%, respectively).","['OBJECTIVE: The objective was to evaluate the efficacy of diffusion-weighted \nimaging (DWI) in predicting the development of vascularization in hypovascular \nhepatocellular lesions (HHLs).\nMATERIALS AND METHODS: Forty-two HHLs that were diagnosed by computed \ntomographic (CT) arteriography were evaluated retrospectively. The lesion on DWI \nwas classified as isointense, hypointense, or hyperintense. Follow-up studies \nthat included intravenous dynamic CT or magnetic resonance imaging were \nperformed.\nRESULTS: The 730-day cumulative developments of vascularization in hypointense, \nisointense, and hyperintense lesions were 17%, 30%, and 40%, respectively. The \ndifferences among these developments were not statistically significant.', ""BACKGROUND/AIMS: The purpose of this study is to examine whether or not well \ndifferentiated (w-d) hepatocellular carcinoma (HCC) is indeed clinically early \ncancer.\nMATERIALS AND METHODS: Seventy six patients with solitary small HCCs up to 3 cm \nin diameter, who underwent hepatectomy, were observed for at least 2 years for \npossible recurrence. These patients were divided into two groups: 10 patients \nwith w-d HCCs (Edmondson and Steiner's grade I) and 66 patients with less \ndifferentiated (l-d) HCCs (Edmondson and Steiner's grade I-II, II-III, and III).\nRESULTS: The histological analysis revealed that w-d HCCs had lower incidences \nof fibrous capsule formation (P<0.01), when compared to l-d HCCs. There were no"", 'BACKGROUND: Staging laparoscopy (SL) is not regularly performed for patients \nwith hepatocellular carcinoma (HCC). It may change treatment strategy, \npreventing unnecessary open exploration. An additional advantage of SL is \npossible biopsy of the nontumorous liver to assess fibrosis/cirrhosis. This \nstudy aimed to determine whether SL for patients with HCC still is useful.\nMETHODS: Patients with HCC who underwent SL between January 1999 and December \n2011 were analyzed. Their demographics, preoperative imaging studies, surgical \nfindings, and histology were assessed.\nRESULTS: The 56 patients (34 men and 22 women; mean age, 60 ± 14 years) in this \nstudy underwent SL for assessment of extensive disease or metastases. For two', 'validation are likely to include a reduction in the number of core samples \nneeded to achieve a reliable histological diagnosis (and a possible reduction in \nthe risk of tumor cell displacement), reduced procedure time and lower costs.', 'PURPOSE: The purpose of this paper is to evaluate the efficacy of \nultrasonographic screening for primary hepatocellular carcinoma.\nPATIENTS AND METHODS: A total of 680 eligible cases were classified into three \ngroups (surveillance, opportunistic, and symptomatic groups) according to their \ninitial exposure. We used survival time, tumor morphology, and T staging as \nprognostic outcomes. The outcomes of screened/unscreened and sur \nveillance/nonsur veillance were compared with the use of the logistic regression \nmodel.\nRESULTS: The adjusted odds ratios for the screened group versus the unscreened \ngroup, with 1-, 2-, and 3-year survival time being used as outcomes, were 0.33 \n(95% confidence interval [CI], 0.21-0.52), 0.33 (95% CI, 0.21-0.53), and 0.37']",The signal intensity on DWI showed no significant difference in the development of vascularization.,1.0
Blunt trauma in intoxicated patients: is computed tomography of the abdomen always necessary?,"No, computed tomography (CT) of the abdomen is not always necessary in blunt trauma patients who are intoxicated. According to the study (Document id='e216d2e6-d5f6-53dc-8635-11bc5362a662'), of 324 patients with a blood alcohol level > or =80 mg/dL, Glasgow Coma Scale (GCS) score of 15, and unremarkable abdominal examination, 317 (98%) had CT scans negative for abdominal injury, and only 2 (0.6%) required abdominal exploration. The study suggests that physical examination and attention to clinical risk factors can allow accurate abdominal evaluation without CT. (Document id='641d0959-5b0b-53ed-ab67-1fbec650b8ff')","['between major chest injury and abdominal injury.\nCONCLUSION: The incidence of abdominal injury in intoxicated, hemodynamically \nstable, blunt trauma patients with a normal abdominal examination and normal \nmentation is low. Physical examination and attention to clinical risk factors \nallow accurate abdominal evaluation without CT.', 'BACKGROUND: Physical examination to detect abdominal injuries has been \nconsidered unreliable in alcohol-intoxicated trauma patients. Computed \ntomography (CT) plays the primary role in these abdominal evaluations.\nMETHODS: We reviewed medical records of all blunt trauma patients admitted to \nour trauma service from January 1, 1992, to March 31, 1998. Study patients had a \nblood alcohol level > or =80 mg/dL, Glasgow Coma Scale (GCS) score of 15, and \nunremarkable abdominal examination.\nRESULTS: Of 324 patients studied, 317 (98%) had CT scans negative for abdominal \ninjury. Abdominal injuries were identified in 7 patients (2%), with only 2 \n(0.6%) requiring abdominal exploration. A significant association was found \nbetween major chest injury and abdominal injury.', 'BACKGROUND: Injury severity score (ISS), Glasgow coma score (GCS), and revised \ntrauma score (RTS) are the most frequently used methods to evaluate the severity \nof injury in blunt trauma patients. ISS is too complicated to assess easily and \nGCS and RTS are easy to assess but somewhat subjective. White blood cell count \n(WBC) is an easy, quick and objective test. This study was performed to evaluate \nthe significance of the WBC count at presentation in the blunt trauma patients.\nMETHODS: 713 blunt trauma patients, who were admitted to the Uludag University \nMedical Center Emergency Department between 01.04.2000-31.12.2000, were \nretrospectively evaluated in terms of ISS, GCS, RTS and white blood cell count \nat presentation.', 'day of injury, while experiencing symptoms or without medical clearance.\nLEVEL OF EVIDENCE: Care management, level IV. Epidemiologic study, level III.', 'INTRODUCTION: Recent suicide bombings pose the novel problem for Trauma Centers \nof the massive simultaneous arrival of many gravely wounded patients.\nMETHODS: We report the experience of the French-German Military Trauma Group, a \nLevel 2 Trauma Center, in Afghanistan during the wave of suicide bombings in \nFebruary 2007.\nRESULTS: Fourteen casualties were received. A first triage was carried out by \nthe U S Army Level I group prior to evacuation. A second surgical triage was \ncarried out with systematic ultrasound exam. Four cases (ISS>25) were \nre-categorized and underwent emergency surgical procedures.\nCONCLUSION: Suicide bombing in crowded locations near an evacuation hospital may \noverwhelm the medical resources of the receiving center. It has been referred to']","The incidence of abdominal injury in intoxicated, hemodynamically stable, blunt trauma patients with a normal abdominal examination and normal mentation is low. Physical examination and attention to clinical risk factors allow accurate abdominal evaluation without CT.",1.0
Prognosis of well differentiated small hepatocellular carcinoma--is well differentiated hepatocellular carcinoma clinically early cancer?,"According to the provided context, specifically Document(id='e1128ecd-7f40-5acf-a020-7771d2c6aa4a'), the study examined whether well-differentiated (w-d) hepatocellular carcinoma (HCC) is indeed clinically early cancer. The results showed that w-d HCCs had lower incidences of fibrous capsule formation compared to less-differentiated (l-d) HCCs. However, the document does not provide a direct answer to the question of whether well-differentiated HCC is clinically early cancer in terms of prognosis.

To answer the question, we need to consider the provided information. The document does not provide sufficient evidence to confirm that well-differentiated HCC is clinically early cancer in terms of prognosis. Therefore, based on the provided context, the answer is that there is not enough evidence to conclude that well-differentiated small hepatocellular carcinoma is clinically early cancer.","[""BACKGROUND/AIMS: The purpose of this study is to examine whether or not well \ndifferentiated (w-d) hepatocellular carcinoma (HCC) is indeed clinically early \ncancer.\nMATERIALS AND METHODS: Seventy six patients with solitary small HCCs up to 3 cm \nin diameter, who underwent hepatectomy, were observed for at least 2 years for \npossible recurrence. These patients were divided into two groups: 10 patients \nwith w-d HCCs (Edmondson and Steiner's grade I) and 66 patients with less \ndifferentiated (l-d) HCCs (Edmondson and Steiner's grade I-II, II-III, and III).\nRESULTS: The histological analysis revealed that w-d HCCs had lower incidences \nof fibrous capsule formation (P<0.01), when compared to l-d HCCs. There were no"", 'PURPOSE: To evaluate retrospectively whether technical factors of hepatic \narterial embolization affect the prognosis of patients with hepatocellular \ncarcinoma (HCC).\nMATERIALS AND METHODS: Inclusion criteria of this study were the following: (1) \npatients received embolization as the initial treatment during 2003-2004, (2) \nChild A or B liver profile, (3) five or fewer HCCs with maximum diameter of 7 cm \nor smaller, and (4) no extrahepatic metastasis. Patient data were gathered from \n43 centers. Prognostic factors were evaluated using univariate and multivariate \nanalyses.\nRESULTS: Eight hundred fifteen patients were enrolled. The 1-, 3-, 5-, and \n7-year overall survival rates were 92.0 % (95 % CI 90.1-93.9), 62.9 % (95 % CI', 'BACKGROUND: Staging laparoscopy (SL) is not regularly performed for patients \nwith hepatocellular carcinoma (HCC). It may change treatment strategy, \npreventing unnecessary open exploration. An additional advantage of SL is \npossible biopsy of the nontumorous liver to assess fibrosis/cirrhosis. This \nstudy aimed to determine whether SL for patients with HCC still is useful.\nMETHODS: Patients with HCC who underwent SL between January 1999 and December \n2011 were analyzed. Their demographics, preoperative imaging studies, surgical \nfindings, and histology were assessed.\nRESULTS: The 56 patients (34 men and 22 women; mean age, 60 ± 14 years) in this \nstudy underwent SL for assessment of extensive disease or metastases. For two', 'AIM: There are more than 350 million people worldwide chronically infected with \nhepatitis B virus (HBV), who are at high risk for the development of hepatitis, \ncirrhosis and hepatocellular carcinoma (HCC). Because of the conflicting results \nabout c-kit expression in HCC and the key role played by c-kit in \ngastrointestinal stromal tumours (GIST) and other solid tumours, the aim of this \nstudy was to determine c-kit expression in the course of hepatitis B infection.\nMATERIALS AND METHODS: Paraffin-embedded tissues in Cukurova University Faculty \nof Medicine Department of Pathology between January 2002 and February 2006 were \nsearched restrospectively to investigate this issue. We performed \nimmunohistochemistry on biopsies of 125 patients with HBV infection, grouped as:', 'PURPOSE: The purpose of this paper is to evaluate the efficacy of \nultrasonographic screening for primary hepatocellular carcinoma.\nPATIENTS AND METHODS: A total of 680 eligible cases were classified into three \ngroups (surveillance, opportunistic, and symptomatic groups) according to their \ninitial exposure. We used survival time, tumor morphology, and T staging as \nprognostic outcomes. The outcomes of screened/unscreened and sur \nveillance/nonsur veillance were compared with the use of the logistic regression \nmodel.\nRESULTS: The adjusted odds ratios for the screened group versus the unscreened \ngroup, with 1-, 2-, and 3-year survival time being used as outcomes, were 0.33 \n(95% confidence interval [CI], 0.21-0.52), 0.33 (95% CI, 0.21-0.53), and 0.37']","W-d HCCs were clinically demonstrated not to be early cancer, because there was no significant difference in disease free survival between the patients with w-d and l-d HCCs.",1.0
Does high-dose radiotherapy benefit palliative lung cancer patients?,"No, high-dose radiotherapy does not appear to benefit palliative lung cancer patients. According to the provided context, a study found that median survival times were similar between patients treated with 25 Gy in 5 fractions (21 weeks) and those treated with 50 Gy in 20 fractions (23 weeks), with no significant difference in overall survival (p = 0.334). Additionally, the study concluded that ""there was no obvious survival improvement in patients treated with the higher total dose regimen."" (Document id='a40116f7-0171-5046-a333-3d143aab919d')","['p\u2009=\u20090.334). For patients with a good-fair overall condition, median survival \ntimes were 30\xa0weeks (21.8-39.2\xa0weeks) for 25\xa0Gy in 5\xa0fractions and 28\xa0weeks \n(14.2-41.8\xa0weeks) for 50\xa0Gy in 20\xa0fractions (CI 95\u2009%, p\u2009=\u20090.694). In patients \nwith a poor overall condition, these values were 18\xa0weeks (14.5-21.5\xa0weeks) and \n21\xa0weeks (13.0-29.0\xa0weeks), respectively (CI 95\u2009%, p\u2009=\u20090.248).\nCONCLUSION: The palliative treatment concept of 25\xa0Gy applied in 5\xa0fractions is \nsufficient for radiation of lung cancer, given that there was no obvious \nsurvival improvement in patients treated with the higher total dose regimen.', 'BACKGROUND AND PURPOSE: The present analysis compares two palliative treatment \nconcepts for lung cancer in terms of overall survival.\nPATIENTS AND METHODS: Survival data from 207\xa0patients were used in a \nretrospective analysis. All patients received palliative treatment comprising \neither 25\xa0Gy applied in 5\xa0fractions or 50\xa0Gy in 20\xa0fractions. A subgroup \nanalysis was performed to compare patients with a good-fair vs. poor overall \ncondition.\nRESULTS: Median survival times were 21\xa0weeks (range\xa06-26\xa0weeks) for patients \ntreated with 25\xa0Gy in 5\xa0fractions and 23\xa0weeks (range\xa014.5-31.5\xa0weeks) for \npatients treated with 50\xa0Gy in 20\xa0fractions (95\u2009% confidence interval, CI; \np\u2009=\u20090.334). For patients with a good-fair overall condition, median survival', 'period, but were not entered into the SAKK study, as well as the remaining 57 \npatients treated during the study period for the same indication (remaining \ngroup).\nRESULTS: Median overall survival decreased from 76.3 months in the protocol \ngroup to 52.1 months in the matched group and to 20.3 months in the remaining \ngroup. The respective times of median recurrence-free survival were 67.2, 16.0, \nand 9.4 months. Tumor progression occurred in 46% of the protocol group compared \nwith 69% in the matched group and 65% in the remaining group (P < .05). \nCancer-related death was noted in 40% of the protocol group, 57% in the matched \ngroup, and 56% in the remaining group.\nCONCLUSION: These data suggest that being willing and fit enough for a', ""BACKGROUND: The aim of this prognostic factor analysis was to investigate if a \npatient's self-reported health-related quality of life (HRQOL) provided \nindependent prognostic information for survival in non-small cell lung cancer \n(NSCLC) patients.\nPATIENTS AND METHODS: Pretreatment HRQOL was measured in 391 advanced NSCLC \npatients using the EORTC QLQ-C30 and the EORTC Lung Cancer module (QLQ-LC13). \nThe Cox proportional hazards regression model was used for both univariate and \nmultivariate analyses of survival. In addition, a bootstrap validation technique \nwas used to assess the stability of the outcomes.\nRESULTS: The final multivariate Cox regression model retained four parameters as \nindependent prognostic factors for survival: male gender with a hazard ratio"", 'OBJECTIVE: We review our results on surgical treatment of patients with stage I \nnon-small cell lung carcinoma and we attempted to clarify the prognostic \nsignificance of some surgical--pathologic variables.\nMETHODS: From 1993 to 1999, 667 patients received curative lung resection and \ncomplete hilar and mediastinal lymphadenectomy for non-small cell lung cancer. \nOf these, there were 436 Stage I disease (65%), of whom 144 T1N0 and 292 T2N0. \nNo patients had pre- or postoperative radio- or chemotherapy. Prognostic \nsignificance of the following independent variables was tested using univariate \n(log-rank) and multivariate (Cox proportional-hazards) analysis: type of \nresection (sublobar vs lobectomy vs pneumonectomy), histology (squamous cell vs']","The palliative treatment concept of 25 Gy applied in 5 fractions is sufficient for radiation of lung cancer, given that there was no obvious survival improvement in patients treated with the higher total dose regimen.",1.0
Does route of delivery affect maternal and perinatal outcome in women with eclampsia?,"According to the provided context, specifically Document(id='8483f0d7-af5c-53d0-9309-6cfa3f0145d6') and Document(id='597b1401-890d-5c18-80dd-c94d18085002'), the answer is no. The study found that a policy of early cesarean delivery in eclampsia, carrying ≥34 weeks, is not associated with better outcomes. The maternal event rate was similar between the cesarean and vaginal delivery groups (10.89% vs 7.07%, relative risk 1.54, 95% confidence interval 0.62-3.81), and although the neonatal event rate was less in cesarean delivery (9.90% vs 19.19%), the difference was not statistically significant. Therefore, the route of delivery does not appear to significantly affect maternal and perinatal outcomes in women with eclampsia.","['OBJECTIVE: The route of delivery in eclampsia is controversial. We hypothesized \nthat adverse maternal and perinatal outcomes may not be improved by early \ncesarean delivery.\nSTUDY DESIGN: This was a randomized controlled exploratory trial carried out in \na rural teaching institution. In all, 200 eclampsia cases, carrying ≥34 weeks, \nwere allocated to either cesarean or vaginal delivery. Composite maternal and \nperinatal event rates (death and severe morbidity) were compared by \nintention-to-treat principle.\nRESULTS: Groups were comparable at baseline with respect to age and key clinical \nparameters. Maternal event rate was similar: 10.89% in the cesarean arm vs 7.07% \nfor vaginal delivery (relative risk, 1.54; 95% confidence interval, 0.62-3.81).', 'for vaginal delivery (relative risk, 1.54; 95% confidence interval, 0.62-3.81). \nAlthough the neonatal event rate was less in cesarean delivery-9.90% vs 19.19% \n(relative risk, 0.52; 95% confidence interval, 0.25-1.05)-the difference was not \nsignificant statistically.\nCONCLUSION: A policy of early cesarean delivery in eclampsia, carrying ≥34 \nweeks, is not associated with better outcomes.', 'groups according to their way of conception: spontaneous conception and \nconception after\xa0ART. The group of ART was further divided into: (a) a group of \nfresh transferred embryos (IVF/ICSI), (b) vitrification and (c) slow freezing. \nExclusion criteria were defined as: multiparity, delivery <24.\xa0+\xa00\xa0p.m., \nincomplete data and treatment outside university of Luebeck. Main parameter of \nthis study was mode of delivery which was divided into spontaneous delivery or \nC-section. C-sections were further differentiated into elective or emergency \nC-sections.\nRESULTS: The group of fresh transferred embryos and slow freezing showed higher \nrisks for elective and emergency C-sections (elective C-sections odds ratio 2.0,', '1.15, 95% CI 1.02-1.29) composite outcomes, and with reduced gestational age at \ndelivery (coefficient: -0.46, 95% CI -0.54 to -0.38).\nCONCLUSIONS: ACR is an independent prognostic factor for maternal and neonatal \nadverse outcomes in suspected preeclampsia. ACR may be useful to inform risk \npredictions within a prognostic model.\n© 2017 The Authors. Acta Obstetricia et Gynecologica Scandinavica published by \nJohn Wiley & Sons Ltd on behalf of Nordic Federation of Societies of Obstetrics \nand Gynecology (NFOG).', 'PURPOSE: The mode of delivery depends on multiple parameters. After assisted \nreproductive technology (ART), previous studies have shown elevated C-section \nrates but few studies differentiated between elective and emergency operations \nand different protocols of cryopreservation. Because these studies did not use \nmultiparity as exclusion criteria which reduces confounding with previous \npregnancies, aim of this study is to compare mode of delivery of different \ntechniques of ART using data of primiparae only [1, 2].\nMETHODS: Retrospective analysis of patient data treated at the university \nhospital of Luebeck in a period of 12 years. Patients were divided in different \ngroups according to their way of conception: spontaneous conception and']","A policy of early cesarean delivery in eclampsia, carrying ≥34 weeks, is not associated with better outcomes.",1.0
Does anastomotic leakage affect functional outcome after rectal resection for cancer?,"According to the provided context, specifically Document(id='896b2aa2-f80c-57b1-9b0c-f0fd8d483b12'), the answer is no, anastomotic leakage does not significantly affect functional outcome after rectal resection for cancer. The document states: ""The continence score in patients after anastomotic leakage did not differ significantly from that in patients without complications. Sphincter function was similar. Maximum tolerable volume and rectal compliance were slightly but not significantly worse after leakage."" and ""Continence function remained undisturbed after anastomotic leakage due to rectal resection.""","['BACKGROUND: Anastomotic leakage is the most threatening early complication in \nsphincter-preserving rectal cancer surgery. While the oncological consequences \nhave been well examined, only few data exist about the functional outcome.\nPATIENTS AND METHODS: We investigated continence function in 150 patients after \ncurative sphincter-preserving rectal cancer surgery. Functional results were \ncompared in 22 patients with a clinically relevant anastomotic leakage, \nconfirmed radiologically or endoscopically, and 128 patients with uneventful \nrecovery. Evaluation of continence function was based on the Cleveland Clinic \nContinence Score and was examined in all patients with anastomotic leakage and \nin 111 patients without complications 107+/-46 weeks postoperatively.', 'AIM: Colorectal resection is frequently performed during cytoreductive surgery \nfor gynaecological malignancy. The aim of this study was to assess the safety of \ncolorectal anastomosis, and especially low rectal anastomosis, in the absence of \na protective stoma in patients with gynaecological cancer and peritoneal \nmetastasis.\nMETHOD: Patient data were retrospectively collected from a database for \ngynaecological cancer procedures carried out between January 2013 and July 2015. \nAll patients who underwent a colorectal resection during cytoreduction were \nincluded in the study. The primary outcome was anastomotic leakage in the \npresence or absence of a diverting stoma. Secondary outcome parameters were \ncomplications and reoperations.', 'in 111 patients without complications 107+/-46 weeks postoperatively. \nAdditionally, 14 patients with anastomotic leakage and 58 patients with \nuneventful recovery underwent anorectal manometry 26+/-15 weeks postoperatively.\nRESULTS: The continence score in patients after anastomotic leakage did not \ndiffer significantly from that in patients without complications. Sphincter \nfunction was similar. Maximum tolerable volume and rectal compliance were \nslightly but not significantly worse after leakage.\nCONCLUSIONS: Continence function remained undisturbed after anastomotic leakage \ndue to rectal resection', 'OBJECTIVE: The quality of surgical excision is held to be a major determinant of \noutcome following surgery for rectal cancer. Macroscopic examination of the \nexcised mesorectum allows for reproducible assessment of the quality of surgery. \nWe aimed to determine whether quality of excision undertaken by colorectal \ntrainees under supervision was comparable with that performed by consultants, as \nmeasured using mesorectal grades.\nMETHOD: A total of 130 consecutive patients undergoing potentially curative \nresection for primary adenocarcinoma of the rectum in our centre from 2001 to \n2003 were included in the study. The pathologists graded the excised mesorectum \naccording to staged classification proposed by Quirke. The outcome (quality of', 'potentially curative resection. Furthermore, there were seven local recurrences \nin patients operated by consultants (7.8%) when compared with four in the \ntrainee group (9.5%) and once again there was no statistical significance \nbetween the two groups (P = 0.719).\nCONCLUSION: We conclude that the quality of rectal cancer excision, as defined \nby mesorectal grades, achieved by supervised colorectal trainees is comparable \nwith that achieved by consultants.']",Continence function remained undisturbed after anastomotic leakage due to rectal resection,1.0
Does septoplasty change the dimensions of compensatory hypertrophy of the middle turbinate?,"No, septoplasty does not change the dimensions of compensatory hypertrophy of the middle turbinate. According to the study, ""The dimensions of bony and mucosal components of the middle turbinate on concave and convex sides of the septum were not significantly changed by septoplasty."" (Document id='221f71f0-7251-555f-ad41-13af98cfe0c0') and ""The present study findings suggest that compensatory hypertrophy of the middle turbinate is not affected by septoplasty, even after one year."" (Document id='aa318a06-b8ab-5c8d-8d68-f15663153532')","['OBJECTIVE: To measure the dimensions of compensatory hypertrophy of the middle \nturbinate in patients with nasal septal deviation, before and after septoplasty.\nMETHODS: The mucosal and bony structures of the middle turbinate and the angle \nof the septum were measured using radiological analysis before septoplasty and \nat least one year after septoplasty. All pre- and post-operative measurements of \nthe middle turbinate were compared using the paired sample t-test and Wilcoxon \nrank sum test.\nRESULTS: The dimensions of bony and mucosal components of the middle turbinate \non concave and convex sides of the septum were not significantly changed by \nseptoplasty. There was a significant negative correlation after septoplasty', 'septoplasty. There was a significant negative correlation after septoplasty \nbetween the angle of the septum and the middle turbinate total area on the \ndeviated side (p = 0.033).\nCONCLUSION: The present study findings suggest that compensatory hypertrophy of \nthe middle turbinate is not affected by septoplasty, even after one year.', 'OBJECTIVE: To discuss and compare the results of suturing the nasal septum after \nseptoplasty with the results of nasal packing.\nMETHODS: A prospective study, which was performed at Prince Hashem Military \nHospital in Zarqa, Jordan and Prince Rashed Military Hospital in Irbid, Jordan \nbetween September 2005 and August 2006 included 169 consecutive patients that \nunderwent septoplasty. The patients were randomly divided into 2 groups. After \ncompletion of surgery, the nasal septum was sutured in the first group while \nnasal packing was performed in the second group.\nRESULTS: Thirteen patients (15.3%) in the first group and 11 patients (13%) in \nthe second group had minor oozing in the first 24 hours, 4 patients (4.8%) had', 'is almost the same as with nasal packing, and finally the hospital stay is less \nthan with nasal packing. Therefore, suturing of the nasal septum after \nseptoplasty should be a preferred alternative to nasal packing.', 'the second group had minor oozing in the first 24 hours, 4 patients (4.8%) had \nbleeding after removal of the pack in the second group. Four patients (4.8%) \ndeveloped septal hematoma in the second group. Two patients (2.4%) had septal \nperforation in the second group. One patient (1.1%) in the first group, and 5 \npatients (5.9%) in the second group had postoperative adhesions. Five patients \n(5.9%) were found to have remnant deviated nasal septum in each group. The \noperating time was 4 minutes longer in the first group.\nCONCLUSION: Septal suturing after septoplasty offers the following advantages: \nelimination of discomfort for the patients, minimal complications, the outcome \nis almost the same as with nasal packing, and finally the hospital stay is less']","The present study findings suggest that compensatory hypertrophy of the middle turbinate is not affected by septoplasty, even after one year.",1.0
Does the distribution of health care benefits in Kenya meet the principles of universal coverage?,"No, the distribution of health care benefits in Kenya does not meet the principles of universal coverage. According to the text, ""Benefits were distributed on the basis of ability to pay and not on need for care"" and ""The Kenyan health sector is clearly inequitable and benefits are not distributed on the basis of need."" (Document id='48714d11-a235-53d6-8af4-c296fe59a7e9')","['BACKGROUND: The 58th World Health Assembly called for all health systems to move \ntowards universal coverage where everyone has access to key promotive, \npreventive, curative and rehabilitative health interventions at an affordable \ncost. Universal coverage involves ensuring that health care benefits are \ndistributed on the basis of need for care and not on ability to pay. The \ndistribution of health care benefits is therefore an important policy question, \nwhich health systems should address. The aim of this study is to assess the \ndistribution of health care benefits in the Kenyan health system, compare \nchanges over two time periods and demonstrate the extent to which the \ndistribution meets the principles of universal coverage.', 'remained pro-rich. Larger pro-rich disparities were recorded for inpatient \ncompared to outpatient benefits at the hospital level, but primary health care \nservices were pro-poor. Benefits were distributed on the basis of ability to pay \nand not on need for care.\nCONCLUSIONS: The principles of universal coverage require that all should \nbenefit from health care according to need. The Kenyan health sector is clearly \ninequitable and benefits are not distributed on the basis of need. Deliberate \nefforts should be directed to restructuring the Kenyan health system to address \naccess barriers and ensure that all Kenyans benefit from health care when they \nneed it.', 'the domains of clinical, outreach, and family- and community-based services. For \nall 27 countries and a subset of 19 African countries, we conducted principal \ncomponent analysis to reduce the variables into a few components in each domain \nand applied linear regression to assess the correlation between changes in the \nprincipal components and changes in under-five mortality rates after controlling \nfor multiple potential confounding factors.\nRESULTS: AAC in under 5-mortality varied from 6.6% in Nepal to -0.9% in Kenya, \nwith six of the 19 African countries all experiencing less than a 1% decline in \nmortality. The strongest correlation with reductions in U5MR was observed for \naccess to clinical services (all countries: p = 0.02, r² = 0.58; 19 African', 'distribution meets the principles of universal coverage.\nMETHODS: Two nationally representative cross-sectional households surveys \nconducted in 2003 and 2007 were the main sources of data. A comprehensive \nanalysis of the entire health system is conducted including the public sector, \nprivate-not-for-profit and private-for-profit sectors. Standard benefit \nincidence analysis techniques were applied and adopted to allow application to \nprivate sector services.\nRESULTS: The three sectors recorded similar levels of pro-rich distribution in \n2003, but in 2007, the private-not-for-profit sector was pro-poor, public sector \nbenefits showed an equal distribution, while the private-for-profit sector \nremained pro-rich. Larger pro-rich disparities were recorded for inpatient', 'access to clinical services (all countries: p = 0.02, r² = 0.58; 19 African \ncountries p < 0.001, r² = 0.67). For outreach activities, AAC U5MR was \nsignificantly correlated with antenatal care and family planning services, while \nAAC in immunization services showed no association. In the family- and community \nservices domain, improvements in breastfeeding were associated with significant \nchanges in mortality in the 30 countries but not in the African subset; while in \nthe African countries, nutritional status improvements were associated with a \nsignificant decline in mortality.\nCONCLUSIONS: Our findings support the importance of increasing access to \nclinical services, certain outreach services and breastfeeding and, in Africa,']",The principles of universal coverage require that all should benefit from health care according to need. The Kenyan health sector is clearly inequitable and benefits are not distributed on the basis of need. Deliberate efforts should be directed to restructuring the Kenyan health system to address access barriers and ensure that all Kenyans benefit from health care when they need it.,1.0
Can multiple SNP testing in BRCA2 and BRCA1 female carriers be used to improve risk prediction models in conjunction with clinical assessment?,"Yes, multiple SNP testing in BRCA2 and BRCA1 female carriers can be used to improve risk prediction models in conjunction with clinical assessment. According to the context, ""We found improvement in prediction performance when coupling the genetic SNP score with clinical/demographic markers..."" (Document id='67ca7ba6-f56e-5ada-8649-99ab645552db'). This suggests that incorporating genetic SNP scores into risk models, in addition to clinical and demographic information, can enhance predictive ability for BRCA1 and BRCA2 carriers.","['BACKGROUND: Several single nucleotide polymorphisms (SNPs) at different loci \nhave been associated with breast cancer susceptibility, accounting for around \n10% of the familial component. Recent studies have found direct associations \nbetween specific SNPs and breast cancer in BRCA1/2 mutation carriers. Our aim \nwas to determine whether validated susceptibility SNP scores improve the \npredictive ability of risk models in comparison/conjunction to other \nclinical/demographic information.\nMETHODS: Female BRCA1/2 carriers were identified from the Manchester genetic \ndatabase, and included in the study regardless of breast cancer status or age. \nDNA was extracted from blood samples provided by these women and used for gene', ""DNA was extracted from blood samples provided by these women and used for gene \nand SNP profiling. Estimates of survival were examined with Kaplan-Meier curves. \nMultivariable Cox proportional hazards models were fit in the separate BRCA \ndatasets and in menopausal stages screening different combinations of \nclinical/demographic/genetic variables. Nonlinear random survival forests were \nalso fit to identify relevant interactions. Models were compared using Harrell's \nconcordance index (1 - c-index).\nRESULTS: 548 female BRCA1 mutation carriers and 523 BRCA2 carriers were \nidentified from the database. Median Kaplan-Meier estimate of survival was 46.0 \nyears (44.9-48.1) for BRCA1 carriers and 48.9 (47.3-50.4) for BRCA2. By fitting"", 'years (44.9-48.1) for BRCA1 carriers and 48.9 (47.3-50.4) for BRCA2. By fitting \nCox models and random survival forests, including both a genetic SNP score and \nclinical/demographic variables, average 1 - c-index values were 0.221 (st.dev. \n0.019) for BRCA1 carriers and 0.215 (st.dev. 0.018) for BRCA2 carriers.\nCONCLUSIONS: Random survival forests did not yield higher performance compared \nto Cox proportional hazards. We found improvement in prediction performance when \ncoupling the genetic SNP score with clinical/demographic markers, which warrants \nfurther investigation.', 'INTRODUCTION: A genetic component is well established in the etiology of breast \ncancer. It is not well known, however, whether genetic traits also influence \nprognostic features of the malignant phenotype.\nMETHODS: We carried out a population-based cohort study in Sweden based on the \nnationwide Multi-Generation Register. Among all women with breast cancer \ndiagnosed from 1961 to 2001, 2,787 mother-daughter pairs and 831 sister pairs \nwith breast cancer were identified; we achieved complete follow-up and \nclassified 5-year breast cancer-specific prognosis among proband (mother or \noldest sister) into tertiles as poor, intermediary, or good. We used \nKaplan-Meier estimates of survival proportions and Cox models to calculate', 'had molecular results consistent with a germline mutation.\nCONCLUSION: Overall, 7% of women in our cohort met either clinical or molecular \ncriteria for Lynch syndrome. All of these women had a prior history or a \nfirst-degree relative with an HNPCC-associated cancer. Limiting genetic \nevaluation to women with synchronous endometrial and ovarian cancer who have a \nfamily history suggestive of HNPCC may appropriately identify women with Lynch \nsyndrome.']","Random survival forests did not yield higher performance compared to Cox proportional hazards. We found improvement in prediction performance when coupling the genetic SNP score with clinical/demographic markers, which warrants further investigation.",1.0
Canada's Compassionate Care Benefit: is it an adequate public health response to addressing the issue of caregiver burden in end-of-life care?,"Based on the provided context, it can be inferred that Canada's Compassionate Care Benefit (CCB) has the potential to serve as a public health response to caregiver burden in end-of-life care. The CCB is a contributory benefits social program aimed at informal palliative/end-of-life (P/EOL) caregivers, and its operation as a public health response is being examined in relation to sustaining informal caregivers providing P/EOL care.

The context suggests that the CCB may address some aspects of caregiver burden, as it is being evaluated in relation to the population health promotion (PHP) model, which considers the determinants of health. However, the context does not provide conclusive evidence on whether the CCB is an adequate public health response to addressing caregiver burden.

A study mentioned in the context conducted 57 telephone interviews with Canadian informal P/EOL caregivers, which found that informal caregivers spoke to several of the determinants of health. However, the context does not provide detailed findings on the effectiveness of the CCB in addressing caregiver burden.

Therefore, based on the provided context, it cannot be conclusively determined whether Canada's Compassionate Care Benefit is an adequate public health response to addressing the issue of caregiver burden in end-of-life care. Further analysis of the study's findings and evaluation of the CCB's effectiveness is required to make a definitive assessment.","[""BACKGROUND: An increasingly significant public health issue in Canada, and \nelsewhere throughout the developed world, pertains to the provision of adequate \npalliative/end-of-life (P/EOL) care. Informal caregivers who take on the \nresponsibility of providing P/EOL care often experience negative physical, \nmental, emotional, social and economic consequences. In this article, we \nspecifically examine how Canada's Compassionate Care Benefit (CCB)--a \ncontributory benefits social program aimed at informal P/EOL \ncaregivers--operates as a public health response in sustaining informal \ncaregivers providing P/EOL care, and whether or not it adequately addresses \nknown aspects of caregiver burden that are addressed within the population \nhealth promotion (PHP) model."", 'potential it holds for serving as one public health response to caregiver burden \nthat forms part of a healthy public policy that addresses the determinants of \nthis burden.', ""health promotion (PHP) model.\nMETHODS: As part of a national evaluation of Canada's Compassionate Care \nBenefit, 57 telephone interviews were conducted with Canadian informal P/EOL \ncaregivers in 5 different provinces, pertaining to the strengths and weaknesses \nof the CCB and the general caregiving experience. Interview data was coded with \nNvivo software and emerging themes were identified by the research team, with \nsuch findings published elsewhere. The purpose of the present analysis was \nidentified after comparing the findings to the literature specific to caregiver \nburden and public health, after which data was analyzed using the PHP model as a \nguiding framework.\nRESULTS: Informal caregivers spoke to several of the determinants of health"", 'method data collection strategies to assess feasibility, we conducted a baseline \naudit of staff and clients; analysed relevant documents (client records, \npolicies, procedures and quality improvement strategies) pre-implementation and \npost-implementation and conducted key informant interviews (n\u2003=\u20039).\nSETTINGS AND PARTICIPANTS: Three community palliative care services: one \nregional and two metropolitan services in Victoria, Australia.\nRESULTS: The services demonstrated that it was feasible to embed the Model into \ntheir organizational structures. Advance care planning conversations and \ninvolvement of family was an important outcome measure rather than completion \nrate of advance care planning documents in community settings. Services adapted', 'OBJECTIVES: To compare analgesic management of daily pain for dying nursing home \nresidents enrolled and not enrolled in Medicare hospice.\nDESIGN: Retrospective, comparative cohort study.\nSETTING: Over 800 nursing homes in Kansas, Maine, Mississippi, New York, and \nSouth Dakota.\nPARTICIPANTS: A subset of residents with daily pain near the end of life taken \nfrom a matched cohort of hospice (2,644) and nonhospice (7,929) nursing home \nresidents who had at least two resident assessments (Minimum Data Sets (MDSs)) \ncompleted, their last between 1992 and 1996, and who died before April 1997. The \ndaily pain subset consisted of 709 hospice and 1,326 nonhospice residents.\nMEASUREMENTS: Detailed drug use data contained on the last MDS before death were']","This study, from the perspective of family caregivers, demonstrates that the CCB is not living up to its full potential in sustaining informal P/EOL caregivers. Effort is required to transform the CCB so that it may fulfill the potential it holds for serving as one public health response to caregiver burden that forms part of a healthy public policy that addresses the determinants of this burden.",1.0
Does a family meetings intervention prevent depression and anxiety in family caregivers of dementia patients?,"No, the family meetings intervention does not prevent depression and anxiety in family caregivers of dementia patients. According to the study, ""The intervention was not superior to usual care either in reducing the risk of disorder onset (adjusted IRR 0.98; 95% CI 0.69 to 1.38) or in reducing depressive (randomization-by-time interaction coefficient = -1.40; 95% CI -3.91 to 1.10) or anxiety symptoms (randomization-by-time interaction coefficient = -0.55; 95% CI -1.59 to 0.49)"" (Document id='8c16a9ff-3431-509a-a9b4-e55ee61e3f91'). Additionally, the study found that a substantial number of caregivers (72/192) developed a depressive or anxiety disorder within 12 months, despite the intervention (Document id='e4147151-7fac-54c7-b3a3-57d1e628c9b9').","['anxiety disorder within 12 months. The intervention was not superior to usual \ncare either in reducing the risk of disorder onset (adjusted IRR 0.98; 95% CI \n0.69 to 1.38) or in reducing depressive (randomization-by-time interaction \ncoefficient\u200a=\u200a-1.40; 95% CI -3.91 to 1.10) or anxiety symptoms \n(randomization-by-time interaction coefficient\u200a=\u200a-0.55; 95% CI -1.59 to 0.49). \nThe intervention did not reduce caregiver burden or their health related quality \nof life.\nCONCLUSION: This study did not demonstrate preventive effects of family meetings \non the mental health of family caregivers. Further research should determine \nwhether this intervention might be more beneficial if provided in a more \nconcentrated dose, when applied for therapeutic purposes or targeted towards', 'BACKGROUND: Family caregivers of dementia patients are at increased risk of \ndeveloping depression or anxiety. A multi-component program designed to mobilize \nsupport of family networks demonstrated effectiveness in decreasing depressive \nsymptoms in caregivers. However, the impact of an intervention consisting solely \nof family meetings on depression and anxiety has not yet been evaluated. This \nstudy examines the preventive effects of family meetings for primary caregivers \nof community-dwelling dementia patients.\nMETHODS: A randomized multicenter trial was conducted among 192 primary \ncaregivers of community dwelling dementia patients. Caregivers did not meet the \ndiagnostic criteria for depressive or anxiety disorder at baseline. Participants', 'diagnostic criteria for depressive or anxiety disorder at baseline. Participants \nwere randomized to the family meetings intervention (n\u200a=\u200a96) or usual care \n(n\u200a=\u200a96) condition. The intervention consisted of two individual sessions and \nfour family meetings which occurred once every 2 to 3 months for a year. Outcome \nmeasures after 12 months were the incidence of a clinical depressive or anxiety \ndisorder and change in depressive and anxiety symptoms (primary outcomes), \ncaregiver burden and quality of life (secondary outcomes). Intention-to-treat as \nwell as per protocol analyses were performed.\nRESULTS: A substantial number of caregivers (72/192) developed a depressive or \nanxiety disorder within 12 months. The intervention was not superior to usual', 'study criteria.\nMAIN OUTCOME MEASURES: Demographic variables, functional status of the care \nreceiver, use of home care services, and needs assessment to identify additional \nservices.\nRESULTS: An average of 75.4% respondents did not use formal support services. \nJust under half of caregivers were dissatisfied with the attention they received \nfrom the health care system, and more than one third expressed feelings of \nstress, depression, guilt, and isolation.\nCONCLUSIONS: Hypotheses for this discontent are presented. Physicians may be \nuninterested in helping caregivers; even if they were receptive to counseling \ncaregivers, they could be poorly remunerated for the types of counseling \nsessions that are usual for caregivers; and being a professional caregiver to', 'were collected. Data analysis was carried out by means of cross-tabulation \nanalyses and the chi-square test.\nRESULTS: The requests most frequently expressed by the older group concerned \nfinancial-insurance information (73.9%), the need to talk to people with the \nsame illness (71.7%), the need to receive more comprehensible information from \ndoctors and nurses (71.7%), and the need for a better dialogue with clinicians \n(69.6%). Few significant differences between the two age subgroups were found, \nwith the exception of issues such as the need for intimacy and support.\nCONCLUSIONS: Elderly patients have informational and relational needs similar to \nthose of younger patients. In fact, most of the whole sample flagged up the need']","This study did not demonstrate preventive effects of family meetings on the mental health of family caregivers. Further research should determine whether this intervention might be more beneficial if provided in a more concentrated dose, when applied for therapeutic purposes or targeted towards subgroups of caregivers.",1.0
Can we measure mesopic pupil size with the cobalt blue light slit-lamp biomicroscopy method?,"Yes, the context mentions a ""slit-lamp biomicroscopy-based method (SLBM)"" which is used to measure pupil diameter, and it is compared to Colvard infrared pupillometry (CIP). Although the context does not explicitly mention ""cobalt blue light"", it does mention ""slit-lamp biomicroscopy"" which is related to the measurement of mesopic pupil size. However, it is worth noting that the SLBM is found to underestimate mesopic pupil size and shows low sensitivity in detecting pupils larger than 6 mm.","[""BACKGROUND: The aim of this work is to assess a previously described slit-lamp \nbiomicroscopy-based method (SLBM) for measuring pupil diameter and compare it to \nColvard infrared pupillometry (CIP).\nMETHODS: Two examiners performed three repeated measurements with each \ninstrument in 40 healthy eyes. We determined the agreement of SLBM and CIP, \nintraobserver and interobserver repeatabilities, and interobserver concordance \n(kappa) and SLBM ability for detecting pupil sizes over 6.0\xa0mm.\nRESULTS: The mean (±standard deviation [SD]) pupil diameter was 5.81 ± 0.70\xa0mm \nwith SLBM and 6.26 ± 0.68\xa0mm with CIP (p\u2009=\u20090.01) averaging both examiner's \nresults. Mean differences between the SLBM and CIP were -0.60\xa0mm and -0.30\xa0mm"", 'PURPOSE: The precise correction of refractive error is especially important in \nyoung adults. It is unclear whether cycloplegic refraction is necessary in this \nage group. The purpose of this study was to compare the non-cycloplegic and \ncycloplegic spherical equivalent (SE) refractive error measured in young adults.\nMETHODS: This was a prospective study of 1400 eyes (n\u2009=\u2009700) of enlisted \nsoldiers aged 18 to 21\xa0years who were consecutively evaluated in an outpatient \narmy ophthalmology clinic. One drop of cyclopentolate 1\xa0% was installed twice \n10\xa0min apart, and cycloplegic refraction was performed in both eyes 40\xa0min later \nusing an auto-refractor. The difference between non-cycloplegic and cycloplegic \nrefractive measurements was analyzed.', 'than 6\xa0mm ranged from 55.56% to 73.68% and from 76.19% to 95.45%, respectively. \nThe best trade-off between sensitivity and specificity ranged from 5.4\xa0mm to \n6.2\xa0mm.\nCONCLUSIONS: Although the SLBM is quite repeatable, it underestimates mesopic \npupil size and shows a too wide range of agreement with CIP. SLBM shows low \nsensitivity in detecting pupils larger than 6\xa0mm, which may be misleading when \nplanning anterior segment surgery. Previous grading-consensus training \nstrategies may increase interrater reproducibility, and compensation for the \nsystematic underestimation could improve accuracy of the SLBM.', 'AIM: To ascertain whether recovery of visual function in amblyopic eyes is \nlikely to occur when the fellow eye is lost as a result of age related macular \ndegeneration.\nMETHODS: The records of 465 patients with an established diagnosis of age \nrelated macular degeneration who had attended a specialist macular clinic \nbetween 1990 and 1998 were scrutinised. A full clinical examination and \nstandardised refraction had been carried out in 189 of these cases on a minimum \nof two occasions. Cases were looked for where an improvement of one or more \nlines of either distance or near acuity was recorded in the eye unaffected by \nmacular disease. In each one of these cases the improvement in visual acuity \ncould not be attributed to treatment of other existing pathology.', 'correction of the refractive error with eyeglasses, a refractive adaptation \nphase and occlusion by patching the fellow eye.\nRESULTS: The mean visual acuity of the amblyopic eyes significantly increased \nfrom 0.35\u2009±\u20090.3 to 0.16\u2009±\u20090.2 logMAR after the treatment (p\u2009<\u20090.001). The mean \ninitial choroidal thickness was significantly higher in the amblyopic eyes than \nin the fellow eyes (p\u2009=\u20090.019). There were no significant differences between \nthe pre- and post-treatment mean choroidal thickness in the amblyopic eyes \n(p\u2009=\u20090.428) and in the fellow eyes (p\u2009=\u20090.343). The mean choroidal thickness was \nstill higher in the amblyopic eyes than in the fellow eyes after the treatment \n(p\u2009=\u20090.006).\nCONCLUSIONS: Although a six-month treatment of amblyopia increased the visual']","Although the SLBM is quite repeatable, it underestimates mesopic pupil size and shows a too wide range of agreement with CIP. SLBM shows low sensitivity in detecting pupils larger than 6 mm, which may be misleading when planning anterior segment surgery. Previous grading-consensus training strategies may increase interrater reproducibility, and compensation for the systematic underestimation could improve accuracy of the SLBM.",0.8333333333333334
Does minimal access major surgery in the newborn hurt less?,"According to the provided context, specifically the document with id 'f049cbe1-1e75-5e45-a213-eea9b2df2b0e', the answer is not explicitly stated. However, the background section mentions that ""Minimal access surgery (MAS) in adults is associated with less postoperative pain in comparison to conventional 'open' surgery. It is not known whether this holds true for neonates as well.""

This suggests that the study aims to investigate whether minimal access surgery in newborns is associated with less pain, but the outcome of the study is not provided in the given context. Therefore, based on the available information, it is not possible to conclude whether minimal access major surgery in the newborn hurts less.","[""BACKGROUND: Minimal access surgery (MAS) in adults is associated with less \npostoperative pain in comparison to conventional 'open' surgery. It is not known \nwhether this holds true for neonates as well. Less pain would imply that opioid \nconsumption can be reduced, which has a beneficial effect on morbidity.\nAIM: To evaluate potential differences in' opioid consumption between neonates \nundergoing thoracoscopic minimal access surgery or conventional surgery of \nesophageal atresia (EA) and congenital diaphragmatic hernia (CDH).\nMETHODS: In this retrospective cohort study we included two controls for each \nMAS patient, matched on diagnosis, sex and age at surgery. Opioid dose titration \nwas based on validated pain scores (VAS and COMFORT behaviour), applied by"", 'majority were children. In our audit we found no difference with regard to grade \nof surgeons, method of hemostasis in the outcome of surgery. Moreover, \npostoperative antibiotics had no role in pain control, postoperative fever, \nsecondary hemorrhage or reduction in hospital stay. The administration of \nanalgesics on the basis of, as required, had poor pain control.\nCONCLUSION: Post tonsillectomy antibiotics did not prove to have a role in \nminimizing postoperative morbidity. Moreover, analgesics given on the basis of \nas required had a limited value.', 'any parameter. No specific concerns related to the absence of general surgery \nwere identified.\nCONCLUSIONS: Effective undergraduate surgical education can be offered in many \nspecialty settings. Removal of the requirement for general surgery in clerkship \nmay lead to a more effective use of all educational opportunities. A careful \nanalysis of local programs and facilities is necessary before suggesting this \nchange to other institutions.', 'hours. Operative complications were fundus tear (n = 8), significant bleeding (n \n= 4), bougie perforation (n = 1), small bowel enterotomy (n = 1), and tension \npneumothorax (n = 1). The conversion rate (from laparoscopic to an open \nprocedure) was 20% overall (9 patients) but 0% in the last 10 patients. \nMortality was 0%. The mean +/- SEM hospital stay was 2.3+/-0.9 days for \noperations completed laparoscopically. Follow-up was possible in 35 patients \n(76%) at 17.2+/-11.8 months. The well-being score (1 best; 10, worst) was \n8.6+/-2.1 before and 2.9+/-2.4 after surgery (P<.001). Thirty-one (89%) of 35 \npatients were satisfied with their decision to have reoperation.\nCONCLUSIONS: Antireflux surgery failures are most commonly associated with', 'out showed improved functional outcomes (P\xa0<\xa00.05) in operative treatment.\nCONCLUSIONS: The available evidence suggests that the operative treatment for \nDMCF is associated with a lower rate of nonunion, malunion and complication than \nnonoperative treatment. This study supports traditional primary operative \ntreatment for DMCF in active adults.']",Minimal access surgery for the repair of esophageal atresia or congenital diaphragmatic hernia is not associated with less cumulative opioid doses.,1.0
Do healthier lifestyles lead to less utilization of healthcare resources?,"No, healthier lifestyles do not necessarily lead to less utilization of healthcare resources. According to Document(id='05aa50bc-530c-51a9-b3a8-7e52d63aabc3'), ""Healthy lifestyles lead to an increase in the utilization of preventive health services."" This suggests that individuals with healthier lifestyles may actually use more healthcare resources, specifically preventive services, rather than fewer.","['were enrolled in this study. Independent t-tests, chi-square tests, one-way \nANOVA, multiple linear regression and binominal logistic regression were used in \nthe data analysis.\nRESULTS: The regression model for the frequency of doctor visits, health \nexaminations, and whether the same physician is sought for medical care has \ndemonstrated significant correlations with gender, age and education-level \nvariables. Four health behaviors (i.e., exercise habits, dietary habits, regular \nblood pressure measurement, drinking habits) exhibited a significant correlation \nwith healthcare utilization (P <0.05).\nCONCLUSIONS: Healthy lifestyles lead to an increase in the utilization of \npreventive health services. However, there is not much significantly reducing', 'OBJECTIVE: Health services often spend more on safety interventions than seems \ncost-effective. This study investigates whether the public value safety-related \nhealth care improvements more highly than the same improvements in contexts \nwhere the health care system is not responsible.\nMETHOD: An online survey was conducted to elicit the relative importance placed \non preventing harms caused by 1) health care (hospital-acquired infections, drug \nadministration errors, injuries to health care staff), 2) individuals (personal \nlifestyle choices, sports-related injuries), and 3) nature (genetic disorders). \nDirect valuations were obtained from members of the public by using a person \ntrade-off or ""matching"" method. Participants were asked to choose between two', 'INTRODUCTION: Medicare beneficiaries who have chronic conditions are responsible \nfor a disproportionate share of Medicare fee-for-service expenditures. The \nobjective of this study was to analyze the change in the health of Medicare \nbeneficiaries enrolled in Part A (hospital insurance) between 2008 and 2010 by \ncomparing the prevalence of 11 chronic conditions.\nMETHODS: We conducted descriptive analyses using the 2008 and 2010 Chronic \nConditions Public Use Files, which are newly available from the Centers for \nMedicare and Medicaid Services and have administrative (claims) data on 100% of \nthe Medicare fee-for-service population. We examined the data by age, sex, and \ndual eligibility (eligibility for both Medicare and Medicaid).', 'BACKGROUND: Governments are urged to determine methods to control the use of \nmedical resources and curb the rise of healthcare costs. The question is, do \nhealth behaviors have an impact on the use of medical resources? This study aims \nto identify and understand the difference in the number of outpatient visits and \nhealth examinations based on various health behaviors and to determine whether \npatients seek medical care for illness from the same physicians.\nMETHODS: This study used the dataset derived from the Department of Budget, \nAccounting and Statistics of Kaohsiung, Taiwan in 2005. Persons older than \n15\xa0years were surveyed using an on-site questionnaire. A total of 2911 persons \nwere enrolled in this study. Independent t-tests, chi-square tests, one-way', 'differences by sex or dual eligibility or both.\nCONCLUSION: Analyzing the prevalence of 11 chronic conditions by using Medicare \nclaims data provides a monitoring tool that can guide health care providers and \npolicy makers in devising strategies to address chronic conditions and rising \nhealth care costs.']","Healthy lifestyles lead to an increase in the utilization of preventive health services. However, there is not much significantly reducing the number of outpatient visits in people with health behaviors. Specifically, people with regular exercise habits and who take their blood pressure measurement regularly have an increased number of outpatient visits. It is suggested that more available and accessible health consultation services be provided to inculcate in the general public the importance of maintaining a healthy lifestyle.",1.0
Location and number of sutures placed for hiatal hernia repair during laparoscopic adjustable gastric banding: does it matter?,"According to the provided context, the technical aspects of hiatal hernia repair (HHR) during laparoscopic adjustable gastric banding (LAGB), such as the location and number of sutures, are not standardized. However, it is suggested that these details may be associated with differing rates of reoperation for band-related problems. A retrospective analysis was performed to investigate this, but the context does not provide conclusive evidence or results. Therefore, based on the provided context, it is unknown whether the location and number of sutures matter.","['BACKGROUND: It has been demonstrated that hiatal hernia repair (HHR) during \nlaparoscopic adjustable gastric banding (LAGB) decreases the rate of \nreoperation. However, the technical aspects (location and number of sutures) are \nnot standardized. It is unknown whether such technical details are associated \nwith differing rates of reoperation for band-related problems.\nMETHODS: A retrospective analysis was performed from a single institution, \nincluding 2,301 patients undergoing LAGB with HHR from July 1, 2007 to December \n31, 2011. Independent variables were number and location of sutures. Data \ncollected included demographics, operating room (OR) time, length of stay (LOS), \nfollow-up time, postoperative BMI/%EWL, and rates of readmission/reoperation.', 'CONCLUSIONS: Antireflux surgery failures are most commonly associated with \nhiatal herniation, followed by the breakdown of the fundoplication. The \nlaparoscopic approach may be used successfully to treat patients with failed \nantireflux operations. Good results were achieved despite the technical \ndifficulty of the procedures.', 'INTRODUCTION: Laparoscopy has rapidly emerged as the preferred surgical approach \nto a number of different diseases because it allows for a correct diagnosis and \nproper treatment. It seems to be moving toward the use of mini-instruments (5 mm \nor less in diameter). The aim of this paper is to illustrate retrospectively the \nresults of an initial experience of minilaparoscopic transabdominal \npreperitoneal (miniTAPP) repair of groin hernia defects performed at two \ninstitutions.\nMATERIALS AND METHODS: Between February 2000 and December 2003, a total of 303 \npatients (mean age, 45 years) underwent a miniTAPP procedure: 213 patients \n(70.2%) were operated on bilaterally and 90 (28.7%) for a unilateral defect, \nwith a total of 516 hernia defects repaired. The primary endpoint was the', 'with a total of 516 hernia defects repaired. The primary endpoint was the \nfeasibility rate for miniTAPP. The secondary endpoint was the incidence of \nmini-TAPP-related complications.\nRESULTS: No conversions to laparoscopy or an anterior open approach were \nrequired. There were no major complications, while minor complications ranged as \nhigh as 0.3%.\nCONCLUSION: While limited by its retrospective design, the present study \nindicates that the minilaparoscopic approach to groin hernia repair is safe and \neffective, making miniTAPP a challenging alternative to laparoscopy in the \napproach to groin hernia repair.', 'fundoplication breakdown (20 patients [43%]), fundoplication slippage (9 \npatients [20%]), tight fundoplication (5 patients [11%]), misdiagnosed achalasia \n(2 patients [4%]), and displaced Angelchik prosthesis (2 patients [4%]). \nTwenty-two patients (48%) had more than 1 cause. Laparoscopic reoperative \nprocedures were Nissen fundoplication (n = 22), Toupet fundoplication (n = 13), \nparaesophageal hernia repair (n = 4), Dor procedure (n = 2), Angelchik \nprosthesis removal (n = 2), Heller myotomy (n = 2), and the takedown of a wrap \n(n = 1). In addition, 18 patients required crural repair and 13 required \nparaesophageal hernia repair. The mean +/- SEM duration of surgery was 3.5+/-1.1 \nhours. Operative complications were fundus tear (n = 8), significant bleeding (n']","Patients with fewer or anterior sutures have shorter OR times. However, 30-day readmission, band-related reoperation, and postoperative weight loss were unaffected by number or location of suture. The technical aspects of HHR did not appear to be associated with readmission or reoperation, and therefore a standardized approach may not be necessary.",1.0
Does increased patient awareness improve accrual into cancer-related clinical trials?,"No, increased patient awareness does not necessarily improve accrual into cancer-related clinical trials. According to the provided context, educational interventions designed to increase patient awareness and satisfaction with information on clinical research were successful in improving patient satisfaction, but did not result in an increase in subsequent enrollment in clinical trials (Document id='620ee461-4eba-50c5-a588-f1d8bfee7a9e' and Document id='b554beb1-c918-548d-a103-adc2651c9b24').","[""BACKGROUND: Oncology literature cites that only 2% to 4% of patients participate \nin research. Up to 85% of patients are unaware that clinical trials research is \nbeing conducted at their treatment facility or that they might be eligible to \nparticipate.\nOBJECTIVES: It was hypothesized that patients' satisfaction with information \nregarding clinical trials would improve after targeted educational \ninterventions, and accruals to clinical trials would increase in the year \nfollowing those interventions.\nMETHODS: All new patients referred to the cancer center over a 4-month period \nwere mailed a baseline survey to assess their knowledge of clinical research. \nSubsequently, educational interventions were provided, including an orientation"", 'Subsequently, educational interventions were provided, including an orientation \nsession highlighting clinical trials, a pamphlet, and a reference to a clinical \ntrials Web site. A postintervention survey was sent to the responders of the \ninitial survey 3 months after the initial mailing.\nRESULTS: Patient satisfaction with information significantly increased after the \ninterventions. There was no increase in subsequent enrollment in clinical \ntrials. Patients who indicated an inclination to participate in clinical trials \ntended to have greater satisfaction with the information they received.\nCONCLUSIONS: A set of educational interventions designed for cancer patients \nsignificantly improved their satisfaction with information on clinical research,', 'period, but were not entered into the SAKK study, as well as the remaining 57 \npatients treated during the study period for the same indication (remaining \ngroup).\nRESULTS: Median overall survival decreased from 76.3 months in the protocol \ngroup to 52.1 months in the matched group and to 20.3 months in the remaining \ngroup. The respective times of median recurrence-free survival were 67.2, 16.0, \nand 9.4 months. Tumor progression occurred in 46% of the protocol group compared \nwith 69% in the matched group and 65% in the remaining group (P < .05). \nCancer-related death was noted in 40% of the protocol group, 57% in the matched \ngroup, and 56% in the remaining group.\nCONCLUSION: These data suggest that being willing and fit enough for a', ""significantly improved their satisfaction with information on clinical research, \nbut did not improve clinical trial enrollment of these participants as of 1 year \nafter the study.\nIMPLICATIONS FOR PRACTICE: The development of educational interventions may be \njustified, but such interventions may require prolonged implementation to \nestablish benefit. Information relating to research may be most effectively \ndelivered by patients' primary cancer care providers."", ""patient outcomes, the authors' findings demonstrate that this alone does not \nensure uptake. It is important to understand end-users, the environment in which \nthey operate, and the basic infrastructure required to implement such a system. \nImplementation must also be accompanied by continuing education and endorsement \nto ensure both long-term sustainability and use of the system to its full \npotential.\n(c) 2009 American Cancer Society.""]","A set of educational interventions designed for cancer patients significantly improved their satisfaction with information on clinical research, but did not improve clinical trial enrollment of these participants as of 1 year after the study.",1.0
Does quantitative left ventricular regional wall motion change after fibrous tissue resection in endomyocardial fibrosis?,"No, left ventricular wall motion in the five regions did not differ between pre- and postoperative measurements, indicating that quantitative left ventricular regional wall motion does not change after fibrous tissue resection in endomyocardial fibrosis. (Source: Document id='c2679a49-ef1b-5e75-b6e9-1d61a681d70b' and Document id='92b58f90-5a52-59c3-8fb5-7cbcb13e0024')","['OBJECTIVES: We compared left ventricular regional wall motion, the global left \nventricular ejection fraction, and the New York Heart Association functional \nclass pre- and postoperatively.\nINTRODUCTION: Endomyocardial fibrosis is characterized by fibrous tissue \ndeposition in the endomyocardium of the apex and/or inflow tract of one or both \nventricles. Although left ventricular global systolic function is preserved, \npatients exhibit wall motion abnormalities in the apical and inferoapical \nregions. Fibrous tissue resection in New York Heart Association FC III and IV \nendomyocardial fibrosis patients has been shown to decrease morbidity and \nmortality.\nMETHODS: We prospectively studied 30 patients (20 female, 30+/-10 years) before', 'postoperatively, respectively). The New York Heart Association functional class \nimproved to class I in 40% and class II in 43% of patients postoperatively \n(p<0.05).\nCONCLUSIONS: Although endomyocardial fibrosis patients have improved clinical \nsymptoms after surgery, the global left ventricular ejection fraction and \nregional wall motion in these patients do not change. This finding suggests that \nother explanations, such as improvements in diastolic function, may be \noperational.', 'mortality.\nMETHODS: We prospectively studied 30 patients (20 female, 30+/-10 years) before \nand 5+/-8 months after surgery. The left ventricular ejection fraction was \ndetermined using the area-length method. Regional left ventricular motion was \nmeasured by the centerline method. Five left ventricular segments were analyzed \npre- and postoperatively. Abnormality was expressed in units of standard \ndeviation from the mean motion in a normal reference population.\nRESULTS: Left ventricular wall motion in the five regions did not differ between \npre- and postoperative measurements. Additionally, the left ventricular ejection \nfraction did not change after surgery (0.45+/-0.13% x 0.43+/-0.12% pre- and \npostoperatively, respectively). The New York Heart Association functional class', ""AIMS: We explored whether QT corrected dispersion (QTcD) can identify left \nventricular hypertrophy (LVH) in hypertensives.\nMETHODS: We enrolled 100 hypertensive patients (study group) and 30 normotensive \nsubjects (control group). Echocardiography was performed to measure left \nventricular mass and left ventricular mass index. Electrocardiogram was \nperformed to measure QTcD.\nRESULTS: LVH was present in 42 patients (42%) of the study group, none among \ncontrols. Hypertensive patients had significantly greater indices of LVH and \nQTcD compared with controls (p <0.001 for all). Similarly, among hypertensive \npatients, those with LVH had a significantly greater QTcD compared with those \nwithout (p <0.001). Pearson's correlation coefficient test demonstrated strongly"", 'OBJECTIVE: We compare 30-day and 180-day postadmission hospital mortality rates \nfor all Medicare patients and those in three categories of cardiac care: \ncoronary artery bypass graft surgery, acute myocardial infarction, and \ncongestive heart failure. DATA SOURCES/COLLECTION: Health Care Financing \nAdministration (HCFA) hospital mortality data for FY 1989.\nSTUDY DESIGN: Using hospital level public use files of actual and predicted \nmortality at 30 and 180 days, we constructed residual mortality measures for \neach hospital. We ranked hospitals and used receiver operating characteristic \n(ROC) curves to compare 0-30, 31-180, and 0-180-day postadmission mortality.\nPRINCIPAL FINDINGS: For the admissions we studied, we found a broad range of']","Although endomyocardial fibrosis patients have improved clinical symptoms after surgery, the global left ventricular ejection fraction and regional wall motion in these patients do not change. This finding suggests that other explanations, such as improvements in diastolic function, may be operational.",1.0
Does the aggressive use of polyvalent antivenin for rattlesnake bites result in serious acute side effects?,"No, the aggressive use of polyvalent antivenin for rattlesnake bites does not result in serious acute side effects. According to the context, acute side effects of antivenin occurred in 12 patients (18%), and these consisted solely of urticaria in all but 1 patient. This patient had a history of previous antivenin reaction and required a short course of intravenous epinephrine for blood pressure support. No deaths, amputations, or permanent disability from snakebite occurred in the patients receiving antivenin. The conclusion states that the administration of polyvalent Crotalidae antivenin is safe, and serious side effects are uncommon.","['OBJECTIVE: To determine the incidence and severity of acute side effects from \nthe use of polyvalent antivenin in victims of rattlesnake bites.\nDESIGN: We retrospectively reviewed the records of all patients who presented \nwith rattlesnake bites to a university teaching hospital during an 11-year \nperiod. From patient medical records, we extracted demographic data, clinical \nmeasurements, and outcomes during emergency department evaluation and subsequent \nhospitalization. Data regarding serum sickness were not collected.\nOUTCOME MEASURES: Primary outcome variables were the occurrence of immediate \nhypersensitivity reaction to antivenin, the type of reaction, permanent \ndisability at hospital discharge, and mortality.', 'disability at hospital discharge, and mortality.\nRESULTS: We identified a total of 73 patients with rattlesnake bites during the \nstudy period. Bite envenomation was graded as nonenvenomated, 7 patients (10%); \nmild, 23 patients (32%); moderate, 32 patients (44%); and severe, 11 patients \n(15%). We identified 65 patients who received antivenin. Antivenin doses ranged \nfrom 1 to 30 vials per patient (mean, 12.0 +/- 6.0), for a total of 777 vials. \nIn 43 patients (66%), 10 or more vials of antivenin were given. The mean number \nof vials of antivenin given to each snakebite grade were as follows: mild, 8.4 \n(+/-4.0); moderate, 11.8 (+/-5.7); and severe, 18.7 (+/-6.3). No deaths, \namputations, or permanent disability from snakebite occurred in the patients', 'amputations, or permanent disability from snakebite occurred in the patients \nreceiving antivenin. Acute side effects of antivenin-occurring within the first \n6 hours after administration-were seen in 12 patients (18%; 95% confidence \ninterval, 10%-30%). Acute side effects consisted solely of urticaria in all but \n1 patient (2%; 95% confidence interval, 0%-8%). This patient had a history of \nprevious antivenin reaction and required a short course of intravenous \nepinephrine for blood pressure support. No other complications occurred.\nCONCLUSION: The administration of polyvalent Crotalidae antivenin is safe. Acute \nhypersensitivity, when it occurs, consists solely in most cases of urticaria. \nSerious side effects are uncommon.', 'among others, in a stratified manner, 828 patients fulfilling pre-defined \nclinical or biochemical HBR criteria-including advanced age, indication to oral \nanticoagulants or other pro-hemorrhagic medications, history of bleeding and \nknown anemia-to receive E-ZES or BMS followed by a protocol-mandated 30-day DAPT \nregimen. The primary endpoint of the study was the 12-month major adverse \ncardiovascular event rate, consisting of death, myocardial infarction, or target \nvessel revascularization.\nRESULTS: Compared with patients without, those with 1 or more HBR criteria had \nworse outcomes, owing to higher ischemic and bleeding risks. Among HBR patients, \nmajor adverse cardiovascular events occurred in 22.6% of the E-ZES and 29% of', ""Collaborators: Goffinet F, Khoshnood B, Bonnet D, Calderon J, Candilis D, \nDelezoide AL, De Vigan C, Goffinet F, Houyel L, Jouannic JM, Khoshnood B, Lelong \nN, Magnier S, Magny JF, Rambaud C, Salomon D, Vodovar V, Goffinet F, Khoshnood \nB, Lelong N, Thieulin AC, Andrieu T, Vodovar V, Chausson M, Brinis A, Faure L, \nDelattre M, Treluyer JM, Bréart G, Cabrol D, Sérraf A, Sidi D, Voyer M.\nAuthor information:\n(1)Inserm UMR 1153, Equipe de recherche en Epidémiologie Obstétricale, \nPérinatale et Pédiatrique (EPOPé), Centre de Recherche Epidémiologie et \nStatistique Sorbonne Paris Cité DHU Risques et grossesse, Université Paris \nDescartes, Paris, France.\n(2)Centre Pluridisciplinaire de Diagnostic Prénatal de l'Est Parisien, Pôle de \npérinatalité, Hôpital Trousseau, Paris, France.""]","The administration of polyvalent Crotalidae antivenin is safe. Acute hypersensitivity, when it occurs, consists solely in most cases of urticaria. Serious side effects are uncommon.",1.0
Does higher body mass index contribute to worse asthma control in an urban population?,"No, according to the provided context, higher body mass index (BMI) does not contribute to worse asthma control in an urban population. The study found no association between obesity or increasing BMI level and asthma control, as stated in the conclusions of documents '92f34dda-564f-567b-9c6d-35a7de19febf' and '3ec00497-9cdf-5cfa-872e-137600a1a8a9'. Regression analysis showed no association between obesity or increasing BMI level and asthma control using all 4 questionnaires, even after adjusting for various factors.","['BACKGROUND: Epidemiologic findings support a positive association between asthma \nand obesity.\nOBJECTIVE: Determine whether obesity or increasing level of body mass index \n(BMI) are associated with worse asthma control in an ethnically diverse urban \npopulation.\nMETHODS: Cross-sectional assessment of asthma control was performed in patients \nwith asthma recruited from primary care offices by using 4 different validated \nasthma control questionnaires: the Asthma Control and Communication Instrument \n(ACCI), the Asthma Control Test (ACT), the Asthma Control Questionnaire (ACQ), \nand the Asthma Therapy Assessment Questionnaire (ATAQ). Multiple linear \nregression analysis was performed to evaluate the association between obesity \nand increasing BMI level and asthma control.', 'CONCLUSION: Using 4 validated asthma control questionnaires, we failed to find \nan association between obesity and asthma control in an urban population with \nasthma. Weight loss may not be an appropriate strategy to improve asthma control \nin this population.', 'and increasing BMI level and asthma control.\nRESULTS: Of 292 subjects with a mean age of 47 years, the majority were women \n(82%) and African American (67%). There was a high prevalence of obesity with \n63%, with only 15% normal weight. The mean score from all 4 questionnaires \nshowed an average suboptimal asthma control (mean score/maximum possible score): \nACCI (8.3/19), ACT (15.4/25), ACQ (2.1/6), and ATAQ (1.3/4). Regression analysis \nshowed no association between obesity or increasing BMI level and asthma control \nusing all 4 questionnaires. This finding persisted even after adjusting for \nFEV(1), smoking status, race, sex, selected comorbid illnesses, and long-term \nasthma controller use.\nCONCLUSION: Using 4 validated asthma control questionnaires, we failed to find', 'PURPOSE: To investigate the effect of obesity at the start of adolescence on the \nprevalence, incidence and maintenance of chest wheezing among individuals aged \n11-15 years in a birth cohort in a developing country.\nMETHODS: The seventh follow-up of the 1993 Pelotas birth cohort occurred in 2004 \n(individuals aged 10-11 years). Between January and August 2008, the eighth \nfollow-up of the cohort was conducted. All the individuals of the original \ncohort who were alive (who were then adolescents aged between 14 and 15 years) \nwere targets for the study. The International Study of Asthma and Allergies in \nChildhood (ISAAC) questionnaire was used to define wheezing. In addition to the \nbody mass index (BMI), used to define obesity by the World Health Organization', ""patients with asthma cared for in 15 managed care organizations in the United \nStates. We collected physicians' estimates of their patients' asthma severity. \nPhysicians' estimates of patients' asthma as being less severe than \npatient-reported symptoms were classified as underestimates of severity.\nMEASUREMENTS: Frequency of underestimation, asthma care, and communication.\nRESULTS: Three thousand four hundred and ninety-four patients participated (13% \nwere black). Blacks were significantly more likely than white patients to have \ntheir asthma severity underestimated (OR = 1.39, 95% CI 1.08-1.79). Among black \npatients, underestimation was associated with less use of daily inhaled \ncorticosteroids (13% vs 20%, p < .05), less physician instruction on management""]","Using 4 validated asthma control questionnaires, we failed to find an association between obesity and asthma control in an urban population with asthma. Weight loss may not be an appropriate strategy to improve asthma control in this population.",1.0
Can bedside assessment reliably exclude aspiration following acute stroke?,"No, bedside assessment cannot reliably exclude aspiration following acute stroke. According to the study, bedside assessment by a speech and language therapist gave a sensitivity of 47% and a negative predictive value (NPV) of 85% for the presence of aspiration, indicating that it lacks the necessary sensitivity to be used as a screening instrument in acute stroke. Additionally, the study found that 10 out of 20 patients who aspirated were not detected at the bedside.","['OBJECTIVE: To investigate the ability of a bedside swallowing assessment to \nreliably exclude aspiration following acute stroke.\nSUBJECTS: Consecutive patients admitted within 24 h of stroke onset to two \nhospitals.\nMETHODS: A prospective study. Where possible, all patients had their ability to \nswallow assessed on the day of admission by both a doctor and a speech and \nlanguage therapist using a standardized proforma. A videofluoroscopy examination \nwas conducted within 3 days of admission.\nRESULTS: 94 patients underwent videofluoroscopy; 20 (21%) were seen to be \naspirating, although this was not detected at the bedside in 10. In 18 (22%) of \nthe patients the speech and language therapist considered the swallow to be', 'the patients the speech and language therapist considered the swallow to be \nunsafe. In the medical assessment, 39 patients (41%) had an unsafe swallow. \nBedside assessment by a speech and language therapist gave a sensitivity of 47%, \na specificity of 86%, positive predictive value (PPV) of 50% and a negative \npredictive value (NPV) of 85% for the presence of aspiration. Multiple logistic \nregression was used to identify the optimum elements of the bedside assessments \nfor predicting the presence of aspiration. A weak voluntary cough and any \nalteration in conscious level gave a sensitivity of 75%, specificity of 72%, PPV \nof 41% and NPV of 91% for aspiration.\nCONCLUSION: Bedside assessment of swallowing lacks the necessary sensitivity to', 'CONCLUSION: Bedside assessment of swallowing lacks the necessary sensitivity to \nbe used as a screening instrument in acute stroke, but there are concerns about \nthe use of videofluoroscopy as a gold standard. The relative importance of \naspiration and bedside assessment in predicting complications and outcome needs \nto be studied.', 'country. Each patient had between one and four conditions specified as having a \nhighly developed evidence base (diabetes and hypertension) or a less developed \nevidence base (chronic obstructive pulmonary disease or a collection of acute \nconditions). Multilevel analysis that accounts for the nested and \ncross-classified structure of the data was used to estimate the signal and noise \ncomponents of the measurement of quality and the reliability of implicit review.\nRESULTS: For COPD and a collection of acute conditions the reliability of a \nsingle physician review was quite low (intra-class correlation = 0.16-0.26) but \ncomparable to most previously published estimates for the use of this method in \ninpatient settings. However, for diabetes and hypertension the reliability is', 'statistics were used to analyze responses to survey questions, and quiz scores \nwere compared among groups.\nRESULTS: Analyzable responses were obtained from 1662 clinicians and 82 CPs. \nBoth clinicians and CPs considered some terms, e.g., agglutination, useful, \nwhereas only CPs considered other terms, e.g., ghost cells, useful. All groups \ninterpreted certain terms, e.g., Heinz bodies, correctly, whereas some \nclinicians misinterpreted others, e.g., eccentrocytes. Responses revealed that \nCPs often do not report RBC-M they consider insignificant, when present in low \nnumbers. Twenty-eight percent of clinicians think CPs review all blood smears \nwhile only 19% of CPs report reviewing all smears.\nCONCLUSIONS: Important differences about the clinical relevance of certain RBC-M']","Bedside assessment of swallowing lacks the necessary sensitivity to be used as a screening instrument in acute stroke, but there are concerns about the use of videofluoroscopy as a gold standard. The relative importance of aspiration and bedside assessment in predicting complications and outcome needs to be studied.",1.0
Do episodic migraineurs selectively attend to headache-related visual stimuli?,"No, episodic migraineurs do not selectively attend to headache-related visual stimuli. The study found no within-group differences for reaction time latencies to headache vs happy conditions among those with episodic migraine or among the non-migraine controls, and migraine status was unrelated to attentional bias indices (F [1,306] = 0.56, P = 0.45). This suggests a lack of between-group differences in attentional bias towards headache-related stimuli.","['non-migraine controls. Migraine status was unrelated to attentional bias indices \nfor both headache (F [1,306]\u2009=\u20090.56, P\u2009=\u2009.45) and happy facial stimuli (F \n[1,306]\u2009=\u20090.37, P\u2009=\u2009.54), indicating a lack of between-group differences. Lack \nof within- and between-group differences was confirmed with repeated measures \nanalysis of variance.\nCONCLUSIONS: In light of the large sample size and prior pilot testing of \npresented images, results suggest that episodic migraineurs do not \ndifferentially attend to headache-related facial stimuli. Given modest evidence \nof attentional biases among chronic headache samples, these findings suggest \npotential differences in attentional processing between chronic and episodic \nheadache subforms.\n© 2012 American Headache Society.', 'participants (mean age\u2009=\u200919.2 years [standard deviation\u2009=\u20093.3]; 69.5% female; \n36.4% minority), consisting of 84 episodic migraineurs, diagnosed in accordance \nwith International Classification of Headache Disorders (2(nd) edition) criteria \nusing a structured diagnostic interview, and 224 non-migraine controls completed \na computerized dot probe task to assess attentional bias toward headache-related \npictorial stimuli. The task consisted of 192 trials and utilized 2 \nemotional-neutral stimulus pairing conditions (headache-neutral and \nhappy-neutral).\nRESULTS: No within-group differences for reaction time latencies to headache vs \nhappy conditions were found among those with episodic migraine or among the \nnon-migraine controls. Migraine status was unrelated to attentional bias indices', 'OBJECTIVE: To assess pain-related attentional biases among individuals with \nepisodic migraine.\nBACKGROUND: Prior studies have examined whether chronic pain patients \nselectively attend to pain-related stimuli in the environment, but these studies \nhave produced largely mixed findings and focused primarily on patients with \nchronic musculoskeletal pain. Limited research has implicated attentional biases \namong chronic headache patients, but no studies have been conducted among \nepisodic migraineurs, who comprise the overwhelming majority of the migraine \npopulation.\nMETHODS: This was a case-control, experimental study. Three hundred and eight \nparticipants (mean age\u2009=\u200919.2 years [standard deviation\u2009=\u20093.3]; 69.5% female;', 'the timing of treatment and to adjust for covariates and correlation of \nobservations within subjects.\nRESULTS: A total of 182 patients reported 970 migraine episodes, 620 of which \nwere treated before headaches progressed to peak. Mean time from headache onset \nto peak varied from 1.9 hours to 8.9 hours for patients treated within 15 \nminutes of onset and those who waited for 4 or more hours, respectively. \nHowever, early intervention was not associated with reduced headache severity at \npeak. In multivariate analysis, early treatment, use of triptans, and mild \nmigraine headache in the past 3 months were significantly associated with \nshorter time from onset to headache peak. A separate model indicated that the', 'OBJECTIVE: To explore whether early treatment would shorten the duration of \nheadache from headache onset to its peak and reduce headache severity at peak.\nBACKGROUND: Prior clinical studies almost exclusively focused on headache relief \nafter dosing. No data are available on whether early intervention affects the \nduration from headache onset to peak and headache severity at peak.\nMETHODS: Adult migraineurs were enrolled in this observational study from \nmulti-site headache clinics. Patients recorded their migraine experiences via an \nelectronic diary over 1 month. Patients reported the time and pain severity at \nonset, dosing, and peak. We used a linear mixed model to evaluate the impact of \nthe timing of treatment and to adjust for covariates and correlation of']","In light of the large sample size and prior pilot testing of presented images, results suggest that episodic migraineurs do not differentially attend to headache-related facial stimuli. Given modest evidence of attentional biases among chronic headache samples, these findings suggest potential differences in attentional processing between chronic and episodic headache subforms.",0.8
Can we predict urinary stone composition based on an analysis of microelement concentration in the hair and urine?,"No, according to the provided context, it is not possible to predict urinary stone composition based on an analysis of microelement concentration in the hair and urine. 

This is supported by Document(id='9c570cd3-7092-5f3f-b333-39f3186a3390') and Document(id='529ff271-f8f7-523d-b0ca-b0c573e3412d'), which state that ""Only a few correlations between the composition of stones and the distribution of elements in urine and in hair were found. All were considered incidental"" and ""Only a few correlations between the composition of stones and the concentration of chosen elements in the urine and hair of stone formers"" were found, respectively. 

Additionally, Document(id='9c570cd3-7092-5f3f-b333-39f3186a3390') concludes that ""The data obtained did not allow for the creation of a proper and practical algorithm to predict stone chemical composition based on hair and urine analysis.""","['emission spectrometry.\nRESULTS: Only a few correlations between the composition of stones and the \ndistribution of elements in urine and in hair were found. All were considered \nincidental.\nCONCLUSIONS: The data obtained did not allow for the creation of a proper and \npractical algorithm to predict stone chemical composition based on hair and \nurine analysis.', 'INTRODUCTION: Evaluate the capability of different Computed Tomography scanners \nto determine urinary stone compositions based on CT attenuation values and to \nevaluate potential differences between each model.\nMETHODS: 241 human urinary stones were obtained and their biochemical \ncomposition determined. Four different CT scanners (Siemens, Philips, GEMS and \nToshiba) were evaluated. Mean CT-attenuation values and the standard deviation \nwere recorded separately and compared with a t-paired test.\nRESULTS: For all tested CT scanners, when the classification of the various \ntypes of stones was arranged according to the mean CT-attenuation values and to \nthe confidence interval, large overlappings between stone types were', 'BACKGROUND: In recent years the role of trace elements in lithogenesis has \nreceived steadily increasing attention.\nOBJECTIVES: This study was aimed to attempt to find the correlations between the \nchemical content of the stones and the concentration of chosen elements in the \nurine and hair of stone formers.\nMATERIAL AND METHODS: The proposal for the study was approved by the local \nethics committee. Specimens were taken from 219 consecutive stone-formers. The \ncontent of the stone was evaluated using atomic absorption spectrometry, \nspectrophotometry, and colorimetric methods. An analysis of 29 elements in hair \nand 21 elements in urine was performed using inductively coupled plasma-atomic \nemission spectrometry.\nRESULTS: Only a few correlations between the composition of stones and the', 'area (mm(2)), maximum stone length (mm), and location, for both DT and NCCT. \nMean differences per RU were compared. Potential variables affecting stone \ndetection rate, including stone size and body mass index (BMI), were evaluated. \nInterobserver agreement was determined using the intraclass correlation \ncoefficient to measure the consistency of measurements made by the readers.\nRESULTS: DT and NCCT demonstrated similar stone detection rates in terms of \nstone counts and stone area mm(2). Of the 79 RUs assessed, 41 RUs showed exact \nstone counts on DT and NCCT. The mean difference in stone area was 16.5\u2009mm(2) \n(-4.6 to 38.5), p\u2009=\u20090.121. The mean size of the largest stone on NCCT and DT was \n9.27 and 8.87\u2009mm, respectively. Stone size and BMI did not cause a significant', 'the confidence interval, large overlappings between stone types were \nhighlighted. The t-paired test showed that most stone types could not be \nidentified. Some types of stones presented mean CT attenuation values \nsignificantly different from one CT scanner to another. At 80kV, the mean CT \nattenuation values obtained with the Toshiba Aquilion were significantly \ndifferent from those obtained with the Siemens Sensation. On the other hand, \nmean values obtained with the Philips Brilliance were all significantly equal to \nthose obtained with the Siemens Sensation and with the Toshiba Aquilion. At \n120kV mean CT attenuation values of uric acid, cystine and struvite stones \nobtained with the Philips model are significantly different from those obtained']",The data obtained did not allow for the creation of a proper and practical algorithm to predict stone chemical composition based on hair and urine analysis.,1.0
Utility of unenhanced fat-suppressed T1-weighted MRI in children with sickle cell disease -- can it differentiate bone infarcts from acute osteomyelitis?,"No, unenhanced T1-W fat-saturated MRI is not a reliable criterion to differentiate bone infarcts from acute osteomyelitis in children with sickle cell disease. The bone marrow signal intensity on T1-W fat-saturated imaging was not significant for the differentiation between bone infarct and osteomyelitis (P = 0.56). None of the additional evaluated imaging parameters on unenhanced MRI proved reliable in differentiating these diagnoses.","['BACKGROUND: Children with sickle cell disease (SCD) are at risk of bone infarcts \nand acute osteomyelitis. The clinical differentiation between a bone infarct and \nacute osteomyelitis is a diagnostic challenge. Unenhanced T1-W fat-saturated MR \nimages have been proposed as a potential tool to differentiate bone infarcts \nfrom osteomyelitis.\nOBJECTIVE: To evaluate the reliability of unenhanced T1-W fat-saturated MRI for \ndifferentiation between bone infarcts and acute osteomyelitis in children with \nSCD.\nMATERIALS AND METHODS: We retrospectively reviewed the records of 31 children \n(20 boys, 11 girls; mean age 10.6 years, range 1.1-17.9 years) with SCD and \nacute bone pain who underwent MR imaging including unenhanced T1-W fat-saturated', 'for osteomyelitis and 26 children as positive for bone infarct (negative for \nosteomyelitis). The bone marrow signal intensity on T1-W fat-saturated imaging \nwas not significant for the differentiation between bone infarct and \nosteomyelitis (P\u2009=\u20090.56). None of the additional evaluated imaging parameters on \nunenhanced MRI proved reliable in differentiating these diagnoses.\nCONCLUSION: The bone marrow signal intensity on unenhanced T1-W fat-saturated MR \nimages is not a reliable criterion to differentiate bone infarcts from \nosteomyelitis in children.', 'acute bone pain who underwent MR imaging including unenhanced T1-W fat-saturated \nimages from 2005 to 2010. Complete clinical charts were reviewed by a pediatric \nhematologist with training in infectious diseases to determine a clinical \nstandard to define the presence or absence of osteomyelitis. A pediatric \nradiologist reviewed all MR imaging and was blinded to clinical information. \nBased on the signal intensity in T1-W fat-saturated images, the children were \nfurther classified as positive for osteomyelitis (low bone marrow signal \nintensity) or positive for bone infarct (high bone marrow signal intensity).\nRESULTS: Based on the clinical standard, 5 children were classified as positive \nfor osteomyelitis and 26 children as positive for bone infarct (negative for', 'PURPOSE: We investigated the actual role of MRI versus arthroscopy in the \ndetection and characterization of occult bone and/or cartilage injuries in \npatients with previous musculoskeletal trauma of the knee, pain and severe \nfunctional impairment. Occult post-traumatic osteochondral injuries of the knee \nare trauma-related bone and/or cartilage damage missed at plain radiography.\nMATERIAL AND METHODS: We retrospectively selected 70 patients (men:women = 7:3; \nage range: 35 +/- 7 years) with a history of acute musculoskeletal trauma, \nnegative conventional radiographs, pain and limited joint movements. All \npatients were submitted to conventional radiography, arthroscopy and MRI, the \nlatter with 0.5 T units and T1-weighted SE. T2-weighted GE and FIR sequences \nwith fat suppression.', 'OBJECTIVE: To date, no prospective comparative study of the diagnostic value of \nSTIR versus T1-weighted (T1w) sequences at both 1.5 T and 3 T has been performed \nwith special focus on the detectability of bone metastases.\nMATERIALS AND METHODS: 212 oncological patients had a whole-body MRI at 1.5 T \nand/or at 3 T. The standard protocol comprised STIR and T1w sequences. All \npatients who showed typical signs of bone metastases were included in the study. \nEvaluation of the images was performed by the calculation of the number of \nmetastases by three independent readers and by visual assessment on a 4-point \nscale.\nRESULTS: 86 patients fulfilled the inclusion criteria. The total number of \nmetastases was significantly higher on T1w than on STIR images at both field']",The bone marrow signal intensity on unenhanced T1-W fat-saturated MR images is not a reliable criterion to differentiate bone infarcts from osteomyelitis in children.,1.0
"Do lipids, blood pressure, diabetes, and smoking confer equal risk of myocardial infarction in women as in men?","No, the provided context suggests that lipids, blood pressure, diabetes, and smoking do not confer equal risk of myocardial infarction in women as in men. 

According to the context, serum cholesterol is a significant risk factor for both sexes, but the relative risk is similar for both. However, other risk factors such as systolic blood pressure, ECG-confirmed left ventricular hypertrophy, fasting blood glucose, triglycerides, and smoking confer a higher risk for women than men. 

For example, the hazard ratio (HR) for ECG-confirmed left ventricular hypertrophy is 2.89 for women, compared to 1.11 for men. Similarly, the HR for fasting blood glucose > or =6.7 mmol/L is 2.65 for women, compared to 2.08 for men. Smoking also increases the risk two- to five-fold for women, which is significantly higher than the doubling in risk for men. 

Therefore, the evidence suggests that these risk factors confer a higher risk of myocardial infarction in women compared to men.","['suffered a non-fatal myocardial infarction or coronary death.\nRESULTS: Serum cholesterol was a significant risk factor for both sexes, with \nhazard ratios (HR) decreasing with age. Systolic blood pressure was a stronger \nrisk factor for women as was ECG-confirmed left ventricular hypertrophy (women \nHR 2.89, 95% confidence interval [CI] 1.67-5.01; men HR 1.11 [CI 0.86-1.43]). \nFasting blood glucose > or =6.7 mmol/L identified significantly higher risk for \nwomen (HR 2.65) than men (HR 2.08) as did self-reported diabetes. Triglyceride \nrisk was significantly higher for women and decreased significantly with age. \nSmoking increased risk two- to five-fold, increasing with dose, for women, which \nwas significantly higher than the doubling in risk for men.', 'was significantly higher than the doubling in risk for men.\nCONCLUSIONS: This large study of the major risk factors compared between the \nsexes demonstrates similar relative risk of myocardial infarction associated \nwith cholesterol for both sexes, however, the relative risk is higher in women \nfor many other risk factors such as smoking, diabetes, elevated triglycerides \nand left ventricular hypertrophy.', 'BACKGROUND: Studies on coronary risk factors in men and women are mainly based \non mortality data and few compare results of both sexes with consistent study \ndesign and diagnostic criteria. This study assesses the major risk factors for \ncoronary events in men and women from the Reykjavik Study.\nDESIGN: Within a prospective, population-based cohort study individuals without \nhistory of myocardial infarction were identified and the relative risk of \nbaseline variables was assessed in relation to verified myocardial infarction or \ncoronary death during follow-up.\nMETHODS: Of the 9681 women and 8888 men who attended risk assessment from \n1967-1991, with follow-up period of up to 28 years, 706 women and 1700 men \nsuffered a non-fatal myocardial infarction or coronary death.', ""traditional vascular risk factors (including age, gender, weight, waist \ncircumference, smoking, alcohol, systolic and diastolic blood pressures, fasting \nplasma glucose, fasting total cholesterol). Pearson's correlation coefficients \nwere calculated to quantify bivariate relationships.\nFINDINGS: Bilaterally, CIMT was significantly different among the three \ncardiovascular phenotypes (right: p\u2009<\u20090.001, F\u2009=\u200933.8; left: p\u2009<\u20090.001, \nF\u2009=\u200948.6). CIMT had a higher c-statistic for differentiating stroke versus \nnormotension (c\u2009=\u20090.78 right; 0.82 left, p\u2009<\u20090.001) and hypertension versus \nnormotension (c\u2009=\u20090.65 right; 0.71 left, p\u2009<\u20090.001) than several traditional \nvascular risk factors. Bilaterally, combining all subjects, CIMT was the only"", 'BACKGROUND: Low intakes or blood levels of eicosapentaenoic and docosahexaenoic \nacids (EPA + DHA) are independently associated with increased risk of death from \ncoronary heart disease (CHD). In randomized secondary prevention trials, fish or \nfish oil have been demonstrated to reduce total and CHD mortality at intakes of \nabout 1 g/day. Red blood cell (RBC) fatty acid (FA) composition reflects \nlong-term intake of EPA + DHA. We propose that the RBC EPA + DHA (hereafter \ncalled the Omega-3 Index) be considered a new risk factor for death from CHD.\nMETHODS: We conducted clinical and laboratory experiments to generate data \nnecessary for the validation of the Omega-3 Index as a CHD risk predictor. The \nrelationship between this putative marker and risk for CHD death, especially']","This large study of the major risk factors compared between the sexes demonstrates similar relative risk of myocardial infarction associated with cholesterol for both sexes, however, the relative risk is higher in women for many other risk factors such as smoking, diabetes, elevated triglycerides and left ventricular hypertrophy.",0.8571428571428571
Can PRISM predict length of PICU stay?,"PRISM (Pediatric Risk of Mortality) is claimed to score disease severity, which has an attributed impact on length of PICU (Pediatric Intensive Care Unit) stay (LOS). However, the inverse of the correlation between PRISM (or PRISM-based LOS estimate) and LOS might be a candidate indicator of quality of care, suggesting that PRISM may not directly predict LOS. 

According to the research design and methods in one of the documents, an Artificial Neural Network (ANN) was trained on PRISM item patterns to estimate LOS, and its performance was tested. This implies that PRISM can be used as an input to estimate LOS, but the direct predictive capability of PRISM on LOS is not clearly established in the provided context. 

Therefore, based on the provided context, it can be said that PRISM is related to LOS, but its ability to directly predict LOS is not conclusively proven.","['disease thus counteracting both disease severity as initially scored by PRISM, \nand LOS. This being true, the inverse of the correlation between PRISM (or PRISM \nbased LOS estimate) and LOS might be a candidate indicator of quality of care.', ""PRISM is claimed to score disease severity which has attributed an impact on \nlength of PICU stay (LOS).\nPRIMARY OBJECTIVE: To determine the impact of PRISM on LOS, and evaluate an \nArtificial Neural Network's (ANN) performance to estimate LOS from PRISM item \npatterns.\nRESEARCH DESIGN AND METHODS: Retrospectively we performed correlation and \nregression analyses on routinely scored PRISM data of all consecutive admissions \nto our level-III PICU from 1994 to 1999 (n > 2000) with individual LOS. In \naddition, an ANN was trained on the chronologically first 75% of those data \n(inputs, PRISM items + age + sex; output, LOS). The ANN's performance was tested \non the remaining most recent 25% of the data sets.\nMAIN RESULTS: The Spearman and Pearson coefficients of correlation between PRISM"", 'OBJECTIVE: To evaluate feasibility of the guidelines of the Groupe Francophone \nde Réanimation et Urgence Pédiatriques (French-speaking group of paediatric \nintensive and emergency care; GFRUP) for limitation of treatments in the \npaediatric intensive care unit (PICU).\nDESIGN: A 2-year prospective survey.\nSETTING: A 12-bed PICU at the Hôpital Jeanne de Flandre, Lille, France.\nPATIENTS: Were included when limitation of treatments was expected.\nRESULTS: Of 967 children admitted, 55 were included with a 2-day median delay. \nThey were younger than others (24 v 60 months), had a higher paediatric risk of \nmortality (PRISM) score (14 v 4), and a higher paediatric overall performance \ncategory (POPC) score at admission (2 v 1); all p<0.002. 34 (50% of total', '180-day data extremely well, especially for AMI outcomes.\nCONCLUSIONS: Using data on cumulative hospital mortality from 180 days \npostadmission does not yield a different perspective from using data from 30 \ndays postadmission for the conditions we studied.', ""BACKGROUND: Some pediatric patients, typically those that are very young or felt \nto be especially sick are temporarily admitted to the intensive care unit (ICU) \nfor observation during their first transfusion. If a significant reaction that \nrequires ICU management does not occur, these patients are then transferred to a \nregular ward where future blood products are administered. The aim of this \nproject was to determine if heightened observation such as temporary ICU \nadmissions for the first transfusion are warranted.\nMETHODS: From the blood bank records of a tertiary care pediatric hospital, a \nlist of patients on whom a transfusion reaction was reported between 2007 and \n2012, the type of reaction and the patient's transfusion history, were""]","The ANN with its intrinsic ability to detect non-linear correlation, and to relate specific item patterns to LOS, outperformed linear statistics but was still disappointing in estimating individual LOS. It might be speculated that therapeutic intervention modulates the natural course of the disease thus counteracting both disease severity as initially scored by PRISM, and LOS. This being true, the inverse of the correlation between PRISM (or PRISM based LOS estimate) and LOS might be a candidate indicator of quality of care.",1.0
Does successful completion of the Perinatal Education Programme result in improved obstetric practice?,"No, according to the provided context, successful completion of the Perinatal Education Programme (PEP) does not result in improved obstetric practice. Although the midwives who completed the PEP demonstrated an improvement in knowledge, no alteration in practice was detected. (Document id='4e5c9f92-1c46-5ba1-8cda-3ca31bb63448')","[""OBJECTIVE: To determine whether successful completion of the Perinatal Education \nProgramme (PEP) improves obstetric practice.\nMETHOD: The three midwife obstetric units (MOUs) in a health district of \nMpumalanga were included in the study. Two MOUs enrolled in the PEP and the \nthird did not. A 'before-and-after' study design was used to assess any changes \nin practice, and to monitor whether any changes occurred in the district during \nthe time of the study; data were also collected at the third MOU. Data were \ncollected by scoring of the obstetric files after the patient had delivered.\nOUTCOME MEASURES: We ascertained whether the obstetric history, syphilis \ntesting, blood group testing, haemoglobin measurement and uterine growth"", 'testing, blood group testing, haemoglobin measurement and uterine growth \nassessment were performed during antenatal care along with whether appropriate \naction was taken. For intrapartum care, estimation of fetal weight, the \nperformance of pelvimetry, blood pressure monitoring, urine testing, evaluation \nof head above pelvis, fetal heart rate monitoring, monitoring of contractions \nand plotting of cervical dilatation, and whether the appropriate actions were \ntaken, were assessed.\nRESULTS: Eight of the 13 midwives at the two MOUs completed the PEP and all \ndemonstrated an improvement in knowledge. Case notes of 303 patients from the \nvarious clinics were studied. There was no change in the referral patterns of \nany of the clinics during the study period. The obstetric history was well', 'care units in NSW and ACT.\nRESULTS: Rural mothers were more likely to be teenaged, indigenous, and to have \nhad a previous premature birth, prolonged ruptured membrane, and antenatal \ncorticosteroid. Urban mothers were more likely to have had assisted conception \nand a caesarean section. More urban (93% v 83%) infants were born in a tertiary \nobstetric hospital. Infants of rural residence had a higher mortality (adjusted \nodds ratio (OR) 1.26, 95% confidence interval (CI) 1.07 to 1.48, p = 0.005). \nThis trend was consistently seen in all subgroups and significantly for the \ntertiary hospital born population and the 30-31 weeks gestation subgroup. \nRegional birth data in this gestational age range also showed a higher', 'of fetal weight and pelvimetry were seldom performed, the urine and fetal heart \nrate documentation were moderately well done and the blood pressure monitoring, \nassessment of head above pelvis, monitoring of contractions and plotting of \ncervical dilatation were usually performed. No differences before or after the \nPEP were detected. Where problems were detected, appropriate actions taken \nduring labour improved, but not significantly.\nCONCLUSION: Completion of the obstetric manual of the PEP improved the knowledge \nof the midwives but no alteration in practice was detected.', ""suffer from depression. As the birth admission will be the first admission to \nhospital during their pregnancy for most women, their use of antidepressants, or \ntheir depressive condition, may not be revealed to the attending hospital \nclinicians. This may result in adverse outcomes for the mother and infant.\nMETHODS: Population-based de-identified data were provided from the Western \nAustralian Data Linkage System linking the administrative health records of \nwomen with a delivery to related records from the Midwives' Notification System, \nthe Hospital Morbidity Data System and the national Pharmaceutical Benefits \nScheme dataset. The women with depression during their pregnancy were \nascertained in two ways: women with dispensing records relating to dispensed""]",Completion of the obstetric manual of the PEP improved the knowledge of the midwives but no alteration in practice was detected.,1.0
Does Viral Co-Infection Influence the Severity of Acute Respiratory Infection in Children?,"No, the presence of viral co-infection does not seem to have a major clinical impact on the severity of acute respiratory infection in children. According to the study, ""the number of detected viruses did not correlate with any markers of severity"" (Document id='9388ecbe-26dc-5a58-bf68-9398dbc36fbb'). However, bacterial superinfection was associated with increased severity. Pneumococcal vaccination was found to be a protective factor in terms of degree of respiratory distress. (Document id='9388ecbe-26dc-5a58-bf68-9398dbc36fbb' and Document id='1c3e6737-2bf1-590c-8835-58dcefd8b404').","['BACKGROUND: Multiple viruses are often detected in children with respiratory \ninfection but the significance of co-infection in pathogenesis, severity and \noutcome is unclear.\nOBJECTIVES: To correlate the presence of viral co-infection with clinical \nphenotype in children admitted with acute respiratory infections (ARI).\nMETHODS: We collected detailed clinical information on severity for children \nadmitted with ARI as part of a Spanish prospective multicenter study (GENDRES \nnetwork) between 2011-2013. A nested polymerase chain reaction (PCR) approach \nwas used to detect respiratory viruses in respiratory secretions. Findings were \ncompared to an independent cohort collected in the UK.\nRESULTS: 204 children were recruited in the main cohort and 97 in the', 'clinical score (-1.499; P-value = 0.021) respiratory support requirement (OR: \n0.324; P-value = 0.016) and oxygen necessity (OR: 0.328; P-value = 0.001). All \nthese findings were replicated in the UK cohort.\nCONCLUSION: The presence of more than one virus in hospitalized children with \nARI is very frequent but it does not seem to have a major clinical impact in \nterms of severity. However bacterial superinfection increases the severity of \nthe disease course. On the contrary, pneumococcal vaccination plays a protective \nrole.', 'RESULTS: 204 children were recruited in the main cohort and 97 in the \nreplication cohort. The number of detected viruses did not correlate with any \nmarkers of severity. However, bacterial superinfection was associated with \nincreased severity (OR: 4.356; P-value = 0.005), PICU admission (OR: 3.342; \nP-value = 0.006), higher clinical score (1.988; P-value = 0.002) respiratory \nsupport requirement (OR: 7.484; P-value < 0.001) and longer hospital length of \nstay (OR: 1.468; P-value < 0.001). In addition, pneumococcal vaccination was \nfound to be a protective factor in terms of degree of respiratory distress (OR: \n2.917; P-value = 0.035), PICU admission (OR: 0.301; P-value = 0.011), lower \nclinical score (-1.499; P-value = 0.021) respiratory support requirement (OR:', ""OBJECTIVE: To determine whether volunteer family physician reports of the \nfrequency of influenza-like illness (ILI) usefully supplement information from \nother influenza surveillance systems conducted by the Centers for Disease \nControl and Prevention.\nDESIGN: Evaluation of physician reports from five influenza surveillance seasons \n(1987-88 through 1991-92).\nSETTING: Family physician office practices in all regions of the United States.\nPARTICIPANTS: An average of 140 physicians during each of five influenza \nseasons.\nINTERVENTIONS: None.\nOUTCOME MEASURES: An office visit or hospitalization of a patient for ILI, \ndefined as presence of fever (temperature > or = 37.8 degrees C) and cough, sore \nthroat, or myalgia, along with the physician's clinical judgment of influenza. A"", 'April, for HSV1 in June, and for HSV1 and CMV in September, compared to the \ncontrol group. In October, the BPPV group showed increased values for all of the \nviruses studied, compared to the control group.\nCONCLUSION: BPPV is associated with positive viral serology, particularly during \ncertain months of the year, mainly in spring and autumn. Viral infection might \npromote BPPV attacks due to the development of vestibulopathy or induce \nsecondary BPPV via viral infection-related neurolabyrinthitis.']","The presence of more than one virus in hospitalized children with ARI is very frequent but it does not seem to have a major clinical impact in terms of severity. However bacterial superinfection increases the severity of the disease course. On the contrary, pneumococcal vaccination plays a protective role.",0.5
Is vitamin D deficiency a feature of pediatric celiac disease?,"According to the provided context, specifically Document(id='e4c0e0d9-4875-5504-8107-dcf7744ee4db'), there was no difference in 25(OH)D level between the celiac disease (CD) and non-CD children (27.58 +/- 9.91 versus 26.20 +/- 10.45, p = 0.59). However, another document (id='34b5453d-018e-5053-bab6-007414d62f0b') mentions that a deficient intake of vitamin D was found in both diets (with and without gluten) of patients with celiac disease.

Therefore, based on the provided context, vitamin D deficiency is not a distinct feature of pediatric celiac disease, but rather a potential issue related to diet.","['BACKGROUND: Celiac disease (CD) is an autoimmune enteropathy characterized by \nvillus atrophy and malabsorption of essential nutrients. Vitamin D deficiency \nhas been described in autoimmune diseases, but its status in prepubertal \nchildren with CD has not been adequately studied.\nOBJECTIVE: To determine the vitamin D status of prepubertal children with CD.\nSTUDY DESIGN: A retrospective study of prepubertal children aged 3-12 years with \nCD (n=24) who were compared to prepubertal, non-CD children of the same age \n(n=50). Children were included in the study if they had a diagnosis of CD by \nintestinal biopsy, and were not on a gluten-free diet (GFD). Patients were \nexcluded if they had diseases of calcium or vitamin D metabolism, or were', ""PURPOSE: The aetiology of osteochondritis dissecans is still unclear. The aim of \nthis prospective pilot study was to analyse whether vitamin D insufficiency, or \ndeficiency, might be a contributing etiological factor in the development of an \nOCD lesion.\nMETHODS: The serum level of vitamin D3 in 23 consecutive patients (12 male and \n11 female) suffering from a stage III, or stages III and IV, OCD lesion (mostly \nstage III) admitted for surgery was measured.\nRESULTS: The patients' mean age was 31.3\xa0years and most of them already \nexhibited closed epiphyseal plates. In the majority of patients (18/23), a \ndistinct vitamin D3 deficiency was found, two patients were vitamin \nD3-insufficient and, in three patients, the vitamin D3 level reached the lowest \nnormal value."", 'information was collected from a dietary survey, anthropometric and analytical \ndata at pre-diagnosis of celiac disease and following a gluten diet and one year \nafter celiac disease diagnosis, under gluten-free diet.\nRESULTS: A total of 37 patients meet the study criteria. A decrease in the \nintake of saturated fatty acids was found, with an increase of monounsaturated \nfatty acids and an increase in the intake of phosphorus in the diet without \ngluten. A deficient intake of vitamin D was found in both diets. Clinically, at \nyear of gluten-free diet there was an improvement in weight and size. \nAnalytically, there was an improvement in hemoglobin, ferritin, vitamin D, and \nparathyroid hormone in plasma.\nCONCLUSION: The gluten-free diet has minimal deficiencies, similar to those', 'D3-insufficient and, in three patients, the vitamin D3 level reached the lowest \nnormal value.\nCONCLUSION: These first data show that a vitamin D3 deficiency rather than an \ninsufficiency may be involved in the development of OCD lesions. Probably, with \na vitamin D3 substitution, the development of an advanced OCD stage could be \navoided. Further analyses, including morphological analyses regarding a possible \nosteomalacia, and examination of the PTH and other determinants of the bone \nmetabolism, should be undertaken to either confirm or refute these data.\nLEVEL OF EVIDENCE: IV.', 'excluded if they had diseases of calcium or vitamin D metabolism, or were \nreceiving calcium or vitamin D supplementation or had other autoimmune diseases. \nAll subjects had their serum 25-hydroxyvitamin D [25(OH)D] level measured.\nRESULTS: There was no difference in 25(OH)D level between the CD and non-CD \nchildren (27.58 +/- 9.91 versus 26.20 +/- 10.45, p = 0.59). However, when the \npatients were subdivided into obese and non-obese groups, the non-obese CD \npatients had a significantly higher 25(OH)D level than the obese normal children \n(28.39 +/- 10.26 versus 21.58 +/- 5.67, p = 0.009). In contrast, there was no \ndifference in 25(OH)D level between non-obese CD patients and non-obese normal \nchildren (28.39 +/- 10.26 versus 30.64 +/-12.08, p = 0.52). The season of']",Our data showed no difference in 25(OH) D levels between normal children and those with CD when adjusted for body mass index.,0.75
Chronic functional somatic symptoms: a single syndrome?,"No, the diversity of symptoms of patients with chronic functional somatic symptoms supports the concept that symptoms do not cluster in well defined distinct syndromes. Therefore, patients with chronic functional somatic symptoms should preferably not be classified into medical subspecialty syndromes. (Supported by documents with ids '42560fa6-c8ea-5f3d-a497-e67ccd4cd21c' and 'ff5afe33-98e6-503c-8e50-08459698329f')","['symptoms do not cluster in well defined distinct syndromes. Therefore, patients \nwith chronic functional somatic symptoms should preferably not be classified \ninto medical subspecialty syndromes.', 'BACKGROUND: Reliable longitudinal data of patients with functional somatic \nsymptoms in general practice are lacking.\nAIMS: To identify distinctive features in patients with chronic functional \nsomatic symptoms, and to determine whether these symptoms support the hypothesis \nof the existence of specific somatic syndromes.\nDESIGN OF STUDY: Observational study, with a comparison control group.\nSETTING: Four primary care practices affiliated with the University of Nijmegen \nin the Netherlands.\nMETHOD: One hundred and eighty-two patients diagnosed between 1998 and 2002 as \nhaving chronic functional somatic symptoms and 182 controls matched by age, sex, \nsocioeconomic status, and practice were included. Data on comorbidity,', 'psychiatric morbidity, and were referred more often to mental health workers and \nsomatic specialists. The number of patients undergoing diagnostic tests was \nhigher for patients with chronic functional somatic symptoms than for controls, \nbut hospital admissions rates were equal.\nCONCLUSION: Patients with chronic functional somatic symptoms have a great \ndiversity of functional somatic symptoms. They use more somatic and psychotropic \ndrugs than controls in the years before diagnosis. Moreover, they show high \nrates of referrals and psychiatric morbidity. The diversity of symptoms of \npatients with chronic functional somatic symptoms supports the concept that \nsymptoms do not cluster in well defined distinct syndromes. Therefore, patients', 'socioeconomic status, and practice were included. Data on comorbidity, \nreferrals, diagnostic tests, and hospital admissions over a period of 10 years \nprior to the diagnosis were collected. Medication use and number of visits to \nthe general practitioner (GP) were extracted from the moment computerised \nregistration was started.\nRESULTS: In the 10 years before the diagnosis of chronic functional somatic \nsymptoms, significantly more patients than controls presented functional somatic \nsymptoms in at least two body systems, and used more somatic and psychotropic \ndrugs. They visited the GP twice as much, statistically had significantly more \npsychiatric morbidity, and were referred more often to mental health workers and', 'BACKGROUND: Evidence suggests substantial comorbidity between symptoms of \nsomatization and depression in clinical as well as nonclinical populations. \nHowever, as most existing research has been retrospective or cross-sectional in \ndesign, very little is known about the specific nature of this relationship. In \nparticular, it is unclear whether somatic complaints may heighten the risk for \nthe subsequent development of depressive symptoms.\nMETHODS: We report findings on the link between symptoms of somatization \n(assessed using the SCL-90-R) and depression 5 years later (assessed using the \nCES-D) in an initially healthy cohort of community adults, based on prospective \ndata from the RENO Diet-Heart Study.\nRESULTS: Gender-stratified multiple regression analyses revealed that baseline']","Patients with chronic functional somatic symptoms have a great diversity of functional somatic symptoms. They use more somatic and psychotropic drugs than controls in the years before diagnosis. Moreover, they show high rates of referrals and psychiatric morbidity. The diversity of symptoms of patients with chronic functional somatic symptoms supports the concept that symptoms do not cluster in well defined distinct syndromes. Therefore, patients with chronic functional somatic symptoms should preferably not be classified into medical subspecialty syndromes.",0.6666666666666666
Does the bracket-ligature combination affect the amount of orthodontic space closure over three months?,"No, the bracket-ligature combination does not significantly affect the amount of orthodontic space closure over three months. According to the study, the differences in the amount of space closure over three months between the three groups (conventional pre-adjusted edgewise brackets and elastomeric ligatures, conventional pre-adjusted edgewise brackets and low friction elastomeric ligatures, and passive self-ligating brackets) was very small and non-significant (P = 0·718). The study found that the major determinant of orthodontic tooth movement is probably the individual patient response.","['OBJECTIVE: To investigate the effect of bracket-ligature combination on the \namount of orthodontic space closure over three months.\nDESIGN: Randomized clinical trial with three parallel groups.\nSETTING: A hospital orthodontic department (Chesterfield Royal Hospital, UK).\nPARTICIPANTS: Forty-five patients requiring upper first premolar extractions.\nMETHODS: Informed consent was obtained and participants were randomly allocated \ninto one of three groups: (1) conventional pre-adjusted edgewise brackets and \nelastomeric ligatures; (2) conventional pre-adjusted edgewise brackets and Super \nSlick(®) low friction elastomeric ligatures; (3) Damon 3MX(®) passive \nself-ligating brackets. Space closure was undertaken on 0·019×0·025-inch', 'very small and non-significant (P\u200a=\u200a0·718).\nCONCLUSION: The hypothesis that reducing friction by modifying the \nbracket/ligature interface increases the rate of space closure was not \nsupported. The major determinant of orthodontic tooth movement is probably the \nindividual patient response.', 'self-ligating brackets. Space closure was undertaken on 0·019×0·025-inch \nstainless steel archwires with nickel-titanium coil springs. Participants were \nrecalled at four weekly intervals. Upper alginate impressions were taken at each \nvisit (maximum three). The primary outcome measure was the mean amount of space \nclosure in a 3-month period.\nRESULTS: A one-way ANOVA was undertaken [dependent variable: mean space closure \n(mm); independent variable: group allocation]. The amount of space closure was \nvery similar between the three groups (1 mm per 28 days); however, there was a \nwide variation in the rate of space closure between individuals. The differences \nin the amount of space closure over three months between the three groups was \nvery small and non-significant (P\u200a=\u200a0·718).', 'PURPOSE: The proper angle of miniscrew insertion is important for cortical \nanchorage, patient safety, and biomechanical control. The purposes of this study \nare to report the alveolar process thickness and inter-radicular space in the \nposterior region of the mandible, to assess the impact of different miniscrew \ninsertion angle protocols, and to identify differences between the genders or \ntypes of malocclusion.\nMATERIALS AND METHODS: In this retrospective study, 100 individuals were \nselected for orthodontic treatment at a radiology clinic. Cone-beam computed \ntomography data were imported into 3-dimensional software. The predictor \nvariable was the location in the mandible and insertion angle. The demographic', 'BACKGROUND: Orthodontic patients show high prevalence of tooth-size discrepancy. \nThis study investigates the possible association between arch form, clinically \nsignificant tooth-size discrepancy, and sagittal molar relationship.\nMETHODS: Pretreatment orthodontic casts of 230 Saudi patients were classified \ninto one of three arch form types (tapered, ovoid, and square) using digitally \nscanned images of the mandibular arches. Bolton ratio was calculated, sagittal \nmolar relationship was defined according to Angle classification, and \ncorrelations were analyzed using ANOVA, chi-square, and t-tests.\nRESULTS: No single arch form was significantly more common than the others. \nFurthermore, no association was observed between the presence of significant']",The hypothesis that reducing friction by modifying the bracket/ligature interface increases the rate of space closure was not supported. The major determinant of orthodontic tooth movement is probably the individual patient response.,1.0
Does loss of consciousness predict neuropsychological decrements after concussion?,"No, loss of consciousness does not predict neuropsychological decrements after concussion. According to the study (pubid: 10593212), ""No significant differences were found between the LOC, no LOC, or uncertain LOC groups for any of the neuropsychological measures used. Patients who had experienced traumatic LOC did not perform more poorly on neuropsychological testing than those with no LOC or uncertain LOC."" This suggests that loss of consciousness is not a reliable predictor of neuropsychological test performance after mild traumatic brain injury.","['OBJECTIVE: To investigate the importance of loss of consciousness (LOC) in \npredicting neuropsychological test performance in a large sample of patients \nwith head injury.\nDESIGN: Retrospective comparison of neuropsychological test results for patients \nwho suffered traumatic LOC, no LOC, or uncertain LOC.\nSETTING: Allegheny General Hospital, Pittsburgh, Pennsylvania.\nPATIENTS: The total number of patients included in this study was 383.\nMAIN OUTCOME MEASURES: Neuropsychological test measures, including the visual \nreproduction, digit span, and logical memory subtests of the Wechsler memory \nscale (revised), the Trail Making test, Wisconsin Card Sorting test, Hopkins \nVerbal Learning test, Controlled Oral Word Association, and the Galveston \nOrientation and Amnesia test (GOAT).', 'have been shown to be sensitive in measuring cognitive sequelae of mild \ntraumatic brain injury (concussion) in athletes. The failure of this study to \nfind any relationship between LOC and neuropsychological functioning in a large \nsample of patients with mild head trauma calls into question the assignment of \nprimary importance to LOC in grading severity of concussion. This study also \ndoes not provide support for the use of guidelines that rely heavily on LOC in \nmaking return-to-play decisions. Continued research is necessary to determine \nthe relative importance of markers of concussion in athletes.', 'Orientation and Amnesia test (GOAT).\nRESULTS: No significant differences were found between the LOC, no LOC, or \nuncertain LOC groups for any of the neuropsychological measures used. Patients \nwho had experienced traumatic LOC did not perform more poorly on \nneuropsychological testing than those with no LOC or uncertain LOC. All three \ngroups demonstrated mildly decreased performance on formal tests of speed of \ninformation processing, attentional process, and memory.\nCONCLUSION: The results of this study cast doubt on the importance of LOC as a \npredictor of neuropsychological test performance during the acute phase of \nrecovery from mild traumatic brain injury. Neuropsychological testing procedures \nhave been shown to be sensitive in measuring cognitive sequelae of mild', 'OBJECTIVE: Base Deficit (BD) is a marker of tissue hypoxia in polytrauma \npatients. It guides resuscitative measures, and predicts outcomes, complications \nand mortality. The aim of this study was to examine the presence of BD in \npatients with isolated severe traumatic brain injury (TBI), and to assess if it \ncorrelates with the outcomes in these patients.\nMETHOD: This was a retrospective observational study. All patients over the age \nof 16 years presenting to Aga Khan University Hospital from 2009 to 2013 with \nisolated TBI, were included. Data was extracted from 2009 to 2013. Glasgow \nOutcome Scale (GOS) of 4 and 5 at last follow up was categorized as favorable \noutcome. Data was analyzed using SPSS version 19 and receiver operative curve', 'CONCLUSIONS: The fMRI paradigm mental imagery displays a high concordance with \nthe further clinical course of patients in a VS. All 5 patients in a VS who \nshowed significant activation of ROIs had a favorable further course until the \nend of the observation period. We therefore propose the term ""functional \nminimally conscious state"" for these patients. They may benefit from \nrehabilitation treatment. In cases where no significant activation was seen, the \nmethod has no prognostic value. Prediction of the clinical course of patients in \nan MCS by fMRI was considerably less accurate than in patients in a VS.']",The results of this study cast doubt on the importance of LOC as a predictor of neuropsychological test performance during the acute phase of recovery from mild traumatic brain injury. Neuropsychological testing procedures have been shown to be sensitive in measuring cognitive sequelae of mild traumatic brain injury (concussion) in athletes. The failure of this study to find any relationship between LOC and neuropsychological functioning in a large sample of patients with mild head trauma calls into question the assignment of primary importance to LOC in grading severity of concussion. This study also does not provide support for the use of guidelines that rely heavily on LOC in making return-to-play decisions. Continued research is necessary to determine the relative importance of markers of concussion in athletes.,1.0
Clinical identifiers for early-stage primary/idiopathic adhesive capsulitis: are we seeing the real picture?,"According to the provided context, specifically Document(id='242eaeb9-af91-5e8b-9434-abc0bf1cc283') and Document(id='4171dd30-9b96-56f7-a96c-4c80b8a387fa'), none of the clinical identifiers for early-stage adhesive capsulitis previously proposed by expert consensus have been validated in the study. The study found that active movements remained the only identifier but was associated with reduced odds of a positive result after an intra-articular injection of corticosteroid and local anesthetic. This suggests that the current clinical identifiers may not accurately represent the real picture of early-stage primary/idiopathic adhesive capsulitis.","['BACKGROUND: Adhesive capsulitis is often difficult to diagnose in its early \nstage and to differentiate from other common shoulder disorders.\nOBJECTIVE: The aim of this study was to validate any or all of the 8 clinical \nidentifiers of early-stage primary/idiopathic adhesive capsulitis established in \nan earlier Delphi study.\nDESIGN: This was a cross-sectional study.\nMETHODS: Sixty-four patients diagnosed with early-stage adhesive capsulitis by a \nphysical therapist or medical practitioner were included in the study. Eight \nactive and 8 passive shoulder movements and visual analog scale pain scores for \neach movement were recorded prior to and immediately following an \nintra-articular injection of corticosteroid and local anesthetic. Using the', 'active movements remained the only identifier but was associated with reduced \nodds of a PAR.\nLIMITATIONS: The lack of a recognized reference standard for diagnosing \nearly-stage adhesive capsulitis remains problematic in all related research.\nCONCLUSIONS: None of the clinical identifiers for early-stage adhesive \ncapsulitis previously proposed by expert consensus have been validated in this \nstudy. Clinicians should be aware that commonly used clinical identifiers may \nnot be applicable to this stage.\n© 2014 American Physical Therapy Association.', 'BACKGROUND: The prevalence of combined humeral and glenoid defects varies \nbetween 79 and 84\xa0% in case of chronic posttraumatic anterior shoulder \ninstability. The main goal of this study was to evaluate the relationship \nbetween humeral and glenoid defects based on quantitative radiological criteria.\nMETHODS: A retrospective study was performed between 2000 and 2011 including \npatients who underwent primary surgical shoulder stabilization for chronic \nposttraumatic anterior shoulder instability, with bone defects in both the \nglenoid and humerus and a healthy contralateral shoulder. The following \nmeasurements were taken: D/R ratio (Hill-Sachs lesion depth/humeral head radius) \non an AP X-ray in internal rotation and the D1/D2 ratio [diameter of the', 'on an AP X-ray in internal rotation and the D1/D2 ratio [diameter of the \ninvolved glenoid articular surfaces (D1)/the healthy one (D2)] on a comparative \nBernageau glenoid profile view. Measurements were taken by two observers. \nCorrelations were determined by the Spearman correlation coefficients (r), Bland \nand Altman diagrams, and intra-class correlation coefficients (ICC). A sample \nsize calculation was done.\nRESULTS: Thirty patients were included, 25 men/5 women, mean age \n29.8\xa0±\xa011.2\xa0years. The mean D/R was 23\xa0±\xa012\xa0% for observer 1 and 23\xa0±\xa010\xa0% for \nobserver 2. The mean D1/D2 was 95\xa0±\xa04\xa0% for observer 1 and 94\xa0±\xa06\xa0% for observer \n2. No significant correlation was found between humeral and glenoid bone defects', 'when applying intra-articular contrast media for MR arthrography of the \nshoulder. This could result in reduced costs and a reduced risk of adverse \nreactions, without an impact on patient comfort.']",None of the clinical identifiers for early-stage adhesive capsulitis previously proposed by expert consensus have been validated in this study. Clinicians should be aware that commonly used clinical identifiers may not be applicable to this stage.,0.75
Are wandering and physically nonaggressive agitation equivalent?,"No, wandering and physically nonaggressive agitation (PNA) are not equivalent. According to the study, ""Findings depict wandering and PNA as overlapping, but nonequivalent phenomena."" (Document id='e7e13f32-2c88-571c-9f2e-adf9d692267b' and Document id='63a01d43-26f6-57cf-ac43-d0d3cca88502'). While there is a significant correlation between wandering and PNA, the factor analyses yielded different solutions for each, with wandering having a one-factor solution and PNA having a two-factor solution.","['OBJECTIVE: The authors examined equivalence of wandering and physically \nnonaggressive agitation (PNA) as concepts.\nDESIGN: A cross-sectional correlational design was used.\nSETTING: Participants were recruited from 22 nursing homes and 6 assisted living \nfacilities in two states.\nPARTICIPANTS: Ambulatory residents meeting DSM-IV criteria for dementia (N = \n181) were studied.\nMEASUREMENTS: Video-tapes for up to twelve 20-minute observations per \nparticipant were coded for wandering using an empirically derived taxonomy of \nambulation patterns. Separate raters coded the same tapes for six PNA behaviors \non the agitation behavior mapping instrument.\nRESULTS: Most participants (73.5%) wandered; all showed PNA behaviors. Factor', 'RESULTS: Most participants (73.5%) wandered; all showed PNA behaviors. Factor \nanalyses yielded an one-factor solution for wandering (explained variance = \n43.66%) and a two-factor solution for PNA (explained variance = 53.45%). Overall \nwandering correlated significantly with PNA Factor 1 (df =179, r = 0.68, p \n<0.001) and Factor 2, but at a lower value (df = 179, r = 0.26, p <0.01).\nCONCLUSION: Findings depict wandering and PNA as overlapping, but nonequivalent \nphenomena. Evidence supporting construct validity of wandering was more robust \nthan that for PNA. Results have implications for accuracy in scientific and \nclinical detection and labeling of wandering and agitation.', 'symptoms do not cluster in well defined distinct syndromes. Therefore, patients \nwith chronic functional somatic symptoms should preferably not be classified \ninto medical subspecialty syndromes.', 'investigated patients in general adult psychiatry are characterized by specific \nrisk factors different from clinical subpopulations of other disciplines.', 'socioeconomic status, and practice were included. Data on comorbidity, \nreferrals, diagnostic tests, and hospital admissions over a period of 10 years \nprior to the diagnosis were collected. Medication use and number of visits to \nthe general practitioner (GP) were extracted from the moment computerised \nregistration was started.\nRESULTS: In the 10 years before the diagnosis of chronic functional somatic \nsymptoms, significantly more patients than controls presented functional somatic \nsymptoms in at least two body systems, and used more somatic and psychotropic \ndrugs. They visited the GP twice as much, statistically had significantly more \npsychiatric morbidity, and were referred more often to mental health workers and']","Findings depict wandering and PNA as overlapping, but nonequivalent phenomena. Evidence supporting construct validity of wandering was more robust than that for PNA. Results have implications for accuracy in scientific and clinical detection and labeling of wandering and agitation.",1.0
Does feeding tube insertion and its timing improve survival?,"No, feeding tube insertion and its timing do not improve survival. According to the study, after multivariate analysis correcting for selection bias with propensity score weights, no difference was found in survival between the two groups (adjusted hazard ratio (AHR) = 1.03, 95% confidence interval (CI) = 0.94-1.13). Additionally, the timing of PEG tube insertion relative to the onset of eating problems was not associated with survival after feeding tube insertion (AHR = 1.01, 95% CI = 0.86-1.20). The conclusion of the study states: ""Neither insertion of PEG tubes nor timing of insertion affect survival.""","['feeding tube risk factor), 1,957 (5.4%) had a feeding tube inserted within \n1\xa0year of developing eating problems. After multivariate analysis correcting for \nselection bias with propensity score weights, no difference was found in \nsurvival between the two groups (adjusted hazard ratio (AHR)\xa0=\xa01.03, 95% \nconfidence interval (CI)\xa0=\xa00.94-1.13). In residents who were tube-fed, the \ntiming of PEG tube insertion relative to the onset of eating problems was not \nassociated with survival after feeding tube insertion (AHR\xa0=\xa01.01, 95% \nCI\xa0=\xa00.86-1.20, persons with a PEG tube inserted within 1\xa0month of developing an \neating problem versus later (4\xa0months) insertion).\nCONCLUSION: Neither insertion of PEG tubes nor timing of insertion affect \nsurvival.', 'OBJECTIVES: To examine survival with and without a percutaneous endoscopic \ngastrostomy (PEG) feeding tube using rigorous methods to account for selection \nbias and to examine whether the timing of feeding tube insertion affected \nsurvival.\nDESIGN: Prospective cohort study.\nSETTING: All U.S. nursing homes (NHs).\nPARTICIPANTS: Thirty-six thousand four hundred ninety-two NH residents with \nadvanced cognitive impairment from dementia and new problems eating studied \nbetween 1999 and 2007.\nMEASUREMENTS: Survival after development of the need for eating assistance and \nfeeding tube insertion.\nRESULTS: Of the 36,492 NH residents (88.4% white, mean age 84.9, 87.4% with one \nfeeding tube risk factor), 1,957 (5.4%) had a feeding tube inserted within', 'CONCLUSION: Neither insertion of PEG tubes nor timing of insertion affect \nsurvival.\n© 2012, Copyright the Authors Journal compilation © 2012, The American \nGeriatrics Society.', 'mean, 52 years) who were fed in a traditional manner. Regular food was permitted \nafter resolution of ileus as defined by resumption of bowel movements in the \nabsence of abdominal distention, nausea, or vomiting.\nRESULTS: The rate of nasogastric tube reinsertion for distention with persistent \nvomiting was 18.7 percent (six patients) in Group 1 and 12.5 percent (four \npatients) in Group 2. Although vomiting was experienced more frequently by \npatients in Group 1 (44 percent vs. 25 percent, respectively), there was no \ndifference between the two groups with regard to the duration of postoperative \nileus (3.6 vs. 3.4 days, respectively). In the 26 patients from Group 1 who did \nnot require nasogastric tube reinsertion, there was a trend toward shorter', 'group A, whose operations were completed with placement of nasogastric tube; the \nother 75 patients were included in the group B, in which no nasogastric tube was \nplaced.\nRESULTS: No statistical differences were observed between group A and group B \nregarding gender distribution, age, weight, and BMI. No intraoperative \ncomplications and no conversion occurred in both groups. Intraoperative blood \nloss (50.1 ± 42.3 vs. 52.5 ± 37.6 ml, respectively) and operative time (65.4 ± \n25.5 vs. 62.6 ± 27.8 min, respectively) were comparable between the two groups \n(p: NS). One staple line leak (1.4%) occurred on 6th postoperative day in group \nA patients. No leak was observed in group B patients. Postoperative hospital']",Neither insertion of PEG tubes nor timing of insertion affect survival.,1.0
Do family physicians know the costs of medical care?,"No, family physicians do not know the costs of medical care. According to the study conducted in British Columbia, ""Few respondents estimated costs within 25% of true cost, and estimates were highly variable. Physicians underestimated costs of expensive drugs and laboratory investigations and overestimated costs of inexpensive drugs."" (Document id='4ed1685f-4d4e-5f9d-8360-9702728474e7' and Document id='241e5bbe-b228-5e64-83a1-18ccbd3d5f60'). The study concludes that ""Family doctors in British Columbia have little awareness of the costs of medical care.""","[""OBJECTIVE: To determine the cost of 46 commonly used investigations and \ntherapies and to assess British Columbia family doctors' awareness of these \ncosts.\nDESIGN: Mailed survey asking about costs of 23 investigations and 23 therapies \nrelevant to family practice. A random sample of 600 doctors was asked to report \ntheir awareness of costs and to estimate costs of the 46 items.\nSETTING: British Columbia.\nPARTICIPANTS: Six hundred family physicians.\nMAIN OUTCOME MEASURES: Estimates within 25% of actual cost were considered \ncorrect. Associations between cost awareness and respondents'characteristics \n(eg, sex, practice location) were sought. Degree of error in estimates was also \nassessed.\nRESULTS: Overall, 283 (47.2%) surveys were returned and 259 analyzed. Few"", 'INTRODUCTION: Medicare beneficiaries who have chronic conditions are responsible \nfor a disproportionate share of Medicare fee-for-service expenditures. The \nobjective of this study was to analyze the change in the health of Medicare \nbeneficiaries enrolled in Part A (hospital insurance) between 2008 and 2010 by \ncomparing the prevalence of 11 chronic conditions.\nMETHODS: We conducted descriptive analyses using the 2008 and 2010 Chronic \nConditions Public Use Files, which are newly available from the Centers for \nMedicare and Medicaid Services and have administrative (claims) data on 100% of \nthe Medicare fee-for-service population. We examined the data by age, sex, and \ndual eligibility (eligibility for both Medicare and Medicaid).', 'assessed.\nRESULTS: Overall, 283 (47.2%) surveys were returned and 259 analyzed. Few \nrespondents estimated costs within 25% of true cost, and estimates were highly \nvariable. Physicians underestimated costs of expensive drugs and laboratory \ninvestigations and overestimated costs of inexpensive drugs. Cost awareness did \nnot correlate with sex, practice location, College certification, faculty \nappointment, or years in practice.\nCONCLUSION: Family doctors in British Columbia have little awareness of the \ncosts of medical care.', ""RESULTS: Out of the total doctors interviewed (80), 71 replies were obtained for \nthe annual PE and 76 for the mean cost of prescriptions, for both active and \npensioner patients. Significant differences were found between the annual PE in \nreality and doctors' estimates: around twelve million pesetas. The differences \nbetween the real mean costs of prescription and the estimates were also \nsignificant.\nCONCLUSIONS: In view of the results, it is concluded that there is no awareness \nof PE among the doctors in the reformed PC in our area. This poses a question \nover the efficacy of feed-back of pharmacy information in order to create this \nawareness. This information needs to be more frequent and richer in content, and \nto be complemented by other measures."", 'OBJECTIVE: To evaluate the effectiveness of feeding information on pharmacy back \nto primary care doctors in order to create awareness (knowledge) of \npharmaceutical expenditure (PE).\nDESIGN: Retrospective cross-sectional study, through personal interview.\nSETTING: Reformed PC, Sabadell, Barcelona.\nPARTICIPANTS: The 80 PC doctors working with primary care teams.\nINTERVENTIONS: As the personal feed-back on PE, each doctor was asked for the PE \ngenerated during 1997 and the mean cost of prescriptions to active and pensioner \npatients. The statistical test used was the t test to compare means for paired \ndata, with p < 0.05 the required level of significance.\nRESULTS: Out of the total doctors interviewed (80), 71 replies were obtained for']",Family doctors in British Columbia have little awareness of the costs of medical care.,1.0
"Laparoscopic myomectomy: do size, number, and location of the myomas form limiting factors for laparoscopic myomectomy?","No, the size, number, and location of the myomas do not form limiting factors for laparoscopic myomectomy when performed by an experienced surgeon. This is supported by the study that found laparoscopic myomectomy can be performed efficiently regardless of the size, number, and location of the myomas (Document id='98c4d654-7153-5c51-8f33-1ae13526672c' and Document id='150875df-b0d7-5517-86de-8c08ee754205'). The study removed 912 myomas from 505 patients, with a mean size of 5.86 cm and a mean weight of 227.74 g, demonstrating the feasibility of the procedure (Document id='a0f41994-3f53-576b-a4b0-b3d713e3420e'). The conclusion of the study states that ""Laparoscopic myomectomy can be performed by experienced surgeons regardless of the size, number, or location of the myomas"" (Document id='150875df-b0d7-5517-86de-8c08ee754205').","['STUDY OBJECTIVE: To assess whether it is possible for an experienced \nlaparoscopic surgeon to perform efficient laparoscopic myomectomy regardless of \nthe size, number, and location of the myomas.\nDESIGN: Prospective observational study (Canadian Task Force classification \nII-1).\nSETTING: Tertiary endoscopy center.\nPATIENTS: A total of 505 healthy nonpregnant women with symptomatic myomas \nunderwent laparoscopic myomectomy at our center. No exclusion criteria were \nbased on the size, number, or location of myomas.\nINTERVENTIONS: Laparoscopic myomectomy and modifications of the technique: \nenucleation of the myoma by morcellation while it is still attached to the \nuterus with and without earlier devascularization.\nMEASUREMENTS AND MAIN RESULTS: In all, 912 myomas were removed in these 505', 'parasitic myoma followed by a leiomyoma of the sigmoid colon. Six patients \nunderwent laparoscopic hysterectomy 4 to 6 years after the surgery for recurrent \nmyomas. One conversion to laparotomy occurred and 1 patient underwent open \nsubtotal hysterectomy for dilutional coagulopathy.\nCONCLUSION: Laparoscopic myomectomy can be performed by experienced surgeons \nregardless of the size, number, or location of the myomas.', 'calculated using the formula Volume (mm3)=Pi/6x(length mm)x(width mm)x(height \nmm).\nMEASUREMENTS AND MAIN RESULTS: The mean age of the population was 31+/-6 years. \nBetween the first and the second study periods, the percentage of uterine myomas \nthat decreased in size was 55.1% (95% CI: 43-66), with a mean decrease in volume \nof 35%+/-4%; while the percentage of uterine myomas that enlarged was 44.9% (95% \nCI: 34-56), with a mean increase in volume of 69%+/-11%. Between the second and \nthe third study periods, 75% (95% CI: 56-87) became smaller, with a mean \ndecrease in volume of 30%+/-3%; while 25% (95% CI: 13-43) enlarged, with a mean \nincrease in volume of 102%+/-62%.\nCONCLUSION: Contrary to common belief, we found that uterine myomas commonly', 'MEASUREMENTS AND MAIN RESULTS: In all, 912 myomas were removed in these 505 \npatients laparoscopically. The mean number of myomas removed was 1.85 +/- 5.706 \n(95% CI 1.72-1.98). In all, 184 (36.4%) patients had multiple myomectomy. The \nmean size of the myomas removed was 5.86 +/- 3.300 cm in largest diameter (95% \nCI 5.56-6.16 cm). The mean weight of the myomas removed was 227.74 +/- 325.801 g \n(95% CI 198.03-257.45 g) and median was 100 g. The median operating time was 60 \nminutes (range 30-270 minutes). The median blood loss was 90 mL (range 40-2000 \nmL). Three comparisons were performed on the basis of size of the myomas (<10 cm \nand >or=10 cm in largest diameter), number of myomas removed (<or=4 and >or=5', 'STUDY OBJECTIVE: To estimate changes in uterine myoma volume during pregnancy.\nDESIGN: Review of departmental electronic perinatal database and medical \nrecords. Canadian Task Force Classification II-3.\nSETTING: Obstetrical ultrasound unit in an academic tertiary care center.\nPATIENTS: One hundred-seven patients diagnosed with uterine myomas during \npregnancy and who had two or more obstetrical ultrasounds in different periods \nof pregnancy.\nINTERVENTIONS: We analyzed the change in volume of uterine myomas between the \nfirst half of pregnancy (up until 19 weeks), third quarter (20-30 weeks), and \nlast quarter (31 weeks to term). The volume of largest uterine myoma was \ncalculated using the formula Volume (mm3)=Pi/6x(length mm)x(width mm)x(height \nmm).']","Laparoscopic myomectomy can be performed by experienced surgeons regardless of the size, number, or location of the myomas.",1.0
Is it Crohn's disease?,"The provided context does not contain a specific patient's symptoms or diagnosis to directly answer whether it is Crohn's disease. However, based on the information given, it can be inferred that Crohn's disease is one of the conditions being studied and diagnosed in the context of inflammatory bowel disease (IBD), often in comparison or conjunction with ulcerative colitis and other gastrointestinal issues.

In Document(id='9a3b253c-1e8f-5aa1-b0fb-3c3ebeefe741'), it is mentioned that of the 130 children studied to exclude IBD, the final diagnosis was Crohn's disease in 27. This suggests that Crohn's disease is a possible diagnosis in cases of suspected IBD, but without specific patient details, it cannot be determined if a particular case is Crohn's disease.

Therefore, without specific patient information or symptoms, it is not possible to definitively answer whether it is Crohn's disease based on the provided context.","[""Crohn's disease in 27, ulcerative colitis in nine, miscellaneous colitis in 13, \nprobably normal in 42, and normal in 39. The 99mTc-WBC scans were positive in \nall but three newly diagnosed Crohn's disease, ulcerative colitis, or \nmiscellaneous colitis children. The false-negative 99mTc-WBC studies were seen \nin children with mild inflammation on biopsies and normal UGI-SBFT studies. In \nthe 46 children with a true-positive 99mTc-WBC scan, 81% (17/21) of UGI-SBFT \nstudies were normal. In five children with equivocal UGI-SBFT studies, the \n99mTc-WBC scan correctly predicted if inflammation was present in the terminal \nileum.\nCONCLUSIONS: Our results suggest that 99mTc-WBC is useful as an initial \nscreening modality to exclude IBD, and is more sensitive than UGI-SBFT studies."", ""OBJECTIVE: The goal of this retrospective study was to assess whether \n99mTc-white blood cell (WBC) scintigraphy and upper gastrointestinal small bowel \nfollow-through (UGI-SBFT) could exclude inflammation in children suspected of \nhaving inflammatory bowel disease (IBD).\nMETHODS: Of a population of 313 children who had a 99mTc-WBC scan, 130 children \nwere studied exclusively to rule out IBD. Sixty-nine colonoscopies with biopsies \nwere done within a short time interval of the 99mTc-WBC scans. There were also \n51 controls studied with 99mTc-WBC scintigraphy.\nRESULTS: Of the 130 children studied to exclude IBD, the final diagnosis was \nCrohn's disease in 27, ulcerative colitis in nine, miscellaneous colitis in 13,"", ""OBJECTIVE: Assessing the clinical course of inflammatory bowel disease (IBD) \npatients consists of periodical clinical evaluations and laboratory tests. We \naimed to assess the role of calprotectin tests in predicting clinical relapse in \nIBD patients.\nMETHODS: Ninety-seven patients with ulcerative colitis (UC) and 65 with Crohn's \ndisease (CD) in clinical remission were prospectively included in the study. A \n10-g stool sample was collected for calprotectin assay. The cutoff level was set \nat 130 mg/kg of feces. Patients were followed up for 1 yr after the test or \nuntil relapse. The cumulative proportion of relapses was estimated by the \nKaplan-Meier analysis. Statistics for equality of survival distribution were \ntested using the log-rank test."", ""African-American; 44 antegrade and 44 retrograde DBEs were performed. The mean \ntime per antegrade DBE was 107.4±30.0 minutes with a distance of 318.4±152.9 cm \nreached past the pylorus. The mean time per lower DBE was 100.7±27.3 minutes \nwith 168.9±109.1 cm meters past the ileocecal valve reached. Endoscopic therapy \nin the form of electrocautery to ablate bleeding sources was performed in 20 \npatients (30.3%), biopsy in 17 patients (25.8%) and dilation of Crohn's-related \nsmall bowel strictures in 4 (6.1%). 43 VCEs with pathology noted were performed \nprior to DBE, with findings endoscopically confirmed in 32 cases (74.4%). In 3 \ncases the DBE showed findings not noted on VCE.\nCONCLUSION: DBE appears to be equally safe and effective when performed in the"", 'OBJECTIVES: Guidelines emphasize that irritable bowel syndrome (IBS) is not a \ndiagnosis of exclusion and encourage clinicians to make a positive diagnosis \nusing the Rome criteria alone. Yet many clinicians are concerned about \noverlooking alternative diagnoses. We measured beliefs about whether IBS is a \ndiagnosis of exclusion, and measured testing proclivity between IBS experts and \ncommunity providers.\nMETHODS: We developed a survey to measure decision-making in two standardized \npatients with Rome III-positive IBS, including IBS with diarrhea (D-IBS) and IBS \nwith constipation (C-IBS). The survey elicited provider knowledge and beliefs \nabout IBS, including testing proclivity and beliefs regarding IBS as a diagnosis']","Granulomatous myelotoxicity and enteritis developed in a 21 year old female within 3 weeks of initiating sulfasalazine for rheumatoid arthritis. Following a short course of corticosteroids, the patient had resolution of her cholestatic hepatitis, rash, eosinophilia, and gastrointestinal symptoms with no residual manifestations at 7 months follow-up. Although severe reactions to sulfasalazine are rare and unpredictable, practicing physicians should be aware of unusual clinical presentations of toxicity when prescribing sulfasalazine.",0.7142857142857143
"Expression of c-kit protooncogen in hepatitis B virus-induced chronic hepatitis, cirrhosis and hepatocellular carcinoma: has it a diagnostic role?","Yes, c-kit expression may have a diagnostic role in hepatitis B virus-induced chronic hepatitis, cirrhosis, and hepatocellular carcinoma (HCC). The study found that c-kit positivity was observed in 62 of 75 HCC tissue specimens (82%) and that the staining intensity was parallel with the grade and stage of the disease. Additionally, c-kit positivity was rare or absent in areas of fibrosis, but appeared both inside and around cancerous nodes in HCC specimens. These results suggest that c-kit expression may be used as an early diagnostic indicator for HBV-induced HCC.","['AIM: There are more than 350 million people worldwide chronically infected with \nhepatitis B virus (HBV), who are at high risk for the development of hepatitis, \ncirrhosis and hepatocellular carcinoma (HCC). Because of the conflicting results \nabout c-kit expression in HCC and the key role played by c-kit in \ngastrointestinal stromal tumours (GIST) and other solid tumours, the aim of this \nstudy was to determine c-kit expression in the course of hepatitis B infection.\nMATERIALS AND METHODS: Paraffin-embedded tissues in Cukurova University Faculty \nof Medicine Department of Pathology between January 2002 and February 2006 were \nsearched restrospectively to investigate this issue. We performed \nimmunohistochemistry on biopsies of 125 patients with HBV infection, grouped as:', 'and HCC. In chronic hepatitis B infection, the staining intensity was parallel \nwith the grade and stage of the disease. In the areas where fibrosis was seen, \nc-kit positivity was rare or absent. In the HCC specimens, c-kit positivity \nappeared both inside and around the cancerous nodes. C-kit expression was \nobserved in 62 of 75 HCC tissue specimens (82%) (p < 0.001).\nCONCLUSIONS: C-kit positivity was observed in the mitotic, proliferating and \nalso dysplastic hepatic cells. These results suggest that c-kit expression may \nbe used as an early diagnostic indicator for HBV induced HCC.', 'immunohistochemistry on biopsies of 125 patients with HBV infection, grouped as: \nmild, moderate and severe hepatitis, cirrhosis and HCC, 25 patients in each of \nthem, using anti c-kit monoclonal antibody. The severity of parenchymal \ninflammation and of interface hepatitis was semiquantitatively graded on a \nhaematoxylin and eosin stained paraffin sections. Additionally, 50 more HCC, \nformed on HBV basis, were studied to determine the prevalence of c-kit \noverexpression.\nRESULTS: In cirrhotic liver, lower intensity of staining and rarely c-kit \npositivity were present. The greatest number of the c-kit positivity and higher \nintensity of staining was found in the livers of patients with severe hepatitis \nand HCC. In chronic hepatitis B infection, the staining intensity was parallel', ""BACKGROUND: Hepatitis G virus can cause chronic infection in man but the role of \nthis agent in chronic liver disease is poorly understood. Little is known about \nthe relation of another newly discovered agent, the TT virus, with chronic liver \ndisease.\nAIM: To investigate the rate of infection with hepatitis G virus and TT virus in \npatients with cryptogenic chronic liver disease.\nPATIENTS: A total of 23 subjects with chronically raised alanine transaminase \nand a liver biopsy in whom all known causes of liver disease had been excluded, \nand 40 subjects with hepatitis C virus-related chronic liver disease.\nMETHODS: Evaluation of anti-hepatitis G virus by enzyme immunoassay. Hepatitis G \nvirus-RNA by polymerase chain reaction with primers from the 5' NC and NS5a"", ""virus-RNA by polymerase chain reaction with primers from the 5' NC and NS5a \nregions. TT virus-DNA by nested polymerase chain reaction with primers from the \nORF1 region. Results. Hepatitis G virus-RNA was detected in 4 out of 23 patients \nwith cryptogenic chronic hepatitis and in 6 out of 40 with hepatitis C virus \nchronic hepatitis (17.4% vs 15% p=ns). At least one marker of hepatitis G virus \ninfection (hepatitis G virus-RNA and/or anti-hepatitis G virus, mostly mutually \nexclusive) was present in 6 out of 23 patients with cryptogenic hepatitis and 16 \nout of 40 with hepatitis C virus liver disease (26. 1% vs 40% p=ns). T virus-DNA \nwas present in serum in 3 subjects, 1 with cryptogenic and 2 with hepatitis C \nvirus-related chronic liver disease. Demographic and clinical features,""]","C-kit positivity was observed in the mitotic, proliferating and also dysplastic hepatic cells. These results suggest that c-kit expression may be used as an early diagnostic indicator for HBV induced HCC.",1.0
Is a specialised training of phonological awareness indicated in every preschool child?,"No, a specialized training program to improve phonologic awareness as a basis for reading and writing seems to be unnecessary in every kindergarten and preschool child. However, children with temporary hearing deficits may benefit from such a program. For all other children, general perception training may be sufficient. (Source: Document id='d9710598-21f8-5bcc-ac20-3ccc7fa4e746')","['their reading abilities.\nCONCLUSION: A specialized training program to improve phonologic awareness as a \nbasis for reading and writing in every kindergarten and preschool child seems to \nbe unnecessary. However, children with temporary hearing deficits benefit from \nsuch a program. For all other children general perception training may be \nsufficient.', 'OBJECTIVE AND METHODS: In a prospective study 218 preschool children were \nenrolled (stratified in 2 training programs, one specialized for phonologic \nawareness in order to prevent dyslexia, the other consisting in training of \ngeneral perception) during the last year of kindergarten. After finishing the \nfirst grade 131 children were compared in their reading and writing abilities.\nRESULTS: In the whole group only a slight difference was found between both \ntraining modalities concerning their writing abilities. However, children with a \nhistory of hearing loss, actual hearing loss or pathologic middle ear findings \nprofited most from the specialized training program compared to the control in \ntheir reading abilities.', 'by the right hemisphere [2].\nRESULTS: We found that about 60% of our group developed both word reading and \nparagraph reading in the average range. Phonological processing measured by both \nphonological awareness and nonword reading was unexpectedly spared in the \nmajority of participants. Phonological awareness levels strongly correlated with \nword reading. Verbal memory, a component of phonological processing skills, \ntogether with receptive vocabulary size, positively correlated with reading \nlevels similar to those reported in average readers. Receptive vocabulary, a \nbilateral function, was preserved to a certain degree similar to that of \nstrongly left-lateralized phonological skills [3]. Later seizure onset was \nassociated with better reading levels.', 'to those of children with typical-development and normal hearing (TD-NH). \nAccuracy was examined as a function of communicative status, emotional or \nmovement category, and individual characteristics.\nMETHODS: Participants listened to recorded musical excerpts conveying emotions \nor movements and matched them with labels. Measures relevant to auditory and/or \nlanguage function were also gathered.\nRESULTS: There was no significant difference between the ASD and TD-NH groups in \nidentification of musical emotions or movements. However, the CI group was \nsignificantly less accurate than the other two groups in identification of both \nemotions and movements. Mixed effects logistic regression revealed different \npatterns of accuracy for specific emotions as a function of group.', ""general text comprehension by the variables of technical reading, IQ, reading \ncomprehension of sentences (RCS), and pretest and posttest scores on the \nstrategies taught.\nMETHODS: In total, 38 adults (age range 20-72 years; mean age of 36 years) with \nID participated in the study. IQs ranged from 45 to 69 with a mean IQ of 58. The \nintervention programme involved 15 weekly lessons of 1 h each, taught during 3 \nmonths. Blocks of lessons included each of Brown and Palincsar's strategies of \nsummarizing, questioning, clarifying and predicting, as participants read and \nstudied narrative and expository texts.\nRESULTS: Results indicated no significant difference between group and \nindividual instruction conditions. Second, direct programme effects - as""]","A specialized training program to improve phonologic awareness as a basis for reading and writing in every kindergarten and preschool child seems to be unnecessary. However, children with temporary hearing deficits benefit from such a program. For all other children general perception training may be sufficient.",1.0
Rectal cancer threatening or affecting the prostatic plane: is partial prostatectomy oncologically adequate?,"Yes, partial prostatectomy after preoperative chemoradiotherapy seems to be oncologically safe in patients with rectal cancer threatening or affecting the prostatic plane. The study found that partial prostatectomy after preoperative chemoradiotherapy resulted in a free anterior circumferential resection margin (CRM) in all cases, with a low rate of CRM positivity (2.4%). However, it is associated with a higher risk of intra-operative urethral damage (36.4%) and postoperative urinary fistula (18.2%).","['AIM: The management of rectal cancer threatening or affecting the prostatic \nplane is still under debate. The role of preoperative chemo radiotherapy and the \nextent of prostatectomy seem to be key points in the treatment of these tumours. \nThe aim of the present study was to evaluate the pathological circumferential \nmargin status and the local recurrence rate following different therapeutic \noptions.\nMETHOD: A multicentre, retrospective study was conducted of patients with rectal \ncancer threatening or affecting the prostatic plane, but not the bladder, judged \nby magnetic resonance imaging (MRI). The use of preoperative chemoradiotherapy \nand the type of urologic resection were correlated with the status of the \npathological circumferential resection margin (CRM) and local recurrence.', 'pathological circumferential resection margin (CRM) and local recurrence.\nRESULTS: A consecutive series of 126 men with rectal cancer threatening (44) or \naffecting (82) the prostatic plane on preoperative staging and operated with \nlocal curative intent between 1998 and 2010 was analysed. In patients who did \nnot have chemoradiotherapy but had a preoperative threatened anterior margin the \nCRM-positive rate was 25.0%. In patients who did not have preoperative \nchemoradiotherapy but did have an affected margin, the CRM-positive rate was \n41.7%. When preoperative radiotherapy was given, the respective CRM infiltration \nrates were 7.1 and 20.7%. In patients having preoperative chemoradiotherapy \nfollowed by prostatic resection the rate of CRM positivity was 2.4%. Partial', 'followed by prostatic resection the rate of CRM positivity was 2.4%. Partial \nprostatectomy after preoperative chemoradiotherapy resulted in a free anterior \nCRM in all cases, but intra-operative urethral damage occurred in 36.4% of \npatients who underwent partial prostatectomy, resulting in a postoperative \nurinary fistula in 18.2% of patients.\nCONCLUSION: Preoperative chemoradiation is mandatory in male patients with a \nthreatened or affected anterior circumferential margin on preoperative MRI. In \npatients with preoperative prostatic infiltration, prostatic resection is \nnecessary. In this group of patients partial prostatectomy seems to be \noncologically safe.\nColorectal Disease © 2015 The Association of Coloproctology of Great Britain and \nIreland.', 'margins were also lower in the primary irradiated patients (p = 0.049 and p < \n0.0001). This difference in survival persisted in multivariate analysis that \ncorrected for T and N stages of the primary tumor.\nLIMITATIONS: This study is limited by its retrospective nature and heterogeneous \nradiotherapy regimes among radiotherapy patients.\nCONCLUSIONS: Patients who previously received radiotherapy for primary rectal \ncancer treatment have worse oncologic outcomes than those who had not received \nradiotherapy after pelvic exenteration for locally recurrent rectal cancer.', 'as part of their primary rectal cancer treatment were compared.\nMAIN OUTCOME MEASURES: The main outcomes of interest were resection margins, \noverall survival, disease-free survival, and surgical morbidities.\nRESULTS: There were 108 patients, of which 87 were eligible for analysis. \nPatients who received radiotherapy for their primary rectal cancer (n = 41) \nrequired more radical exenterations (68% vs 44%; p = 0.020), had lower rates of \nclear resection margins (63% vs 87%; p = 0.010), had increased rates of surgical \ncomplications per patient (p = 0.014), and had a lower disease-free survival (p \n= 0.022). Overall survival and disease-free survival in patients with clear \nmargins were also lower in the primary irradiated patients (p = 0.049 and p <']","Preoperative chemoradiation is mandatory in male patients with a threatened or affected anterior circumferential margin on preoperative MRI. In patients with preoperative prostatic infiltration, prostatic resection is necessary. In this group of patients partial prostatectomy seems to be oncologically safe.",1.0
"Actinobaculum schaalii, a cause of urinary tract infections in children?","Yes, Actinobaculum schaalii can cause urinary tract infections in children. According to the provided context, ""A. schaalii was found in quantities equivalent to ≥ 10(6) CFU/mL by both culture and PCR in two children with a urinary tract infection and large numbers of leucocytes in the urine."" (Document id='95638442-fd43-5580-ac0e-9271d813eb6f')","['AIM: To inform that Actinobaculum schaalii can colonize the urine and cause \nurinary tract infection in children.\nMETHODS: Urine samples were examined by wet smear microscopy, incubated in 5% \nCO(2) for 1-2 days, and species-specific real-time polymerase chain reaction \n(PCR) for A. schaalii was performed.\nRESULTS: In 5 of the 29 screened urines, A. schaalii was found only by real-time \nPCR in quantities equivalent to ≥ 10(4) -10(5) CFU/mL. In addition, A. schaalii \nwas found in quantities equivalent to ≥ 10(6) CFU/mL by both culture and PCR in \ntwo children with a urinary tract infection and large numbers of leucocytes in \nthe urine.\nCONCLUSION: Actinobaculum schaalii is CO(2)-dependent. Therefore, if there are', 'the urine.\nCONCLUSION: Actinobaculum schaalii is CO(2)-dependent. Therefore, if there are \nclinical symptoms and/or a negative culture despite the presence of leucocytes \nin the urine, Gram staining and incubation in 5% CO(2) or species-specific \nreal-time PCR should be performed to identify A. schaalii.\n© 2011 The Author(s)/Acta Paediatrica © 2011 Foundation Acta Paediatrica.', 'BACKGROUND: Current guidelines for the treatment of uncomplicated urinary tract \ninfection (UTI) in women recommend empiric therapy with antibiotics for which \nlocal resistance rates do not exceed 10-20%. We hypothesized that resistance \nrates of Escherichia coli to fluoroquinolones may have surpassed this level in \nolder women in the Israeli community setting.\nOBJECTIVES: To identify age groups of women in which fluoroquinolones may no \nlonger be appropriate for empiric treatment of UTI.\nMETHODS: Resistance rates for ofloxacin were calculated for all cases of \nuncomplicated UTI diagnosed during the first 5 months of 2005 in a managed care \norganization (MCO) in Israel, in community-dwelling women aged 41-75 years. The', 'group averages). Evaluation of known or suspected vesicoureteral reflux (VUR) \nand urinary tract infection (UTI) were the most common clinical indications, \nstated in 40.9% and 37.0% of exams, respectively.\nCONCLUSION: Although the estimated effective dose is low for VCUG radiographic \nscout images, this step did not augment VCUG interpretation or contribute \nmanagement-changing information. This step should be omitted or substituted to \nfurther reduce dose in pediatric VCUG.', 'women aged 51-55 years (7.1%; 95% CI 3.4 to 10.9), and reached 19.86% (95% CI \n13.2 to 26.5) among the oldest women (aged 56-75 y).\nCONCLUSIONS: Physicians who opt to treat UTI in postmenopausal women empirically \nshould consider prescribing drugs other than fluoroquinolones. Concomitant \nlongitudinal surveillance of both antibiotic utilization patterns and \nuropathogen resistance rates should become routine practice in this managed-care \norganization.']","Actinobaculum schaalii is CO(2)-dependent. Therefore, if there are clinical symptoms and/or a negative culture despite the presence of leucocytes in the urine, Gram staining and incubation in 5% CO(2) or species-specific real-time PCR should be performed to identify A. schaalii.",1.0
Is the processing of affective prosody influenced by spatial attention?,"Yes, the processing of affective prosody is influenced by spatial attention, but only at early processing levels (< 200 ms). At later processing stages (> 200 ms), emotional prosody is processed outside of the focus of spatial attention. This is evidenced by the event-related potentials (ERPs) differing as a function of emotional prosody both when attended and when unattended, with effects interacting at early levels but being additive at later stages (Document id: 'cd1be8f9-a6cd-56cb-93a0-2f60eef7288a' and '78553a58-1b17-5f98-8a4b-f4bc71954090').","['ms), these effects were additive at later processing stages (> 200 ms).\nCONCLUSIONS: Emotional prosody, therefore, seems to be partially processed \noutside the focus of spatial attention. Whereas at early sensory processing \nstages spatial attention modulates the degree of emotional voice processing as a \nfunction of emotional valence, emotional prosody is processed outside of the \nfocus of spatial attention at later processing stages.', 'BACKGROUND: The present study asked whether the processing of affective prosody \nis modulated by spatial attention. Pseudo-words with a neutral, happy, \nthreatening, and fearful prosody were presented at two spatial positions. \nParticipants attended to one position in order to detect infrequent targets. \nEmotional prosody was task irrelevant. The electro-encephalogram (EEG) was \nrecorded to assess processing differences as a function of spatial attention and \nemotional valence.\nRESULTS: Event-related potentials (ERPs) differed as a function of emotional \nprosody both when attended and when unattended. While emotional prosody effects \ninteracted with effects of spatial attention at early processing levels (< 200 \nms), these effects were additive at later processing stages (> 200 ms).', 'participants (mean age\u2009=\u200919.2 years [standard deviation\u2009=\u20093.3]; 69.5% female; \n36.4% minority), consisting of 84 episodic migraineurs, diagnosed in accordance \nwith International Classification of Headache Disorders (2(nd) edition) criteria \nusing a structured diagnostic interview, and 224 non-migraine controls completed \na computerized dot probe task to assess attentional bias toward headache-related \npictorial stimuli. The task consisted of 192 trials and utilized 2 \nemotional-neutral stimulus pairing conditions (headache-neutral and \nhappy-neutral).\nRESULTS: No within-group differences for reaction time latencies to headache vs \nhappy conditions were found among those with episodic migraine or among the \nnon-migraine controls. Migraine status was unrelated to attentional bias indices', 'non-migraine controls. Migraine status was unrelated to attentional bias indices \nfor both headache (F [1,306]\u2009=\u20090.56, P\u2009=\u2009.45) and happy facial stimuli (F \n[1,306]\u2009=\u20090.37, P\u2009=\u2009.54), indicating a lack of between-group differences. Lack \nof within- and between-group differences was confirmed with repeated measures \nanalysis of variance.\nCONCLUSIONS: In light of the large sample size and prior pilot testing of \npresented images, results suggest that episodic migraineurs do not \ndifferentially attend to headache-related facial stimuli. Given modest evidence \nof attentional biases among chronic headache samples, these findings suggest \npotential differences in attentional processing between chronic and episodic \nheadache subforms.\n© 2012 American Headache Society.', 'of the 22 examined patients (VS, n=5; MCS, n=9), a significant activation of the \nregions of interest (ROIs) of the mental imagery paradigm could be found. All 5 \npatients with activation of a significant blood oxygen level dependent signal, \nwho were in a VS at the time of the fMRI examination, reached at least an MCS at \nthe end of the observation period. In contrast, 5 participants in a VS who \nfailed to show activation in ROIs, did not (sensitivity 100%, specificity 100%). \nSix of 9 patients in an MCS with activation in ROIs emerged from an MCS. Of 3 \npatients in an MCS who did not show activation, 2 patients stayed in an MCS and \n1 patient emerged from the MCS (sensitivity 85%, specificity 40%).\nCONCLUSIONS: The fMRI paradigm mental imagery displays a high concordance with']","Emotional prosody, therefore, seems to be partially processed outside the focus of spatial attention. Whereas at early sensory processing stages spatial attention modulates the degree of emotional voice processing as a function of emotional valence, emotional prosody is processed outside of the focus of spatial attention at later processing stages.",0.8333333333333334
Is the international normalised ratio (INR) reliable?,"The reliability of the international normalised ratio (INR) measurement is supported by a correlation coefficient of 0.96 between results obtained in general practice and those in the reference hospital laboratory, as well as correlation coefficients ranging from 0.86 to 0.92 when compared to various standard laboratory techniques. However, it is noted that up to 53% of tests would have resulted in clinically significant differences (change in warfarin dose) depending on the site and method of testing, and the practice-derived results showed a positive bias ranging from 0.28 to 1.55. Therefore, while the INR measurement appears to be reliable, there may be variations in results depending on the testing method and location.","['AIM: To determine the reliability of international normalised ratio (INR) \nmeasurement in primary care by practice nurses using near patient testing (NPT), \nin comparison with results obtained within hospital laboratories by varied \nmethods.\nMETHODS: As part of an MRC funded study into primary care oral anticoagulation \nmanagement, INR measurements obtained in general practice were validated against \nvalues on the same samples obtained in hospital laboratories. A prospective \ncomparative trial was undertaken between three hospital laboratories and nine \ngeneral practices. All patients attending general practice based anticoagulant \nclinics had parallel INR estimations performed in general practice and in a \nhospital laboratory.', '95%CI = 1.1-13.0), and lower initial platelet count (OR = 1.004, 95%CI = \n1.000-1.008) as being associated with complications. Patients receiving UH vs. \nFH differed in several characteristics including laboratory values and \nanticoagulation indications.\nCONCLUSION: Trauma patients have a significant complication rate related to \nanticoagulation therapy, and predicting which patients will develop a \ncomplication remains unclear. Prospective studies are needed to determine which \ntreatment regimen, if any, is appropriate to safely anticoagulate this high risk \npopulation.', 'time (APTT) ratio and international normalized ratio (INR) in 49 randomly \nselected patients. Also, a thromboelastogram analysis (TEG) (n = 7) was made. A \nsurvey of 22 UK cardiothoracic intensive care units was carried out to determine \nthe practice for the withdrawal of blood for clotting studies.\nRESULTS: The median arterial APTT ratio value was 1.32 +/- 0.52 as compared to \nthe median peripheral APTT ratio value which was 1.1 +/- 0.24 (P < 0.001). INR \nvalues were statistically similar by both routes. Heparin contamination was \nconfirmed by TEG which revealed that the R-value for arterial catheter blood \nsamples without heparinase in the cup was higher (406.00 +/- 64.44 s) compared \nwith the value for arterial samples with heparinase in the cup (318.28 +/-', 'clinics had parallel INR estimations performed in general practice and in a \nhospital laboratory.\nRESULTS: 405 tests were performed. Comparison between results obtained in the \npractices and those in the reference hospital laboratory (gold standard), which \nused the same method of testing for INR, showed a correlation coefficient of \n0.96. Correlation coefficients comparing the results with the various standard \nlaboratory techniques ranged from 0.86 to 0.92. It was estimated that up to 53% \nof tests would have resulted in clinically significant differences (change in \nwarfarin dose) depending upon the site and method of testing. The practice \nderived results showed a positive bias ranging from 0.28 to 1.55, depending upon \nthe site and method of testing.', 'of the anticoagulant for bleeding or other adverse events.\nRESULTS: One-hundred-fourteen trauma patients were initiated on therapeutic \nanticoagulation. The most common indication for anticoagulation was deep venous \nthrombosis (46%). Twenty-four patients (21%) had at least 1 anticoagulation \ncomplication. The most common complication was a sudden drop in hemoglobin \nconcentration requiring blood transfusion (11 patients). Five patients died \n(4%), 3 of whom had significant hemorrhage attributed to anticoagulation. \nBivariate followed by logistic regression analysis identified chronic \nobstructive pulmonary disease (OR = 9.2, 95%CI = 1.5-54.7), UH use (OR = 3.8, \n95%CI = 1.1-13.0), and lower initial platelet count (OR = 1.004, 95%CI =']","No technical problems associated with INR testing within primary care were uncovered. Discrepant INR results are as problematic in hospital settings as they are in primary care. These data highlight the failings of the INR to standardise when different techniques and reagents are used, an issue which needs to be resolved. For primary care to become more involved in therapeutic oral anticoagulation monitoring, close links are needed between hospital laboratories and practices, particularly with regard to training and quality assurance.",1.0
Does aerobic fitness influence microvascular function in healthy adults at risk of developing Type 2 diabetes?,"Yes, aerobic fitness is associated with better microvascular and endothelial responsiveness in healthy adults at risk of developing Type 2 diabetes. According to the study, individuals with higher levels of aerobic fitness in the 'at-risk' group also had better microvascular function. However, maximal oxygen uptake was not reduced in the 'at-risk' group compared to healthy controls. (Document id: 240fbc28-29bd-55b2-a56d-5265345fb530)","[""or body mass-related (ml/kg/min) terms. No significant correlations were found \nin the control group.\nCONCLUSIONS: In this 'at-risk' group with skin microvascular dysfunction maximal \noxygen uptake was not reduced compared with healthy controls. However, in the \n'at-risk' group alone, individuals with higher levels of aerobic fitness also \nhad better microvascular and endothelial responsiveness."", 'AIM: To investigate whether aerobic fitness is associated with skin \nmicrovascular function in healthy adults with an increased risk of developing \nType 2 diabetes.\nMETHODS: Twenty-seven healthy normal glucose-tolerant humans with either a \nprevious diagnosis of gestational diabetes or having two parents with Type 2 \ndiabetes and 27 healthy adults who had no history of diabetes were recruited. \nMaximal oxygen uptake was assessed using an incremental exercise test to \nexhaustion. Skin microvascular function was assessed using laser Doppler \ntechniques as the maximum skin hyperaemic response to a thermal stimulus \n(maximum hyperaemia) and the forearm skin blood flow response to the \niontophoretic application of acetylcholine (ACh) and sodium nitroprusside.', 'BACKGROUND: Several studies have shown associations between hyperglycemia and \nrisk of cardiovascular disease (CVD) and mortality, yet glucose-lowering \ntreatment does little to mitigate this risk. We examined whether associations \nbetween hyperglycemia and CVD risk were explained by underlying insulin \nresistance.\nMETHODS: In 60 middle-aged individuals without diabetes we studied the \nassociations of fasting plasma glucose, 2-hour post oral glucose tolerance test \nplasma glucose, insulin sensitivity as well as body fat percentage with CVD \nrisk. Insulin sensitivity was measured as the glucose infusion rate during a \neuglycemic hyperinsulinemic clamp, body fat percentage was measured by dual \nX-ray absorptiometry, and CVD risk was estimated using the Framingham risk', 'Likewise, when adjusting for insulin sensitivity and fasting glucose, the \nassociation between 2-hour glucose and Framingham risk score disappeared (P = \n0.143). In contrast, insulin sensitivity was still associated with Framingham \nrisk score after adjusting for glucose levels (P<0.001). Body fat was not \nassociated with Framingham risk score when taking insulin sensitivity into \naccount (P = 0.550).\nCONCLUSION: The association between plasma glucose levels and CVD risk is mainly \nexplained by insulin resistance, which raises the question of whether glucose \nlowering per se without changes in the processes that underlie hyperglycemia \nshould be the sole clinical paradigm in the treatment of type 2 diabetes or its \nprevention.', 'assessment for insulin resistance, plasma fasting glucose, insulin, C-peptide, \ntriglycerides, low-density lipoprotein cholesterol, and high-sensitivity \nC-reactive protein were statistically higher in obese subjects than in healthy \ncontrols.\nCONCLUSIONS: Our results suggest that depressed vessel compliance and increased \nvascular resistance are features of young, obese, normotensive subjects \nindependently of and in addition to cardiovascular risk factors. As changes in \narterial wall properties may be incipient in young obese subjects, future \nstudies will be required to demonstrate whether early intervention such as diet \nand exercise in this population can improve vascular functions.']","In this 'at-risk' group with skin microvascular dysfunction maximal oxygen uptake was not reduced compared with healthy controls. However, in the 'at-risk' group alone, individuals with higher levels of aerobic fitness also had better microvascular and endothelial responsiveness.",1.0
Should direct mesocolon invasion be included in T4 for the staging of gastric cancer?,"Yes, direct mesocolon invasion should be included in T4 for the staging of gastric cancer. This is based on the study that found the curability, number and extent of nodal metastasis, and the survival of the mesocolon invasion group were significantly worse than these factors in the T3 group, suggesting that mesocolon invasion is a more advanced stage of gastric cancer. The study concludes that ""Mesocolon invasion should be included in T4 for the staging of gastric cancer."" (Document id='3e62a134-ea9e-5a6c-b19b-b650784f15b0')","['BACKGROUND AND OBJECTIVES: One of the sites most frequently invaded by gastric \ncancer is the mesocolon; however, the UICC does not mention this anatomical site \nas an adjacent structure involved in gastric cancer. The purpose of this study \nwas to characterize and classify mesocolon invasion from gastric cancer.\nMETHODS: We examined 806 patients who underwent surgery for advanced gastric \ncarcinoma from 1992 to 2007 at the Department of Surgery, Gangnam Severance \nHospital, Korea. Among these, patients who showed macroscopically direct \ninvasion into the mesocolon were compared to other patients with advanced \ngastric cancer.\nRESULTS: The curability, number and extent of nodal metastasis, and the survival \nof the mesocolon invasion group were significantly worse than these factors in', 'of the mesocolon invasion group were significantly worse than these factors in \nthe T3 group. However, the survival of the mesocolon invasion group after \ncurative resection was much better than that of patients who had incurable \nfactors.\nCONCLUSIONS: Mesocolon invasion should be included in T4 for the staging of \ngastric cancer.\n(c) 2010 Wiley-Liss, Inc.', 'invasion (PNI), larger size and younger age, were more significantly associated \nwith IIA. Clinicopathological factors were compared between N0/N1 and N2/N3 \nbased on both staging. In mucosal cancer, younger age, diffuse and \nundifferentiated types were more significantly associated with N2/N3 based on \nseventh staging. In submucosal cancer, larger size, poor differentiation, signet \nring cell, diffuse, undifferentiated types, PNI and deeper submucosal invasion, \nwere more significantly associated with N2/N3 based on seventh staging.\nCONCLUSIONS: Upstaging in EGC based on the revised TNM staging reflects more \naggressive biological behavior of cancer. The new TNM staging system may be \ninformative in prediction of biological behavior of EGC as well as prognosis and \nsurvival.', 'BACKGROUND/AIMS: The clinical and prognostic value of the previous node \nclassification of TNM staging in early gastric cancer (EGC) has been less \ndefinitive. The aim was to assess the suitability of the revised node staging \nfor prediction of clinical behavior of EGC.\nMETHODOLOGY: Between 2005 and 2008, 1,845 patients were diagnosed with EGC and \nunderwent surgery at Severance Hospitals. Clinicopathological characteristics \nwere analyzed with comparisons between sixth and seventh TNM staging.\nRESULTS: When comparing IB with IIA upstaged based on seventh staging, poor \ndifferentiation, signet ring cell, diffuse, undifferentiated types, perineural \ninvasion (PNI), larger size and younger age, were more significantly associated', 'invasion (p = 0.035), and perineural invasion (p = 0.032). Patients without DKK3 \nexpression in tumor cells had a significantly worse disease-free and overall \nsurvival than those with DKK3 expression (p < 0.001, and p = 0.001, \nrespectively). TNM stage (p = 0.028 and p < 0.001, respectively) and residual \ntumor (p < 0.001 and p = 0.003, respectively) were independent predictors of \ndisease-free and overall survival. Based on the preoperative clinical stage \nassessed by computed tomography (CT), loss of DKK3 expression was predominantly \nassociated with worse prognosis in patients with clinically node-negative \nadvanced gastric cancer (AGC). The combination of DKK3 expression status and CT \nincreased the accuracy of CT staging for predicting lymph node involvement from']",Mesocolon invasion should be included in T4 for the staging of gastric cancer.,1.0
Do older patients receive adequate stroke care?,"According to the provided context, specifically Document(id='70f3e05d-515f-55a5-bffd-be87be81f2a6'), the risk of recurrent stroke increases substantially with age, and older patients (>75 years) may have different sociodemographic details, clinical features, resource use, and secondary prevention compared to younger patients. However, the document does not provide conclusive evidence on whether older patients receive adequate stroke care. It only highlights the importance of identifying how stroke care is currently provided for older patients to develop effective strategies. Therefore, based on the provided context, it is unclear if older patients receive adequate stroke care.","['BACKGROUND: National guidelines and government directives have adopted policies \nfor urgent assessment of patients with a transient ischaemic attack or minor \nstroke not admitted to hospital. The risk of recurrent stroke increases \nsubstantially with age, as does the potential benefit of secondary prevention. \nIn order to develop effective strategies for older patients, it is important to \nidentify how stroke care is currently provided for this patient group.\nMETHODS: Between 2004 and 2006, older patients (>75 years) referred to a \nneurovascular clinic were compared with younger patients (< or =75 years). \nSociodemographic details, clinical features, resource use and secondary \nprevention in a neurovascular clinic were collected.', 'OBJECTIVE: We compare 30-day and 180-day postadmission hospital mortality rates \nfor all Medicare patients and those in three categories of cardiac care: \ncoronary artery bypass graft surgery, acute myocardial infarction, and \ncongestive heart failure. DATA SOURCES/COLLECTION: Health Care Financing \nAdministration (HCFA) hospital mortality data for FY 1989.\nSTUDY DESIGN: Using hospital level public use files of actual and predicted \nmortality at 30 and 180 days, we constructed residual mortality measures for \neach hospital. We ranked hospitals and used receiver operating characteristic \n(ROC) curves to compare 0-30, 31-180, and 0-180-day postadmission mortality.\nPRINCIPAL FINDINGS: For the admissions we studied, we found a broad range of', 'INTRODUCTION: Medicare beneficiaries who have chronic conditions are responsible \nfor a disproportionate share of Medicare fee-for-service expenditures. The \nobjective of this study was to analyze the change in the health of Medicare \nbeneficiaries enrolled in Part A (hospital insurance) between 2008 and 2010 by \ncomparing the prevalence of 11 chronic conditions.\nMETHODS: We conducted descriptive analyses using the 2008 and 2010 Chronic \nConditions Public Use Files, which are newly available from the Centers for \nMedicare and Medicaid Services and have administrative (claims) data on 100% of \nthe Medicare fee-for-service population. We examined the data by age, sex, and \ndual eligibility (eligibility for both Medicare and Medicaid).', ""category (POPC) score at admission (2 v 1); all p<0.002. 34 (50% of total \ndeaths) children died. A limitation decision was made without meeting for 7 \nchildren who died: 6 received do-not-resuscitate orders (DNROs) and 1 received \nwithholding decision. Decision-making meetings were organised for 31 children, \nand the following decisions were made: 12 DNROs (6 deaths and 6 survivals), 4 \nwithholding (1 death and 3 survivals), with 14 withdrawing (14 deaths) and 1 \ncontinuing treatment (survival). After limitation, 21 (31% of total deaths) \nchildren died and 10 survived (POPC score 4). 13 procedures were interrupted \nbecause of death and 11 because of clinical improvement (POPC score 4). Parents' \nopinions were obtained after 4 family conferences (for a total of 110 min), 3"", 'performed for all age and treatment categories, followed by a multivariate cox \nregression of treatment status, tumor site, race, stage, and sex per age group.\nRESULTS: A total of 14,909 patients with OPSCC were identified. In our \ndemographic data, we observed a significant increase in the number of patients \nwho did not receive treatment (surgery, radiation, or combined therapy) after \nage 55. Kaplan-Meier analysis showed that age groups 65 to 74 and 75 to 84 had \nsubstantial benefits in DSS with surgery, radiation, or combined therapy. \nMultivariable analysis did not demonstrate any statistically significant \ndifference in the hazard ratios for combined treatment among age groups 45 to \n54, 55 to 64, 65 to 74, and 75 to 84.']",Older patients were less likely to receive diagnostic investigations and lifestyle modification advice than younger patients. Guidelines need to be adopted to ensure prompt evidence-based stroke care in the outpatient setting.,0.8
Is a patient's self-reported health-related quality of life a prognostic factor for survival in non-small-cell lung cancer patients?,"Yes, according to the document with id 'c46b042f-770d-5737-ab9c-53d8a07961df', a patient's self-reported health-related quality of life (HRQOL) provided independent prognostic information for survival in non-small cell lung cancer (NSCLC) patients. The study used the EORTC QLQ-C30 and the EORTC Lung Cancer module (QLQ-LC13) to measure pretreatment HRQOL in 391 advanced NSCLC patients, and the Cox proportional hazards regression model was used for both univariate and multivariate analyses of survival. The final multivariate Cox regression model retained four parameters as independent prognostic factors for survival.","[""BACKGROUND: The aim of this prognostic factor analysis was to investigate if a \npatient's self-reported health-related quality of life (HRQOL) provided \nindependent prognostic information for survival in non-small cell lung cancer \n(NSCLC) patients.\nPATIENTS AND METHODS: Pretreatment HRQOL was measured in 391 advanced NSCLC \npatients using the EORTC QLQ-C30 and the EORTC Lung Cancer module (QLQ-LC13). \nThe Cox proportional hazards regression model was used for both univariate and \nmultivariate analyses of survival. In addition, a bootstrap validation technique \nwas used to assess the stability of the outcomes.\nRESULTS: The final multivariate Cox regression model retained four parameters as \nindependent prognostic factors for survival: male gender with a hazard ratio"", 'period, but were not entered into the SAKK study, as well as the remaining 57 \npatients treated during the study period for the same indication (remaining \ngroup).\nRESULTS: Median overall survival decreased from 76.3 months in the protocol \ngroup to 52.1 months in the matched group and to 20.3 months in the remaining \ngroup. The respective times of median recurrence-free survival were 67.2, 16.0, \nand 9.4 months. Tumor progression occurred in 46% of the protocol group compared \nwith 69% in the matched group and 65% in the remaining group (P < .05). \nCancer-related death was noted in 40% of the protocol group, 57% in the matched \ngroup, and 56% in the remaining group.\nCONCLUSION: These data suggest that being willing and fit enough for a', 'BACKGROUND AND PURPOSE: The present analysis compares two palliative treatment \nconcepts for lung cancer in terms of overall survival.\nPATIENTS AND METHODS: Survival data from 207\xa0patients were used in a \nretrospective analysis. All patients received palliative treatment comprising \neither 25\xa0Gy applied in 5\xa0fractions or 50\xa0Gy in 20\xa0fractions. A subgroup \nanalysis was performed to compare patients with a good-fair vs. poor overall \ncondition.\nRESULTS: Median survival times were 21\xa0weeks (range\xa06-26\xa0weeks) for patients \ntreated with 25\xa0Gy in 5\xa0fractions and 23\xa0weeks (range\xa014.5-31.5\xa0weeks) for \npatients treated with 50\xa0Gy in 20\xa0fractions (95\u2009% confidence interval, CI; \np\u2009=\u20090.334). For patients with a good-fair overall condition, median survival', 'for colon carcinoma.\nCONCLUSIONS: For individual patients, a high score on the composite measures \nbased on process indicators is not associated with better short-term outcome. \nHowever, at the hospital level, a good score on the composite measures based on \nprocess indicators was consistent with more favourable risk-adjusted short-term \noutcome rates.', 'OBJECTIVE: Few studies have assessed whether the advantage chemotherapy has been \nshown to have in treating advanced non-small lung carcinoma in clinical trials \nis transferrable to normal health care activity. This could explain the \nskepticism of a large number of pneumologists towards this treatment. The \nobjective of our study was to analyze prognostic factors related to survival and \nto see whether cytostatic treatment was an independent predictor.\nPATIENTS AND METHODS: Patients enrolled in the study had been diagnosed with \nnon-small cell carcinoma in stages IV or IIIB with pleural or N2-N3 involvement \nand with a performance status of 2 or below according to the Eastern Cooperative \nOncology Group (ECOG). Survival was analyzed with regard to the following']",The results suggest that patients' self-reported HRQOL provide independent prognostic information for survival. This finding supports the collection of such data in routine clinical practice.,1.0
30-Day and 1-year mortality in emergency general surgery laparotomies: an area of concern and need for improvement?,"In emergency general surgery laparotomies, the 30-day mortality was 12.4% in patients aged <70 years and 22% in those aged >70 years. The 1-year mortality was 25.15% in those aged under 70 years and 38% in those aged >70 years. This indicates a high rate of mortality, particularly in patients over 70 years, highlighting an area of concern and need for improvement.","['AIMS: Emergency surgery is associated with poorer outcomes and higher mortality \nwith recent studies suggesting the 30-day mortality to be 14-15%. The aim of \nthis study was to analyse the 30-day mortality, age-related 30-day mortality and \n1-year mortality following emergency laparotomy. We hope this will encourage \nprospective data collection, improvement of care and initiate strategies to \nestablish best practice in this area.\nMETHODS: This was a retrospective study of patients who underwent emergency \nlaparotomy from June 2010 to May 2012. The primary end point of the study was \n30-day mortality, age-related 30-day mortality and 1-year all-cause mortality.\nRESULTS: 477 laparotomies were performed in 446 patients. 57% were aged <70 and', 'RESULTS: The patients in the GS group were older (median age, 63 vs 53 years; p \n= 0.01). In all, 31 LS patients (65%), as compared with 44 GS patients (36%), \nhad successful laparoscopic treatment (p = 0.001). The operating time was the \nsame (median, 70 min). The proportion of patients with postoperative \ncomplications was similar in the two groups (37% in the GS vs 31% in the LS \ngroup; p = 0.6). The median postoperative hospital stay (3 vs 5 days; p <0.01) \nwas shorter in the LS group. On logistic regression analysis, significant \npredictors of a successful laparoscopic operation included LS group (p <0.01) \nand age (p = 0). Predictors of prolonged length of hospital stay were age (p \n<0.01) and comorbidity score (p <0.01), with LS group status not a significant \nfactor (p = 0.21).', 'PRINCIPAL FINDINGS: For the admissions we studied, we found a broad range of \nhospital performance when we ranked hospitals using the 30-day data; some \nhospitals had much lower than predicted 30-day mortality rates, while others had \nmuch higher than predicted mortality rates. Data from the time period 31-180 \ndays postadmission yield results that corroborate the 0-30 day postadmission \ndata. Moreover, we found evidence that hospital performance on one condition is \nrelated to performance on the other conditions, but that the correlation is much \nweaker in the 31-180-day interval than in the 0-30-day period. Using ROC curves, \nwe found that the 30-day data discriminated the top and bottom fifths of the \n180-day data extremely well, especially for AMI outcomes.', 'RESULTS: 477 laparotomies were performed in 446 patients. 57% were aged <70 and \n43% aged >70 years. 30-day mortality was 12, 4% in those aged <70 years and 22% \nin those >70 years (p < 0.001). 1-year mortality was 25, 15% in those aged under \n70 years and 38% in those aged >70 years (p < 0.001).\nCONCLUSIONS: Emergency laparotomy carries a high rate of mortality, especially \nin those over the age of 70 years, and more needs to be done to improve \noutcomes, particularly in this group. This could involve increasing acute \nsurgical care manpower, early recognition of patients requiring emergency \nsurgery, development of clear management protocols for such patients or perhaps \neven considering centralisation of emergency surgical services to specialist', 'OBJECTIVE: We compare 30-day and 180-day postadmission hospital mortality rates \nfor all Medicare patients and those in three categories of cardiac care: \ncoronary artery bypass graft surgery, acute myocardial infarction, and \ncongestive heart failure. DATA SOURCES/COLLECTION: Health Care Financing \nAdministration (HCFA) hospital mortality data for FY 1989.\nSTUDY DESIGN: Using hospital level public use files of actual and predicted \nmortality at 30 and 180 days, we constructed residual mortality measures for \neach hospital. We ranked hospitals and used receiver operating characteristic \n(ROC) curves to compare 0-30, 31-180, and 0-180-day postadmission mortality.\nPRINCIPAL FINDINGS: For the admissions we studied, we found a broad range of']","Emergency laparotomy carries a high rate of mortality, especially in those over the age of 70 years, and more needs to be done to improve outcomes, particularly in this group. This could involve increasing acute surgical care manpower, early recognition of patients requiring emergency surgery, development of clear management protocols for such patients or perhaps even considering centralisation of emergency surgical services to specialist centres with multidisciplinary teams involving emergency surgeons and care of the elderly physicians in hospital and related community outreach services for post-discharge care.",1.0
Does rugby headgear prevent concussion?,"According to the provided context, the majority of players (62%) believe that rugby headgear can prevent concussion, but the coaches are less convinced (33%). However, there is no conclusive evidence provided in the context to definitively state that rugby headgear prevents concussion. The context only reports the attitudes and beliefs of players and coaches, but does not provide scientific evidence or research findings to support the effectiveness of rugby headgear in preventing concussion.","['belief that headgear offers protection against concussion, only a minority \nreported wearing headgear (27%) and few (24%) felt that its use should be made \nmandatory. Common reasons for not wearing headgear were ""its use is not \nmandatory"", ""it is uncomfortable"", and ""it costs too much"".\nCONCLUSION: Although most players in the study believe that rugby headgear may \nprevent concussion, only a minority reported wearing it. Coaches tended to be \nless convinced than the players that rugby headgear can prevent concussion.', ""OBJECTIVES: To examine the attitudes of players and coaches to the use of \nprotective headgear, particularly with respect to the prevention of concussion.\nMETHODS: A questionnaire designed to assess attitudes to headgear was \nadministered to 63 players from four different Canadian teams, each representing \na different level of play (high school, university, community club, national). \nIn addition, coaches from all four levels were questioned about team policies \nand their personal opinions about the use of headgear to prevent concussion.\nRESULTS: Although the players tended to believe that the headgear could prevent \nconcussion (62%), the coaches were less convinced (33%). Despite the players' \nbelief that headgear offers protection against concussion, only a minority"", 'preexisting neurologic condition. Subjects were administered a baseline survey \nin the ED and were given standardized discharge instructions for concussion by \nthe treating physician. Telephone follow-up surveys were conducted at 2 weeks \nand 4 weeks after ED visit.\nRESULTS: A total of 150 patients were enrolled. The majority (67%) of \nconcussions were sports related. Among sports-related concussions, soccer (30%), \nfootball (11%), lacrosse (8%), and basketball (8%) injuries were most common. \nMore than one third (39%) reported return to play (RTP) on the day of the \ninjury. Physician follow-up was equivalent for sport and nonsport concussions (2 \nweeks, 58%; 4 weeks, 64%). Sports-related concussion patients were more likely', 'have been shown to be sensitive in measuring cognitive sequelae of mild \ntraumatic brain injury (concussion) in athletes. The failure of this study to \nfind any relationship between LOC and neuropsychological functioning in a large \nsample of patients with mild head trauma calls into question the assignment of \nprimary importance to LOC in grading severity of concussion. This study also \ndoes not provide support for the use of guidelines that rely heavily on LOC in \nmaking return-to-play decisions. Continued research is necessary to determine \nthe relative importance of markers of concussion in athletes.', 'weeks, 58%; 4 weeks, 64%). Sports-related concussion patients were more likely \nto follow up with a trainer (2 weeks, 25% vs. 10%, p = 0.06; 4 weeks, 29% vs. \n8%, p < 0.01). Of the patients who did RTP or normal activities at 2 weeks \n(44%), more than one third (35%) were symptomatic, and most (58%) did not \nreceive medical clearance. Of the patients who had returned to activities at 4 \nweeks (64%), less than one quarter (23%) were symptomatic, and most (54%) \nreceived medical clearance.\nCONCLUSION: Pediatric patients discharged from the ED are mostly compliant with \nconcussion instructions. However, a significant number of patients RTP on the \nday of injury, while experiencing symptoms or without medical clearance.']","Although most players in the study believe that rugby headgear may prevent concussion, only a minority reported wearing it. Coaches tended to be less convinced than the players that rugby headgear can prevent concussion.",1.0
Are tuberculosis patients adherent to prescribed treatments in China?,"No, a significant proportion of tuberculosis patients in China are not adherent to prescribed treatments. According to the study, 36.0% of patients experienced non-adherence, and 28.2% were lost to follow-up. Only 13.9% of patients took drugs under direct observation, and 60.5% were supervised by phone calls. Factors such as poor treatment supervision and heavy financial burden were identified as potential causes for non-adherence. (Document id: 'e95f93fc-3483-5010-ac2d-1eec428140bd', '6d2d0ce2-5262-5517-aa1a-718ba613f99f', 'aa9b444c-5238-5c57-a8ac-3617fb4c78cc')","[""BACKGROUND: Tuberculosis (TB) patients face numerous difficulties adhering to \nthe long-term, rigorous TB treatment regimen. Findings on TB patients' treatment \nadherence vary across existing literature and official reports. The present \nstudy attempted to determine the actual treatment adherence of new TB patients \nand to identify factors leading to non-adherence.\nMETHODS: A prospective cohort of 481 newly confirmed TB patients from three \ncounties in western China were enrolled during June to December 2012 and was \nfollowed until June 2013. Patients who missed at least one dose of drugs or one \nfollow-up re-examination during the treatment course were deemed as \nnon-adherent. Influencing factors were identified using a logistic regression \nmodel."", ""CONCLUSIONS: Despite recent efforts, a large proportion of newly confirmed TB \npatients could not adhere to standard TB treatment, and patients' lost to \nfollow-up was still a serious problem. Poor treatment supervision and heavy \nfinancial burden might be the main causes for non-adherence. More needs to be \ndone to enhance treatment supervision policies and financial supports to both \nhealth providers and TB patients."", 'non-adherent. Influencing factors were identified using a logistic regression \nmodel.\nRESULTS: A total of 173 (36.0 %) patients experienced non-adherence and the loss \nto follow-up cases reached 136 (28.2 %). Only 13.9 % of patients took drugs \nunder direct observation, and 60.5 % of patients were supervised by phone calls. \nFactor analyses suggested that patients who were observed by family members \n(OR:5.54, 95 % CI:2.87-10.69) and paying monthly service expenses above 450 RMB \n(OR:2.08, 95 % CI:1.35-3.19) were more likely to be non-adherent, while \nsupervision by home visit (OR:0.06, 95 % CI:0.01-0.28) and phone calls (OR:0.27, \n95 % CI:0.17-0.44) were protective factors.\nCONCLUSIONS: Despite recent efforts, a large proportion of newly confirmed TB', 'SETTING: Medical units at an academic tertiary referral hospital in Southern \nIndia.\nOBJECTIVE: To investigate the impact of solid culture on Löwenstein-Jensen \nmedium on clinical decision making.\nDESIGN: In a retrospective review of 150 culture-positive and 150 \nculture-negative consecutively sampled tuberculosis (TB) suspects, treatment \ndecisions were analysed at presentation, after the availability of culture \ndetection results and after the availability of drug susceptibility testing \n(DST) culture results.\nRESULTS: A total of 124 (82.7%) culture-positive patients and 35 (23.3%) \nculture-negative patients started anti-tuberculosis treatment prior to receiving \ntheir culture results; 101 patients (33.7%) returned for their results; two', 'BACKGROUND: Tuberculosis has increased in parallel with the acquired \nimmunodeficiency syndrome epidemic and the use of immunosuppressive therapy, and \nthe growing incidence of extra-pulmonary tuberculosis, especially with \nintestinal involvement, reflects this trend. However, the duration of \nanti-tuberculous therapy has not been clarified in intestinal tuberculosis.\nAIM: To compare the efficacy of different treatment durations in tuberculous \nenterocolitis in terms of response and recurrence rates.\nMETHODS: Forty patients with tuberculous enterocolitis were randomized \nprospectively: 22 patients into a 9-month and 18 into a 15-month group. \nDiagnosis was made either by colonoscopic findings of discrete ulcers and']","Despite recent efforts, a large proportion of newly confirmed TB patients could not adhere to standard TB treatment, and patients' lost to follow-up was still a serious problem. Poor treatment supervision and heavy financial burden might be the main causes for non-adherence. More needs to be done to enhance treatment supervision policies and financial supports to both health providers and TB patients.",1.0
"Are normally sighted, visually impaired, and blind pedestrians accurate and reliable at making street crossing decisions?","According to the provided context, normally sighted and visually impaired pedestrians are accurate and reliable in their street crossing decision-making ability when using either vision plus hearing or vision only (P > 0.05). However, under the hearing only condition, all subjects, including normally sighted, visually impaired, and blind pedestrians, were reliable (P > 0.05) but inaccurate with their street crossing decisions (P < 0.05). Additionally, blind subjects were the least accurate with their street crossing decisions under the hearing only condition, compared to normally sighted (P = 0.018) and visually impaired subjects (P = 0.019).","['PURPOSE: The purpose of this study is to measure the accuracy and reliability of \nnormally sighted, visually impaired, and blind pedestrians at making street \ncrossing decisions using visual and/or auditory information.\nMETHODS: Using a 5-point rating scale, safety ratings for vehicular gaps of \ndifferent durations were measured along a two-lane street of one-way traffic \nwithout a traffic signal. Safety ratings were collected from 12 normally \nsighted, 10 visually impaired, and 10 blind subjects for eight different gap \ntimes under three sensory conditions: (1) visual plus auditory information, (2) \nvisual information only, and (3) auditory information only. Accuracy and \nreliability in street crossing decision-making were calculated for each subject \nunder each sensory condition.', 'under each sensory condition.\nRESULTS: We found that normally sighted and visually impaired pedestrians were \naccurate and reliable in their street crossing decision-making ability when \nusing either vision plus hearing or vision only (P > 0.05). Under the hearing \nonly condition, all subjects were reliable (P > 0.05) but inaccurate with their \nstreet crossing decisions (P < 0.05). Compared to either the normally sighted (P \n= 0.018) or visually impaired subjects (P = 0.019), blind subjects were the \nleast accurate with their street crossing decisions under the hearing only \ncondition.\nCONCLUSIONS: Our data suggested that visually impaired pedestrians can make \naccurate and reliable street crossing decisions like those of normally sighted', 'accurate and reliable street crossing decisions like those of normally sighted \npedestrians. When using auditory information only, all subjects significantly \noverestimated the vehicular gap time. Our finding that blind pedestrians \nperformed significantly worse than either the normally sighted or visually \nimpaired subjects under the hearing only condition suggested that they may \nbenefit from training to improve their detection ability and/or interpretation \nof vehicular gap times.', 'fatalities by 59% and severe injuries by 37%.\nCONCLUSIONS: Findings suggest that traffic law reforms in order to have an \neffect on both traffic fatality and injury rates reduction require changes in \npolice enforcement practices. Last, this case also illustrates how the diffusion \nof successful road safety practices globally promoted by WHO and World Bank can \nbe an important influence for enhancing national road safety practices.', ""was assessed with the Ryd On-Road Assessment driving protocol. Time to \ncompletion of left turns (right-hand side driving) and the impact of a \ndistraction task were measured.\nRESULTS: The older group had more driving errors than the younger group, in both \nthe manual and the automatic transmission car. However, and contrary to the \nyounger drivers, automatic transmission improved the older participants' driving \nbehavior as demonstrated by safer speed adjustment in urban areas, greater \nmaneuvering skills, safer lane position and driving in accordance with the speed \nregulations.\nCONCLUSION: Switching to automatic transmission may be recommended for older \ndrivers as a means to maintain safe driving and thereby the quality of their \ntransport mobility.""]","Our data suggested that visually impaired pedestrians can make accurate and reliable street crossing decisions like those of normally sighted pedestrians. When using auditory information only, all subjects significantly overestimated the vehicular gap time. Our finding that blind pedestrians performed significantly worse than either the normally sighted or visually impaired subjects under the hearing only condition suggested that they may benefit from training to improve their detection ability and/or interpretation of vehicular gap times.",1.0
Vaginal dose assessment in image-guided brachytherapy for cervical cancer: Can we really rely on dose-point evaluation?,"The provided context does not directly answer the question of whether we can rely on dose-point evaluation for vaginal dose assessment in image-guided brachytherapy for cervical cancer. However, it does provide some insights into the evaluation of dose-volume parameters and the use of posterior-inferior border of the pubic symphysis (PIBS) points in reporting vaginal doses.

According to Document(id='9127aed2-47af-55e3-ac09-fb9e38b4a105'), the aim was to evaluate the pertinence of using PIBS points in the reporting of vaginal doses. The results showed that the delivered doses at the four points were strongly correlated with the prescribed doses, but the variations between delivered and prescribed doses at PIBS points were not significant. However, at the International Commission on Radiation Units and Measurements rectovaginal point, the delivered dose was decreased by 1.43 ± 2.49 Gy from the planned dose (p = 0.019).

This suggests that while dose-point evaluation may provide some useful information, it may not always accurately reflect the actual dose delivered to the vagina. Therefore, it is uncertain whether we can really rely on dose-point evaluation for vaginal dose assessment in image-guided brachytherapy for cervical cancer. More research is needed to fully answer this question.","['PURPOSE: Although dose-volume parameters in image-guided brachytherapy have \nbecome a standard, the use of posterior-inferior border of the pubic symphysis \n(PIBS) points has been recently proposed in the reporting of vaginal doses. The \naim was to evaluate their pertinence.\nMETHODS AND MATERIALS: Nineteen patients who received image-guided brachytherapy \nafter concurrent radiochemotherapy were included. Per treatment, CT scans were \nperformed at Days 2 and 3, with reporting of the initial dwell positions and \ntimes. Doses delivered to the PIBS points were evaluated on each plan, \nconsidering that they were representative of one-third of the treatment. The \nmovements of the applicator according to the PIBS point were analysed.', 'movements of the applicator according to the PIBS point were analysed.\nRESULTS: Mean prescribed doses at PIBS -2, PIBS, PIBS +2 were, respectively, \n2.23 ± 1.4, 6.39 ± 6.6, and 31.85 ± 36.06 Gy. Significant differences were \nobserved between the 5 patients with vaginal involvement and the remaining 14 at \nthe level of PIBS +2 and PIBS: +47.60 Gy and +7.46 Gy, respectively (p = 0.023 \nand 0.03). The variations between delivered and prescribed doses at PIBS points \nwere not significant. However, at International commission on radiation units \nand measurements rectovaginal point, the delivered dose was decreased by 1.43 ± \n2.49 Gy from the planned dose (p = 0.019). The delivered doses at the four \npoints were strongly correlated with the prescribed doses with R(2) ranging from', 'PURPOSE: To evaluate accelerated partial breast irradiation (APBI) in patients \nafter oncoplastic surgery for early breast cancer.\nMETHODS AND MATERIALS: A retrospective analysis of 136 breasts of 134 patients, \nwho received breast-conserving oncoplastic surgery for low-risk breast cancer \nbetween 2002 and 2010 in the Universities of Vienna and Luebeck followed by \nadjuvant APBI applying total doses of pulse dose rate of 50.4\xa0Gy or high-dose \nrate (HDR) of 32\xa0Gy over 4\xa0days. Target volume definition was performed by the \nuse of surgical-free margin data, related to intraoperatively fixed clip \npositions, pre- and postoperative imaging, and palpation.\nRESULTS: At the time of data acquisition, 131 of 134 patients were alive. The', 'PURPOSE: Using high-quality CT-on-rails imaging, the daily motion of the \nprostate bed clinical target volume (PB-CTV) based on consensus Radiation \nTherapy Oncology Group (RTOG) definitions (instead of surgical clips/fiducials) \nwas studied. It was assessed whether PB motion in the superior portion of PB-CTV \n(SUP-CTV) differed from the inferior PB-CTV (INF-CTV).\nPATIENTS AND METHODS: Eight pT2-3bN0-1M0 patients underwent postprostatectomy \nintensity-modulated radiotherapy, totaling 300\xa0fractions. INF-CTV and SUP-CTV \nwere defined as PB-CTV located inferior and superior to the superior border of \nthe pubic symphysis, respectively. Daily pretreatment CT-on-rails images were \ncompared to the planning CT in the left-right (LR), superoinferior (SI), and', 'treatment (n = 119) are described here.\nRESULTS: The majority of these patients (75%) chose the lower radiation dose. \nTheir choice was highly consistent (P < or = .001), with the importance weights \nassigned to the probability of survival, cure (odds ratio [OR] = 6.7 and 6.9) \nand late GI and genitourinary adverse effects (OR = 0.1 and 0.2). The lower dose \nwas chosen more often by the older patients, low-risk patients, patients without \nhormone treatment, and patients with a low anxiety or depression score.\nCONCLUSION: Most patients with localized prostate cancer prefer the lower \nradiation dose. Our findings indicate that many patients attach more weight to \nspecific quality-of-life aspects (eg, GI toxicity) than to improving survival.']",The doses evaluated at PIBS points are not impacted by intrafractional movements. PIBS and PIBS +2 dose points allow distinguishing the plans of patients with vaginal infiltration. Further studies are needed to correlate these parameters with vaginal morbidity.,1.0
Is Panton-Valentine leucocidin associated with the pathogenesis of Staphylococcus aureus bacteraemia in the UK?,"No, the presence of Panton-Valentine leucocidin (PVL) is not significantly associated with the pathogenesis of Staphylococcus aureus bacteraemia in the UK. According to the study, only 1.6% of S. aureus isolates from bacteraemic patients were PVL-positive, and all of these were methicillin-susceptible S. aureus (MSSA). The low incidence of PVL-positive S. aureus suggests that PVL-positive S. aureus are of no particular significance as causative agents of S. aureus bacteraemia.","['BACKGROUND: The morbidity and mortality associated with Panton-Valentine \nleucocidin (PVL)-positive Staphylococcus aureus suggest that this toxin is a key \nmarker of disease severity. Nevertheless, the importance of PVL in the \npathogenesis of primary bacteraemia caused by S. aureus is uncertain. We have \ndetermined the prevalence of PVL-encoding genes among isolates of S. aureus from \nbacteraemic patients.\nMETHODS: Consecutive bacteraemia isolates of S. aureus (n=244) from patients \nhospitalized in 25 centres in the UK and Ireland during 2005 were screened for \nPVL and mecA genes. PVL-positive isolates were characterized by toxin gene \nprofiling, PFGE, spa-typing and MIC determinations for a range of \nantimicrobials.', 'profiling, PFGE, spa-typing and MIC determinations for a range of \nantimicrobials.\nRESULTS: Four out of 244 isolates (1.6%) were PVL-positive and susceptible to \noxacillin [methicillin-susceptible S. aureus (MSSA)]. Eighty-eight out of 244 \n(36%) were oxacillin-resistant (methicillin-resistant S. aureus), but none was \nPVL-positive. The four patients (two males: 30 and 33 years; two females: 62 and \n80 years) had infection foci of: skin and soft tissue, unknown, indwelling line, \nand surgical site, and were located at one centre in Wales, one in England and \ntwo in Ireland. One of four PVL-positive isolates was resistant to penicillin \nand fusidic acid, the remainder were susceptible to all antibiotics tested. \nGenotypic analyses showed that the four isolates represented three distinct', 'Genotypic analyses showed that the four isolates represented three distinct \nstrains; the two isolates from Ireland were related.\nCONCLUSIONS: We found that 1.6% of S. aureus (all MSSA) from bacteraemic \npatients were PVL-positive. This low incidence suggests that PVL-positive S. \naureus are of no particular significance as causative agents of S. aureus \nbacteraemia.', 'could have important public health impacts in terms of earlier diagnosis of \nasymptomatic infections and thus a decrease in the rate of onward transmission. \nIn addition, HSKs could potentially optimize the use of genitourinary medicine \nservices and facilitate patient choice.', 'of antibiotics (p = 0.0095) and a higher mean white blood cell count (p = \n0.018). The presence of 1 or more clinical indicators was significantly \nassociated with the presence of histologic chorioamnionitis (p = 0.019).\nCONCLUSION: Histologic chorioamnionitis is a reliable indicator of infection \nwhether or not it is clinically apparent.']",We found that 1.6% of S. aureus (all MSSA) from bacteraemic patients were PVL-positive. This low incidence suggests that PVL-positive S. aureus are of no particular significance as causative agents of S. aureus bacteraemia.,1.0
Standardizing care in medical oncology: are Web-based systems the answer?,"According to the provided context, Web-based systems can play a major role in guiding oncology treatment and standardizing care in medical oncology. However, their use varies according to hospital location, clinician roles, and experience. Successful implementation of such systems requires understanding of end-users, the environment in which they operate, and the basic infrastructure required, as well as continuing education and endorsement to ensure long-term sustainability and use of the system to its full potential. (Document id: '0436803d-1f3b-54d2-8d86-620990717741' and '3a37a4f1-d996-5765-9b2f-6d8023bd4a97')","[""BACKGROUND: Medical oncology is embracing information technology to standardize \ncare and improve patient outcomes, with a range of Web-based systems used \ninternationally. The authors' aim was to determine the factors affecting the \nuptake and use of a Web-based protocol system for medical oncology in the \nAustralian setting.\nMETHODS: The authors conducted 50 interviews and observed medical oncology \nphysicians, nurses, and pharmacists in their treatment setting at 6 hospitals in \ndifferent geographic locations.\nRESULTS: The Web-based system plays a major role in guiding oncology treatment \nacross participating sites. However, its use varies according to hospital \nlocation, clinician roles, and experience. A range of issues impact on"", ""patient outcomes, the authors' findings demonstrate that this alone does not \nensure uptake. It is important to understand end-users, the environment in which \nthey operate, and the basic infrastructure required to implement such a system. \nImplementation must also be accompanied by continuing education and endorsement \nto ensure both long-term sustainability and use of the system to its full \npotential.\n(c) 2009 American Cancer Society."", 'Oncology Group (ECOG). Survival was analyzed with regard to the following \nvariables: age, sex, comorbidity, weight loss, laboratory test results, \nhistological type, ECOG score, TNM staging, and treatment. The Student t test, \nthe chi(2) test, the Kaplan-Meier method, the log-rank test, and Cox regression \nanalysis were used in the statistical analysis.\nRESULTS: We enrolled 190 patients (157 men and 33 women) with a mean (SD) age of \n61.75 (10.85) years (range, 33-85 years). Of these patients, 144 received \ncytostatic treatment and 46 palliative treatment. The median survival was 31 \nweeks and was related to absence of weight loss (hazard ratio [HR], 1.73; 95% \nconfidence interval [CI], 1.26-2.39; P=.001), cytostatic treatment (HR, 1.85;', 'OBJECTIVES: To compare the dose intensity and toxicity profiles for patients \nundergoing chemotherapy at the Townsville Cancer Centre (TCC), a tertiary cancer \ncentre in northern Queensland, with those for patients treated in Mount Isa, \nsupervised by the same medical oncologists via teleoncology.\nDESIGN: A quasi-experimental design comparing two patient groups.\nSETTING: TCC and Mount Isa Hospital, which both operate under the auspices of \nthe Townsville Teleoncology Network (TTN).\nPARTICIPANTS: Eligible patients who received chemotherapy at TCC or Mt Isa \nHospital between 1 May 2007 and 30 April 2012.\nINTERVENTION: Teleoncology model for managing cancer patients in rural towns.\nMAIN OUTCOME MEASURES: Dose intensity (doses, number of cycles and lines of', 'BACKGROUND: This study was performed to describe the treatment plan \nmodifications after a geriatric oncology clinic. Assessment of health and \nfunctional status and cancer assessment was performed in older cancer patients \nreferred to a cancer center.\nPATIENTS AND METHODS: Between June 2004 and May 2005, 105 patients 70 years old \nor older referred to a geriatric oncology consultation at the Institut Curie \ncancer center were included. Functional status, nutritional status, mood, \nmobility, comorbidity, medication, social support, and place of residence were \nassessed. Oncology data and treatment decisions were recorded before and after \nthis consultation. Data were analyzed for a possible correlation between one \ndomain of the assessment and modification of the treatment plan.']","Although the provision of high-quality evidence-based resources, electronic or otherwise, is essential for standardizing care and improving patient outcomes, the authors' findings demonstrate that this alone does not ensure uptake. It is important to understand end-users, the environment in which they operate, and the basic infrastructure required to implement such a system. Implementation must also be accompanied by continuing education and endorsement to ensure both long-term sustainability and use of the system to its full potential.",0.8
Health care for immigrants in Europe: is there still consensus among country experts about principles of good practice?,"Yes, there is a broad consensus among experts across Europe about the major principles of good practice in health care for immigrants. According to the Delphi process, which involved 134 experts in 16 EU Member States, 9 key themes were identified, including easy and equal access to health care, empowerment of migrants, and culturally sensitive health care services. Although some discordance remained both within and between countries, experts asserted the right to culturally sensitive health care for all immigrants, indicating a general agreement on the principles of good practice. (Document IDs: '74ee140f-5230-5c68-aeb9-9eb427c03a4f', '900eb21d-dd28-568f-809d-efe4b136638a', 'f7757cfa-eb21-5156-9677-aec3d93f80e2')","['BACKGROUND: European Member States are facing a challenge to provide accessible \nand effective health care services for immigrants. It remains unclear how best \nto achieve this and what characterises good practice in increasingly \nmulticultural societies across Europe. This study assessed the views and values \nof professionals working in different health care contexts and in different \nEuropean countries as to what constitutes good practice in health care for \nimmigrants.\nMETHODS: A total of 134 experts in 16 EU Member States participated in a \nthree-round Delphi process. The experts represented four different fields: \nacademia, Non-Governmental Organisations, policy-making and health care \npractice. For each country, the process aimed to produce a national consensus', 'practice. For each country, the process aimed to produce a national consensus \nlist of the most important factors characterising good practice in health care \nfor migrants.\nRESULTS: The scoring procedures resulted in 10 to 16 factors being identified as \nthe most important for each participating country. All 186 factors were \naggregated into 9 themes: (1) easy and equal access to health care, (2) \nempowerment of migrants, (3) culturally sensitive health care services, (4) \nquality of care, (5) patient/health care provider communication, (6) respect \ntowards migrants, (7) networking in and outside health services, (8) targeted \noutreach activities, and (9) availability of data about specificities in migrant \nhealth care and prevention. Although local political debate, level of', 'health care and prevention. Although local political debate, level of \nimmigration and the nature of local health care systems influenced the selection \nand rating of factors within each country, there was a broad European consensus \non most factors. Yet, discordance remained both within countries, e.g. on the \nneed for prioritising cultural differences, and between countries, e.g. on the \nneed for more consistent governance of health care services for immigrants.\nCONCLUSIONS: Experts across Europe asserted the right to culturally sensitive \nhealth care for all immigrants. There is a broad consensus among experts about \nthe major principles of good practice that need to be implemented across Europe. \nHowever, there also is some disagreement both within and between countries on', 'OBJECTIVE: Francophones may experience poorer health due to social status, \ncultural differences in lifestyle and attitudes, and language barriers to health \ncare. Our study sought to compare mental health indicators between Francophones \nand non-Francophones living in the province of Manitoba.\nMETHODS: Two populations were used: one from administrative datasets housed at \nthe Manitoba Centre for Health Policy and the other from representative survey \nsamples. The administrative datasets contained data from physician billings, \nhospitalizations, prescription drug use, education, and social services use, and \nsurveys included indicators on language variables and on self-rated health.\nRESULTS: Outside urban areas, Francophones had lower rates of diagnosed', ""and to what effect within the context of the graduates' workplaces, as well as \non societal health.\nMETHODS: This is part of a larger six-country mixed method study; in this paper, \nthe focus is on the qualitative findings of two English language programs, one a \ndistance MPH program offered from South Africa, the other a residential program \nin the Netherlands. Both offer MPH training to students from a diversity of \ncountries. In-depth interviews were conducted with 10 graduates (per program), \nworking in low- and middle-income health systems, their peers, and their \nsupervisors.\nRESULTS: Impact on the workplace was reported as considerable by graduates and \npeers as well as supervisors and included changes in management and leadership:""]","Experts across Europe asserted the right to culturally sensitive health care for all immigrants. There is a broad consensus among experts about the major principles of good practice that need to be implemented across Europe. However, there also is some disagreement both within and between countries on specific issues that require further research and debate.",1.0
Does obstructive sleep apnea affect aerobic fitness?,"According to the provided context, obstructive sleep apnea (OSA) does not predict a decrease in aerobic fitness as measured by cycle ergometry in a US Air Force population. However, patients with an apnea-hypopnea index of greater than 20 have a statistically significant decrease in aerobic fitness compared to the normal population. Overall, individuals with OSA had increased VO2max when compared to the normalized US Air Force data. 

Therefore, the answer is: No, OSA does not affect aerobic fitness in the general population, but severe OSA (apnea-hypopnea index > 20) is associated with decreased aerobic fitness.","['of greater than 20 demonstrated a decreased VO2max as compared to normalized \nvalues (p < .001). No differences in VO2max were observed after either medical \nor surgical therapy for OSA.\nCONCLUSIONS: Overall, in a US Air Force population, OSA does not predict a \ndecrease in aerobic fitness as measured by cycle ergometry. However, patients \nwith an apnea-hypopnea index of greater than 20 have a statistically significant \ndecrease in aerobic fitness compared to the normal population. This study \ndemonstrates the effects of OSA on aerobic fitness. Further correlation of \nfitness testing results with OSA severity and treatment is needed.', 'OBJECTIVES: We sought to determine whether patients with obstructive sleep apnea \n(OSA) had an objective change in aerobic fitness during cycle ergometry compared \nto a normal population. The most accurate test of aerobic fitness is measurement \nof maximum oxygen consumption (VO2max) with cycle ergometry.\nMETHODS: We performed a retrospective cohort analysis (247 patients with OSA) of \nVO2max from annual cycle ergometry tests compared to a large control group \n(normative data from 1.4 million US Air Force tests) in a tertiary care setting.\nRESULTS: Overall, individuals with OSA had increased VO2max when compared to the \nnormalized US Air Force data (p < .001). Patients with an apnea-hypopnea index \nof greater than 20 demonstrated a decreased VO2max as compared to normalized', 'STUDY OBJECTIVES: To investigate polysomnographic and anthropomorphic factors \npredicting need of high optimal continuous positive airway pressure (CPAP).\nDESIGN: Retrospective data analysis.\nPATIENTS: Three hundred fifty-three consecutive obstructive sleep apnea (OSA) \npatients who had a successful manual CPAP titration in our sleep disorders unit.\nMEASUREMENTS AND RESULTS: The mean optimal CPAP was 9.5 +/- 2.4 cm H2O. The \noptimal CPAP pressure increases with an increase in OSA severity from 7.79 +/- \n2.2 in the mild, to 8.7 +/- 1.8 in the moderate, and to 10.1 +/- 2.3 cm H2O in \nthe severe OSA group. A high CPAP was defined as the mean + 1 standard deviation \n(SD; > or =12 cm H2O). The predictor variables included apnea-hypopnea index', 'BACKGROUND: Earlier studies have demonstrated low peak oxygen uptake \n((.)Vo(2)peak) in children with spina bifida. Low peak heart rate and low peak \nrespiratory exchange ratio in these studies raised questions regarding the true \nmaximal character of (.)Vo(2)peak values obtained with treadmill testing.\nOBJECTIVE: The aim of this study was to determine whether the Vo(2)peak measured \nduring an incremental treadmill test is a true reflection of the maximum oxygen \nuptake ((.)Vo(2)max) in children who have spina bifida and are ambulatory.\nDESIGN: A cross-sectional design was used for this study.\nMETHODS: Twenty children who had spina bifida and were ambulatory participated. \nThe (.)Vo(2)peak was measured during a graded treadmill exercise test. The', 'PURPOSE: The pressures delivered by autotitrating continuous positive airways \npressure (CPAP) devices not only treat obstructive sleep apnoea (OSA) \neffectively but also give potentially interesting physiological information \nabout the forces impinging on the pharynx. In earlier work from this unit, we \nused correlations between autoCPAP pressure and both OSA severity and obesity, \nto construct an algorithm to estimate the fixed CPAP pressure a patient required \nfor subsequent clinical use. We wished to discover if these relationships could \nbe reliably extended to a much more obese group.\nMETHODS: We performed a prospective cohort study in an obese population. \nMeasurements of obesity were made, OSA severity was recorded, and the 95th']","Overall, in a US Air Force population, OSA does not predict a decrease in aerobic fitness as measured by cycle ergometry. However, patients with an apnea-hypopnea index of greater than 20 have a statistically significant decrease in aerobic fitness compared to the normal population. This study demonstrates the effects of OSA on aerobic fitness. Further correlation of fitness testing results with OSA severity and treatment is needed.",1.0
Treatment of contralateral hydrocele in neonatal testicular torsion: Is less more?,"Yes, less is more. The study found that approaching a contralateral hydrocele in cases of neonatal testicular torsion solely through a scrotal incision is safe and effective. None of the patients who presented with a hydrocele developed a clinical hydrocele or hernia after an average 7.5 years of follow-up, suggesting that inguinal exploration is not necessary and may even pose unnecessary risk of testicular or vasal injury. This conservative management strategy minimizes the potential of contralateral spermatic cord injury in the neonate.","['OBJECTIVE: Treatment of neonatal testicular torsion has two objectives: salvage \nof the involved testicle (which is rarely achieved) and preservation of the \ncontralateral gonad. The second goal universally involves contralateral \ntesticular scrotal fixation to prevent the future occurrence of contralateral \ntorsion. However, there is controversy with regards to management of a \nsynchronous contralateral hydrocele. It has been our policy not to address the \ncontralateral hydrocele through an inguinal incision to minimize potential \ninjury to the spermatic cord. Our objective in this study was to determine \nwhether the decision to manage a contralateral hydrocele in cases of neonatal \ntesticular torsion solely through a scrotal approach is safe and effective.', 'torsed testicles were nonviable. Twenty-two patients were noted to have a \ncontralateral hydrocele at presentation. All hydroceles were opened through a \nscrotal approach at the time of contralateral scrotal fixation. No patient \nunderwent an inguinal exploration to examine for a patent process vaginalis. \nNone of the patients who presented with a hydrocele have developed a clinical \nhydrocele or hernia after an average 7.5 years (range 4.3-11.2) follow-up.\nCONCLUSION: We have demonstrated that approaching a contralateral hydrocele in \ncases of neonatal testicular torsion solely through a scrotal incision is safe \nand effective. Inguinal exploration was not performed in our study and our \nlong-term results demonstrate that such an approach would have brought no', 'long-term results demonstrate that such an approach would have brought no \nadditional benefit. In avoiding an inguinal approach we did not subject our \npatients to unnecessary risk of testicular or vasal injury. Contralateral \nhydrocele is commonly seen in cases of neonatal testicular torsion. In our \nexperience this is a condition of minimal clinical significance and does not \nwarrant formal inguinal exploration for treatment. This conservative management \nstrategy minimizes the potential of contralateral spermatic cord injury in the \nneonate. The aims of the study were met.', 'testicular torsion solely through a scrotal approach is safe and effective.\nPATIENTS AND METHOD: We reviewed all cases of neonatal testicular torsion \noccurring at our institution between the years 1999 and 2006. Age at \npresentation, physical examination, ultrasonographic and intraoperative findings \nwere recorded. Patients were followed after initial surgical intervention to \ndetermine the likelihood of developing a subsequent hydrocele or hernia.\nRESULTS: Thirty-seven patients were identified as presenting with neonatal \ntorsion. Age of presentation averaged 3.5 days (range 1-14 days). Left-sided \npathology was seen more commonly than the right, with a 25:12 distribution. All \ntorsed testicles were nonviable. Twenty-two patients were noted to have a', ""category (POPC) score at admission (2 v 1); all p<0.002. 34 (50% of total \ndeaths) children died. A limitation decision was made without meeting for 7 \nchildren who died: 6 received do-not-resuscitate orders (DNROs) and 1 received \nwithholding decision. Decision-making meetings were organised for 31 children, \nand the following decisions were made: 12 DNROs (6 deaths and 6 survivals), 4 \nwithholding (1 death and 3 survivals), with 14 withdrawing (14 deaths) and 1 \ncontinuing treatment (survival). After limitation, 21 (31% of total deaths) \nchildren died and 10 survived (POPC score 4). 13 procedures were interrupted \nbecause of death and 11 because of clinical improvement (POPC score 4). Parents' \nopinions were obtained after 4 family conferences (for a total of 110 min), 3""]",We have demonstrated that approaching a contralateral hydrocele in cases of neonatal testicular torsion solely through a scrotal incision is safe and effective. Inguinal exploration was not performed in our study and our long-term results demonstrate that such an approach would have brought no additional benefit. In avoiding an inguinal approach we did not subject our patients to unnecessary risk of testicular or vasal injury. Contralateral hydrocele is commonly seen in cases of neonatal testicular torsion. In our experience this is a condition of minimal clinical significance and does not warrant formal inguinal exploration for treatment. This conservative management strategy minimizes the potential of contralateral spermatic cord injury in the neonate. The aims of the study were met.,1.0
BCRABL transcript detection by quantitative real-time PCR : are correlated results possible from homebrew assays?,"Yes, correlated results from homebrew assays are possible for BCRABL transcript detection by quantitative real-time PCR. According to the provided context, a study found a strong correlation (Spearman rank correlation coefficient, r(s), of 0.9435, p < 0.00001) between the results of two different laboratories using different methodologies, as long as the same positive control cell line and quality control gene were used.","['BACKGROUND: Quantitative real-time PCR has become the predominant molecular \ntechnique to monitor BCRABL levels in response to treatment in Ph(+) leukemia \npatients. However, without some form of standardized methodology between \nlaboratories, the correlation of results is difficult.\nMETHODS: Using TaqMan-based assays, parallel quantitative real-time PCR analysis \nwas performed on 70 clinical specimens at Vanderbilt University Medical Center \nand Virginia Commonwealth University. While the same positive control cell line \n(K562) and quality control gene (BCR) were used, the RNA isolation technique, \ncDNA synthesis, BCR control cell line, and PCR primer and probe sequences were \ndifferent.\nRESULTS: The detection of BCRABL-positive results spanned a dynamic range from', 'different.\nRESULTS: The detection of BCRABL-positive results spanned a dynamic range from \n10(0) to 10(5)/100,000 cells. Forty-three samples were negative at both \nfacilities. A Spearman rank correlation analysis was performed for the 22 \nBCRABL-positive paired results. The correlation coefficient, r(s), was 0.9435 (p \n< 0.00001), suggesting a strong correlation of the results. One discordant \nresult was obtained for consecutive samples from one patient with a low BCRABL \ncopy number as a result of a minimal RNA yield at one laboratory.\nCONCLUSIONS: These results suggest that quantitative real-time PCR assays for \nBCRABL detection can be comparable between laboratories despite significant \ndifferences in methodologies if the same positive control cell line and quality', 'OBJECTIVE: To examine the ability of various postoperative nomograms to predict \nprostate cancer-specific mortality (PCSM) and to validate that they could \npredict aggressive biochemical recurrence (BCR). Prostate-specific antigen \n(PSA), grade, and stage are the classic triad used to predict BCR after radical \nprostatectomy (RP). Multiple nomograms use these to predict risk of BCR. A \nprevious study showed that several nomograms could predict aggressive BCR \n(prostate-specific antigen doubling time [PSADT]\xa0<9 months) more accurately than \nBCR. However, it remains unknown if they can predict more definitive endpoints, \nsuch as PCSM.\nMETHODS: We performed Cox analyses to examine the ability of 4 postoperative \nnomograms, the Duke Prostate Center (DPC) nomogram, the Kattan postoperative', 'statistically significant manner and that they all predicted PCSM more \naccurately than they predicted BCR (ie, with higher c-index values).\nCONCLUSION: Currently available nomograms used to predict BCR accurately predict \nPCSM and other more clinically relevant endpoints. Moreover, not only do they \nsignificantly predict PCSM, but do so with generally greater accuracy than BCR.', 'nomograms, the Duke Prostate Center (DPC) nomogram, the Kattan postoperative \nnomogram, the Johns Hopkins Hospital (JHH) nomogram, and the joint Center for \nProstate Disease Research(CPDR)/Cancer of the Prostate Strategic Urologic \nResearch Endeavor (CaPSURE) nomogram to predict BCR and PCSM among 1778 men in \nthe Shared Equal Access Regional Cancer Hospital (SEARCH) database who underwent \nRP between 1990 and 2009. We also compared their ability to predict BCR and \naggressive BCR in a subset of men. We calculated the c-index for each nomogram \nto determine its predictive accuracy for estimating actual outcomes.\nRESULTS: We found that each nomogram could predict aggressive BCR and PCSM in a \nstatistically significant manner and that they all predicted PCSM more']","These results suggest that quantitative real-time PCR assays for BCRABL detection can be comparable between laboratories despite significant differences in methodologies if the same positive control cell line and quality control gene are used. It is imperative that some level of assay standardization be adopted between laboratories, not only for patients who are monitored at different facilities, but also for larger investigative studies in which hematologic, cytogenetic and molecular responses are to be compared.",1.0
Sternal fracture in growing children : A rare and often overlooked fracture?,"Yes, sternal fractures in childhood are rare. According to the study, only 4 children aged 5-14 years with a sternal fracture were treated in 2 years, indicating that isolated sternal fractures in childhood are indeed rare and often due to typical age-related traumatic incidents. (Document id: fa7a45e8-7c9a-56c8-8943-3195a5871d45)","['BACKGROUND: Sternal fractures in childhood are rare. The aim of the study was to \ninvestigate the accident mechanism, the detection of radiological and \nsonographical criteria and consideration of associated injuries.\nMETHOD: In the period from January 2010 to December 2012 all inpatients and \noutpatients with sternal fractures were recorded according to the documentation.\nRESULTS: A total of 4 children aged 5-14\xa0years with a sternal fracture were \ntreated in 2\xa0years, 2\xa0children were hospitalized for pain management and 2 \nremained in outpatient care.\nCONCLUSION: Isolated sternal fractures in childhood are often due to typical \nage-related traumatic incidents. Ultrasonography is a useful diagnostic tool for \nfracture detection and radiography is the method of choice for visualization of', 'between major chest injury and abdominal injury.\nCONCLUSION: The incidence of abdominal injury in intoxicated, hemodynamically \nstable, blunt trauma patients with a normal abdominal examination and normal \nmentation is low. Physical examination and attention to clinical risk factors \nallow accurate abdominal evaluation without CT.', 'rate, types of injury, and procedure outcomes in children. Obese patients are \nmore likely to have rib and pelvic injuries.', 'rotational deformity or coronal angulation and with a shaft-condylar angle of \n>15 degrees were more likely to be associated with successful nonsurgical \ntreatment. A scoring system was developed using these features to stratify the \nseverity of the injury. Patients with isolated extension deformity, but none of \nthe other features, were more likely to complete successful nonoperative \nmanagement.\nCONCLUSIONS: This study suggests that some of the less severe pediatric type II \nSCHFs can be successfully treated without surgery if close follow-up is \nachieved. Fractures with initial rotational deformity, coronal malalignment, and \nsignificant extension of the distal fragment are likely to fail a nonoperative \napproach. An algorithm using the initial radiographic characteristics can aid in', 'severity score, and mortality.\nRESULT: Nine hundred thirty-three patients were included, of those 55 (5.89%) \nchildren were obese. The obese children were older than nonobese (P = .001) and \nhad a higher injury severity score (P = .001) and a lower pediatric trauma score \n(P = .00), heart rate (P = .0081), and respiratory rate (P = .000). There were \nno differences between groups with regard to sex, mechanism of injury, and \nsurgical procedures. Obese children were more likely to have rib fractures (P = \n.02) and pelvic injuries (P = .033). There was no significant association \nbetween mortality and obesity (P = .42).\nCONCLUSION: Obesity does not seem to impact the severity of injury, mortality \nrate, types of injury, and procedure outcomes in children. Obese patients are']",Isolated sternal fractures in childhood are often due to typical age-related traumatic incidents. Ultrasonography is a useful diagnostic tool for fracture detection and radiography is the method of choice for visualization of the extent of the dislocation.,1.0
Could different follow-up modalities play a role in the diagnosis of asymptomatic endometrial cancer relapses?,"Yes, different follow-up modalities could play a role in the diagnosis of asymptomatic endometrial cancer relapses. According to the provided context, among asymptomatic patients, the first procedure that led to further examinations was clinical visit alone for 60 (36.4%) of 165 patients, imaging for 103 patients (62.4%), and cytologic examination for 2 patients (1.2%). This suggests that various follow-up modalities, including clinical visits, imaging, and cytologic examinations, can help diagnose asymptomatic endometrial cancer relapses.","['examination. Among the asymptomatic patients, the first procedure that led to \nfurther examinations was clinical visit alone for 60 (36.4%) of 165 patients, \nimaging for 103 patients (62.4%), and cytologic examination for 2 patients \n(1.2%). Symptoms at recurrence can predict survival: patients with an \nasymptomatic recurrence had a median survival time from relapse of 35 months \nversus 13 months if they had a symptomatic repetition (P = 0.0001).\nCONCLUSIONS: Follow-up after endometrial cancer treatment varies in Italy. In \nthis retrospective study, women with asymptomatic recurrence have shown a better \nclinical outcome compared with those with symptomatic relapse. The optimal \napproach is actually unknown, and guidelines comparing follow-up protocols have', 'OBJECTIVE: To determine current practice and to assess the value of routine \nfollow-up procedures for endometrial cancer surveillance. To discuss whether \nsuch procedures are feasible and effective to identify asymptomatic recurrences \nand describe the pattern of relapse detected by procedures.\nMETHODS: The records of 282 consecutive women with recurrent endometrial cancer \ntreated from 1986 to 2005 were retrospectively collected in 8 Italian \ninstitutions. Primary disease, clinical history, and recurrence features and \ndata were analyzed.\nRESULTS: Thirty-five (12.4%) of 282 patients had recurrence in vaginal vault, 51 \npatients (18.0%) had recurrence in central pelvis, 14 patients (4.9%) had \nrecurrence in pelvic wall, and 39 patients (13.8%) had recurrence in lymph', 'designated as negative (N) if none were detected. Each sample then underwent \nfull screening (FS) and was designated as either R or N and also given a \ncytologic interpretation.\nRESULTS: The final cytologic interpretation was a glandular cell abnormality \n(≥AGC) in 107 samples (0.13%); 39 of these (36.4%) were flagged as R on RPS. \nTwenty-four patients (33.8%) out of 71 who had histologic follow-up were found \nto harbor a high-grade squamous intraepithelial lesion or carcinoma; 13 of those \n24 Pap smears (54.2%) had been flagged as R on RPS. Notably, 11 AGC cases were \npicked up by RPS only and not by FS and represented false-negative cases; 2 of \nthese showed endometrial adenocarcinoma on histologic follow-up.', 'period, but were not entered into the SAKK study, as well as the remaining 57 \npatients treated during the study period for the same indication (remaining \ngroup).\nRESULTS: Median overall survival decreased from 76.3 months in the protocol \ngroup to 52.1 months in the matched group and to 20.3 months in the remaining \ngroup. The respective times of median recurrence-free survival were 67.2, 16.0, \nand 9.4 months. Tumor progression occurred in 46% of the protocol group compared \nwith 69% in the matched group and 65% in the remaining group (P < .05). \nCancer-related death was noted in 40% of the protocol group, 57% in the matched \ngroup, and 56% in the remaining group.\nCONCLUSION: These data suggest that being willing and fit enough for a', 'recurrence in pelvic wall, and 39 patients (13.8%) had recurrence in lymph \nnodes. One-hundred twenty-eight patients (45.3%) showed a distant relapse, \nwhereas 15 patients (5.3%) developed both distant relapse and local relapse. The \nsite of relapse influenced survival because the patients with vaginal vault \nrecurrences lived significantly longer than the patients with recurrences in \nother sites. Eighty (28.4%) of the 282 patients became symptomatic and \nanticipated the scheduled visit, 37 (13.1 %) of the patients reported their \nsymptoms during the follow-up meeting, and 165 (58.5 %) of the patients were \nasymptomatic and the diagnostic path was introduced by a planned visit or \nexamination. Among the asymptomatic patients, the first procedure that led to']","Follow-up after endometrial cancer treatment varies in Italy. In this retrospective study, women with asymptomatic recurrence have shown a better clinical outcome compared with those with symptomatic relapse. The optimal approach is actually unknown, and guidelines comparing follow-up protocols have not been established. Prospective cost-effectiveness studies are needed.",1.0
Should HIV-infected patients be screened for silent myocardial ischaemia using gated myocardial perfusion SPECT?,"According to the provided context, specifically Document(id='099bfa4c-f526-5361-a48e-973083205c16') and Document(id='50241b64-c0a0-5b30-9226-f21f9fb99edf'), yes, HIV-infected patients should be screened for silent myocardial ischaemia using gated myocardial perfusion SPECT, particularly those who are male, older than 52 years, and have at least two other cardiovascular risk factors. The study found that in this subpopulation, the prevalence of silent myocardial ischaemia detected by myocardial SPECT was 19.2%, which is about four times higher than in the general population. This suggests that screening for silent myocardial ischaemia using myocardial SPECT may be beneficial in identifying HIV-infected patients at high risk of cardiovascular events.","['PURPOSE: A higher prevalence of cardiovascular risk factors (CRFs) in \nHIV-infected patients, together with chronic infection and treatments, has \nresulted in an increased risk of silent myocardial ischaemia (SMI). The \nobjective of this study was to evaluate whether myocardial SPECT should be used \nfor screening HIV-infected patients with no clinical symptoms of coronary artery \ndisease.\nMETHODS: The prevalence of SMI detected by myocardial SPECT was determined in 94 \nHIV-infected patients with a normal clinical cardiovascular examination in \nrelation to anthropomorphic parameters, CRFs, inflammatory and HIV infection \nstatus, and treatment.\nRESULTS: Coronary artery disease was detected in nine patients (eight with', 'scans were in men older than 52 years with at least two other CRFs. In this \nsubpopulation of 47 patients, the prevalence of SMI detected by myocardial SPECT \nreached 19.2 %.\nCONCLUSION: In male HIV-infected patients older than 52 years and with at least \ntwo other CRFs, screening for SMI using myocardial SPECT was about four times \nmore likely to be positive than in the general population. This may motivate \nphysicians to advise these patients to undergo more systematic screening for SMI \nusing this technique.', 'BACKGROUND: Studies on coronary risk factors in men and women are mainly based \non mortality data and few compare results of both sexes with consistent study \ndesign and diagnostic criteria. This study assesses the major risk factors for \ncoronary events in men and women from the Reykjavik Study.\nDESIGN: Within a prospective, population-based cohort study individuals without \nhistory of myocardial infarction were identified and the relative risk of \nbaseline variables was assessed in relation to verified myocardial infarction or \ncoronary death during follow-up.\nMETHODS: Of the 9681 women and 8888 men who attended risk assessment from \n1967-1991, with follow-up period of up to 28 years, 706 women and 1700 men \nsuffered a non-fatal myocardial infarction or coronary death.', 'status, and treatment.\nRESULTS: Coronary artery disease was detected in nine patients (eight with \nischaemia, one with myocardial infarction), corresponding to 9.6 % positivity. \nAll but two of the scintigraphic diagnoses of ischaemia were confirmed by \ncoronarography. Univariate analysis revealed that the overall number of CRFs and \nthe combination of gender and age were associated with a diagnosis of SMI (p < \n0.05). According to multivariate analysis, the only independent parameter \nsignificantly associated with the scintigraphic diagnosis of SMI was the \ncombination of gender and age (p = 0.01). All the positive myocardial SPECT \nscans were in men older than 52 years with at least two other CRFs. In this', 'RESULTS: Fifty-seven consecutive patients were included. The average age was \n64.4 ± 10.7, 73% of the patients were males, and nearly half of the patients \nwere known to have ischemic heart disease. Two of the patients were excluded due \nto technical difficulty. No signs of ischemia were recorded in 25 (45.4%). Among \nthe patients with established ischemia on DSE, 12 (22%) had mild ischemia, 13 \n(23.6%) had moderate and 5 (9%) had severe ischemia. Angiography was performed \nin 13 (26%) of the patients, of which 7 had PCI and one was referred to bypass \nsurgery. None of the patients had elevated cTnI 18-24 hours after the DSE.\nCONCLUSIONS: Our results indicate that there is no elevation of cTn despite the \noccurrence of significant WMAs on DSE. We conclude that cTnI cannot be used as']","In male HIV-infected patients older than 52 years and with at least two other CRFs, screening for SMI using myocardial SPECT was about four times more likely to be positive than in the general population. This may motivate physicians to advise these patients to undergo more systematic screening for SMI using this technique.",1.0
Do we need imaging to diagnose appendicitis in children?,"No, clinical assessment is the key to diagnose appendicitis in children. However, selective use of imaging, mainly abdominal ultrasonography, may be necessary in certain cases, such as in girls older than 10 years, to avoid unnecessary appendectomies. (Source: Document IDs '8576f7b4-a1ea-5864-85a9-ca3984fffc49', '7c0356ae-a997-586e-8add-054a94989093', '3f34d71c-9652-579a-98c4-912c24741b09')","['BACKGROUND: To evaluate the role of clinical assessment with selective use of \nimaging studies in the management of suspected acute appendicitis in children.\nPATIENTS AND METHODS: Medical records of children referred to Emergency Room in \n2010 for suspected appendicitis were retrospectively reviewed. Diagnostic \ninvestigations divided by age and sex were related to pathological findings. \nNegative appendectomy and complication rates were calculated.\nRESULTS: 923 children needed surgical assessment : In 75.7% of them surgical \nindication was excluded and 24.3% were admitted to surgical ward for \nobservation. Appendectomy was eventually performed in 137 patients (61.9%), \n82.4% of them without any preoperative imaging while 17.6% underwent selective', '82.4% of them without any preoperative imaging while 17.6% underwent selective \nstudies, mainly abdominal ultrasonography (14.6%). Imaging was requested twice \nas frequently in not operated admitted children (39.3%) than in the operated \nones (17.5%, P < 0.001). Overall complicated appendicitis rate (peritonitis and \nabscess) resulted 26.4% and negative appendectomy rate 8.8%. Females older than \n10 years presented histologically not-confirmed appendicitis in 22.2% of cases, \nwhile the younger ones presented more frequently complicated appendicitis \n(29.3%).\nCONCLUSIONS: Clinical assessment is the key to diagnose appendicitis. \nNevertheless, in girls older than 10 years, selected use of imaging should be \nimplemented to avoid unnecessary appendectomies. Imaging of choice in equivocal', 'implemented to avoid unnecessary appendectomies. Imaging of choice in equivocal \ncases should be ultrasonography.', 'INTRODUCTION: In this study, we investigated D-dimer serum level as a diagnostic \nparameter for acute appendicitis.\nMATERIALS AND METHODS: Forty-nine patients were enrolled in the study. Patients \nwere classified according to age; sex; duration between the beginning of pain \nand referral to a hospital or clinic; Alvarado scores; and in physical \nexamination, presence of muscular defense, the number of leukocytes, \npreoperative ultrasonography, and D-dimer levels of histopathologic study groups \nwere analyzed.\nRESULTS: Of the patients enrolled in the study, 26.5% were females and 73.5% \nmales. The average age was 21 years (range, 16-38 years) and 81.7% acute \nappendicitis (AA). According the duration of pain, 63.2% of the patients were', '= 73) contained no patients with both values unelevated.\nCONCLUSIONS: Although elevated leukocyte count and CRP value cannot effectively \nestablish the diagnosis of acute appendicitis in the elderly, unelevated values \nexclude it. Accordingly, appendectomy is not recommended to be performed in an \nelderly patient with unelevated leukocyte count and CRP value, although clinical \nsymptoms and signs indicate acute appendicitis.']","Clinical assessment is the key to diagnose appendicitis. Nevertheless, in girls older than 10 years, selected use of imaging should be implemented to avoid unnecessary appendectomies. Imaging of choice in equivocal cases should be ultrasonography.",1.0
Gluten tolerance in adult patients with celiac disease 20 years after diagnosis?,"The provided context does not specifically mention gluten tolerance in adult patients with celiac disease 20 years after diagnosis. However, it does mention a study where ""All 77 adult patients from our hospital known to have biopsy-proven CD for more than 10 years were invited to participate."" The study found that ""Two patients were considered to have developed tolerance to gluten."" Additionally, it mentions that ""Further follow-up will show whether this tolerance is permanent or only a long-term return to latency."" 

Therefore, based on the provided context, it can be concluded that some adult patients with celiac disease may develop tolerance to gluten, but the context does not provide information on the specific timeframe of 20 years after diagnosis.","['BACKGROUND AND OBJECTIVE: Celiac disease (CD) is believed to be a permanent \nintolerance to gluten. A number of patients, however, discontinue the \ngluten-free diet (GFD) without developing symptoms or signs. The aim of our \nstudy was to investigate whether CD patients are capable of developing tolerance \nto gluten.\nMETHODS: All 77 adult patients from our hospital known to have biopsy-proven CD \nfor more than 10 years were invited to participate. We investigated symptoms, \ngluten consumption, antibodies for CD and other autoimmunity, human leukocyte \nantigen (HLA)-typing, bone mineral density, and performed small bowel biopsies. \nTolerance was defined as no immunological or histological signs of CD while \nconsuming gluten.', 'Tolerance was defined as no immunological or histological signs of CD while \nconsuming gluten.\nRESULTS: Sixty-six patients accepted participation, but after review of the \ndiagnostic biopsies 53 were found to have true CD. Twenty-three percent of \npatients had a gluten-containing diet, 15% admitted gluten transgression and 62% \nfollowed the GFD. Patients on a GFD had significantly more osteoporosis. Normal \nsmall bowel mucosa was found in four of eight on gluten-containing diet and in \nfour of four with gluten transgression. Two patients were considered to have \ndeveloped tolerance to gluten. One of them was HLA-DQ2/DQ8 negative.\nCONCLUSION: Development of tolerance to gluten seems possible in some patients \nwith CD. Further follow-up will show whether this tolerance is permanent or only', 'with CD. Further follow-up will show whether this tolerance is permanent or only \na long-term return to latency. This feature may be associated with genetic \ncharacteristics, especially with HLA genotypes that differ from DQ2 or DQ8. More \ninsight into the mechanisms of the development of gluten tolerance may help to \ndistinguish those CD patients that might not require life-long GFD.', 'INTRODUCTION: The gluten-free diet has traditionally been accepted as a healthy \ndiet, but there are articles advocating that it may have some nutritional \ndeficiencies. The current study assesses whether there was any change in the \ncontributions of calories, essential elements, proportion of fatty acids, \nvitamins, minerals and fiber in children who were diagnosed with celiac \ndiseases, comparing the diet with gluten prior one year after diagnosis with the \ndiet without gluten to the year of diagnosis. The level of clinical or \nanalytical impact that nutritional deficits could have was also assessed.\nMATERIAL AND METHODS: A prospective,descriptive, observational study in which \ninformation was collected from a dietary survey, anthropometric and analytical', 'only rated celiac sprue screening and complete blood count as appropriate in \nD-IBS; nonexperts rated most tests as appropriate. Parallel results were found \nin the C-IBS vignette.\nCONCLUSIONS: Most community providers believe IBS is a diagnosis of exclusion; \nthis belief is associated with increased resource use. Experts comply more \nclosely with guidelines to diagnose IBS with minimal testing. This disconnect \nsuggests that better implementation of guidelines is warranted to minimize \nvariation and improve cost-effectiveness of care.']","Development of tolerance to gluten seems possible in some patients with CD. Further follow-up will show whether this tolerance is permanent or only a long-term return to latency. This feature may be associated with genetic characteristics, especially with HLA genotypes that differ from DQ2 or DQ8. More insight into the mechanisms of the development of gluten tolerance may help to distinguish those CD patients that might not require life-long GFD.",1.0
Outcome Feedback within Emergency Medicine Training Programs: An Opportunity to Apply the Theory of Deliberate Practice?,"Based on the provided context, there is limited information available to directly answer the question about outcome feedback within Emergency Medicine training programs and its relation to the theory of deliberate practice. However, Document(id='5ec9f2ea-6042-5bb4-97b9-b5a3eb894665') provides some insights into the practice of outcome feedback in Emergency Medicine (EM) training programs.

According to this document, ""Mandatory active outcome feedback was not present in any EM training program for admitted or discharged patients (0/21)."" This suggests that outcome feedback is not a standardized or mandatory component of EM training programs, at least based on the survey of residents and program directors.

Additionally, the document notes that ""A majority of residents (76.9%) believed that patient follow-up should be mandatory,"" indicating a perceived value of outcome feedback among residents. The ""perceived educational value of outcome feedback"" was also rated highly by both residents and program directors, with mean scores of 5.8/7 and 5.1/7, respectively.

While the context does not explicitly discuss the application of the theory of deliberate practice, the emphasis on the importance of outcome feedback by residents and its perceived educational value suggests an opportunity for its application in EM training programs to enhance learning and practice. Deliberate practice involves focused, structured activities with clear goals, continuous feedback, and opportunities for repetition and refinement. Incorporating mandatory outcome feedback into EM training could potentially align with these principles, but further information would be needed to fully explore this connection.","[""BACKGROUND: Establishing a core curriculum for undergraduate Emergency Medicine \n(EM) education is crucial to development of the specialty. The Clerkship \nDirectors in Emergency Medicine (CDEM) National Curriculum Task Force \nrecommended that all students in a 4(th)-year EM clerkship be exposed to 10 \nemergent clinical conditions.\nOBJECTIVES: To evaluate the feasibility of encountering recommended core \nconditions in a clinical setting during a 4(th)-year EM clerkship.\nMETHODS: Students from three institutions participated in this ongoing, \nprospective observation study. Students' patient logs were collected during \n4-week EM clerkships between July 2011 and June 2012. De-identified logs were \nreviewed and the number of patient encounters for each of the CDEM-identified"", 'OBJECTIVES: To compare the effect of student examiners (SE) to that of faculty \nexaminers (FE) on examinee performance in an OSCE as well as on post-assessment \nevaluation in the area of emergency medicine management.\nMETHODS: An OSCE test-format (seven stations: Advanced Cardiac Life Support \n(ACLS), Basic Life Support (BLS), Trauma-Management (TM), Pediatric-Emergencies \n(PE), Acute-Coronary-Syndrome (ACS), Airway-Management (AM), and \nObstetrical-Emergencies (OE)) was administered to 207 medical students in their \nthird year of training after they had received didactics in emergency medicine \nmanagement. Participants were randomly assigned to one of the two simultaneously \nrun tracks: either with SE (n = 110) or with FE (n = 98). Students were asked to', 'BACKGROUND: Selection into general practice training is undertaken using a \ncompetency based approach. The clear advantage of this approach over traditional \nmethods has been demonstrated through evaluation of its validity and \nreliability. However, the relationship between selection and performance in the \nRoyal College of General Practitioner examinations (MRCGP) has yet to be \nexplored. The MRCGP comprises of an applied knowledge test (AKT), a clinical \nskills assessment (CSA) and workplace-based assessments (WPBA).\nAIM: To explore the predictive validity of general practice selection scores \nusing the AKT and CSA elements of the MRCGP as a final outcome measure.\nMETHODS: This study carried out a retrospective analysis of 101 trainees from', ""PURPOSE: This study was designed to determine whether preclerkship performance \nexaminations could accurately identify medical students at risk for failing a \nsenior clinical performance examination (CPE).\nMETHOD: This study used a retrospective case-control, multiyear design, with \ncontingency table analyses, to examine the performance of 412 students in the \nclasses of 2005 to 2010 at a midwestern medical school. During their second \nyear, these students took four CPEs that each used three standardized patient \n(SP) cases, for a total of 12 cases. The authors correlated each student's \naverage year 2 case score with the student's average case score on a senior \n(year 4) CPE. Contingency table analysis was carried out using performance on"", 'RESULTS: We received 210 completed surveys from 260 eligible residents (80.8%) \nand 21 of 24 program directors (87.5%) (overall 81.3%). Mandatory active outcome \nfeedback was not present in any EM training program for admitted or discharged \npatients (0/21). Follow-up was performed electively by 89.4% of residents for \npatients admitted to the hospital, and by 44.2% of residents for patients \ndischarged home. A majority of residents (76.9%) believed that patient follow-up \nshould be mandatory compared to 42.9% of program directors (p=0.002). The \nperceived educational value of outcome feedback was 5.8/7 for residents and \n5.1/7 for program directors (difference 0.7; p=0.002) based on a seven-point \nLikert scale (1=not important; 7=very important).']","While Canadian EM training programs do not mandate follow-up, it is performed electively by the majority of residents surveyed. Residents place a significantly greater educational value on outcome feedback than their program directors, and believe that follow-up should be a mandatory component of EM residencies.",1.0
Are home sampling kits for sexually transmitted infections acceptable among men who have sex with men?,"Yes, home sampling kits (HSKs) for sexually transmitted infections (STIs) are generally viewed as acceptable among men who have sex with men (MSM). The concept of HSKs was seen as positive, with many benefits identified, including increased access to testing, enhanced personal comfort, and empowerment. However, some concerns were raised, such as the accuracy of the test, delays in receiving results, and potential lack of support. (Source: Document id='9df2e8ea-5769-5594-885e-94b2124b39a2')","['OBJECTIVE: There is an urgent need to increase opportunistic screening for \nsexually transmitted infections (STIs) in community settings, particularly for \nthose who are at increased risk including men who have sex with men (MSM). The \naim of this qualitative study was to explore whether home sampling kits (HSK) \nfor multiple bacterial STIs are potentially acceptable among MSM and to identify \nany concerns regarding their use. This study was developed as part of a \nformative evaluation of HSKs.\nMETHODS: Focus groups and one-to-one semi-structured interviews with MSM were \nconducted. Focus group participants (n = 20) were shown a variety of \nself-sampling materials and asked to discuss them. Individual interviewees (n =', ""self-sampling materials and asked to discuss them. Individual interviewees (n = \n24) had experience of the self-sampling techniques as part of a pilot clinical \nstudy. All data were digitally recorded and transcribed verbatim. Data were \nanalysed using a framework analysis approach.\nRESULTS: The concept of a HSK was generally viewed as positive, with many \nbenefits identified relating to increased access to testing, enhanced personal \ncomfort and empowerment. Concerns about the accuracy of the test, delays in \nreceiving the results, the possible lack of support and potential negative \nimpact on 'others' were raised.\nCONCLUSION: The widespread acceptability of using HSKs for the diagnosis of STIs \ncould have important public health impacts in terms of earlier diagnosis of"", 'statistics were used to analyze responses to survey questions, and quiz scores \nwere compared among groups.\nRESULTS: Analyzable responses were obtained from 1662 clinicians and 82 CPs. \nBoth clinicians and CPs considered some terms, e.g., agglutination, useful, \nwhereas only CPs considered other terms, e.g., ghost cells, useful. All groups \ninterpreted certain terms, e.g., Heinz bodies, correctly, whereas some \nclinicians misinterpreted others, e.g., eccentrocytes. Responses revealed that \nCPs often do not report RBC-M they consider insignificant, when present in low \nnumbers. Twenty-eight percent of clinicians think CPs review all blood smears \nwhile only 19% of CPs report reviewing all smears.\nCONCLUSIONS: Important differences about the clinical relevance of certain RBC-M', 'acceptable"" (n = 14), ""depending on the many circumstances"" (n = 87), requiring \n""consultation with an expert"" (n = 30) and ""never acceptable (n = 13)"".\nCONCLUSIONS: Most people in France are influenced by situational factors when \ndeciding if a physician should breach confidentiality to protect the spouse of a \npatient infected with STD.', 'BACKGROUND: Although the Internet is commonly used to recruit samples in studies \nof human immunodeficiency virus (HIV)-related risk behaviors, it has not been \nused to measure patient-reported well-being. As the burden of long-term chronic \nHIV infection rises, the Internet may offer enormous potential for recruitment \nto research and interventions.\nOBJECTIVE: This study aimed to compare two samples of gay men living with HIV, \none recruited via the Web and the other recruited in outpatient settings, in \nterms of self-reported physical and psychological symptom burden.\nMETHODS: The Internet sample was recruited from a UK-wide Web-based survey of \ngay men with diagnosed HIV. Of these, 154 respondents identified themselves as']","The widespread acceptability of using HSKs for the diagnosis of STIs could have important public health impacts in terms of earlier diagnosis of asymptomatic infections and thus a decrease in the rate of onward transmission. In addition, HSKs could potentially optimize the use of genitourinary medicine services and facilitate patient choice.",1.0
Is it possible to stop treatment with nucleos(t)ide analogs in patients with e-antigen negative chronic hepatitis B?,"Yes, it is possible to stop treatment with nucleos(t)ide analogs in selected patients with e-antigen negative chronic hepatitis B. According to the provided context, recent evidence suggests that discontinuing nucleos(t)ide analog therapy may be feasible in selected patients. A single-center observational study included 22 patients who discontinued treatment with nucleos(t)ide analogs and were subsequently monitored, all of whom had normal ALT and AST, undetectable DNA, and absence of cirrhosis or significant comorbidities before stopping treatment. However, the context does not provide information on the long-term outcomes or the specific criteria for selecting patients who can safely discontinue treatment.","['BACKGROUND: Treatment of HBeAg-negative chronic hepatitis B (CHB) with \nnucleos(t)ide analogues (NA) is usually indefinite, since the loss of HBsAg, as \na criterion for its discontinuation, is a rare event. Recent evidence suggests \nthat discontinuing NA therapy may be feasible in selected patients.\nOBJECTIVES: To analyze the rate of virological relapse in patients with \nHBeAg-negative CHB who discontinued treatment with NAs.\nMETHODS: We performed a single-center observational study that included 140 \npatients with HBsAg-negative CHB. Twenty-two patients, who received only NAs, \ndiscontinued treatment for different reasons and were subsequently monitored. \nAll had normal ALT and AST, undetectable DNA and absence of cirrhosis or \nsignificant comorbidities before stopping treatment.', 'AIM: There are more than 350 million people worldwide chronically infected with \nhepatitis B virus (HBV), who are at high risk for the development of hepatitis, \ncirrhosis and hepatocellular carcinoma (HCC). Because of the conflicting results \nabout c-kit expression in HCC and the key role played by c-kit in \ngastrointestinal stromal tumours (GIST) and other solid tumours, the aim of this \nstudy was to determine c-kit expression in the course of hepatitis B infection.\nMATERIALS AND METHODS: Paraffin-embedded tissues in Cukurova University Faculty \nof Medicine Department of Pathology between January 2002 and February 2006 were \nsearched restrospectively to investigate this issue. We performed \nimmunohistochemistry on biopsies of 125 patients with HBV infection, grouped as:', ""BACKGROUND: Hepatitis G virus can cause chronic infection in man but the role of \nthis agent in chronic liver disease is poorly understood. Little is known about \nthe relation of another newly discovered agent, the TT virus, with chronic liver \ndisease.\nAIM: To investigate the rate of infection with hepatitis G virus and TT virus in \npatients with cryptogenic chronic liver disease.\nPATIENTS: A total of 23 subjects with chronically raised alanine transaminase \nand a liver biopsy in whom all known causes of liver disease had been excluded, \nand 40 subjects with hepatitis C virus-related chronic liver disease.\nMETHODS: Evaluation of anti-hepatitis G virus by enzyme immunoassay. Hepatitis G \nvirus-RNA by polymerase chain reaction with primers from the 5' NC and NS5a"", 'immunohistochemistry on biopsies of 125 patients with HBV infection, grouped as: \nmild, moderate and severe hepatitis, cirrhosis and HCC, 25 patients in each of \nthem, using anti c-kit monoclonal antibody. The severity of parenchymal \ninflammation and of interface hepatitis was semiquantitatively graded on a \nhaematoxylin and eosin stained paraffin sections. Additionally, 50 more HCC, \nformed on HBV basis, were studied to determine the prevalence of c-kit \noverexpression.\nRESULTS: In cirrhotic liver, lower intensity of staining and rarely c-kit \npositivity were present. The greatest number of the c-kit positivity and higher \nintensity of staining was found in the livers of patients with severe hepatitis \nand HCC. In chronic hepatitis B infection, the staining intensity was parallel', 'BACKGROUND: Hepatorenal syndrome (HRS) is the functional renal failure \nassociated with advanced cirrhosis and has also been described in fulminant \nhepatic failure. Without liver transplantation its prognosis is dismal. Our \nstudy included patients with type 1 HRS associated with cirrhosis, who were not \nliver transplant candidates.\nAIM: To identify variables associated with improved survival.\nMETHODS: Sixty-eight patients fulfilled the revised Ascites Club Criteria for \ntype 1 HRS. None of them was suitable for liver transplantation. All the \npatients were treated with combinations of: albumin, midodrine and octreotide, \npressors, and hemodialysis.\nRESULTS: Median survival was 13 days for the whole group. Survival varied with']","The results suggest that NA treatment can be stopped in selected patients with CHB as long as they are not cirrhotic, have completed a minimum period of treatment, have normal ALT and sustained undetectable DNA. These patients should be closely monitored during the first year and then indefinitely.",0.6666666666666666
Are the elderly with oropharyngeal carcinoma undertreated?,"Yes, the elderly with oropharyngeal carcinoma may be undertreated. According to the provided context, a retrospective analysis of a large population database found that there was a significant increase in the number of patients who did not receive treatment (surgery, radiation, or combined therapy) after age 55. Additionally, the context states that ""elderly patients with oropharyngeal squamous cell carcinoma (OPSCC) are receiving less treatment"". However, it is also noted that age groups 65 to 74 and 75 to 84 had substantial benefits in disease-specific survival with surgery, radiation, or combined therapy, suggesting that aggressive therapy can be beneficial in this population.","['OBJECTIVES/HYPOTHESIS: To determine if elderly patients with oropharyngeal \nsquamous cell carcinoma (OPSCC) are receiving less treatment and to evaluate the \nbenefit of aggressive therapy in this population.\nSTUDY DESIGN: Retrospective analysis of a large population database.\nMETHODS: Patients in the Surveillance, Epidemiology, and End Results database \nwith OPSCC diagnosed from 2004 to 2009 were included. The patients were \ncategorized into age groups 45 to 54, 55 to 64, 65 to 74, 75 to 84, and 85 years \nand older, then further categorized by treatment status. Kaplan-Meier analysis \nof disease-specific survival (DSS) for late-stage (III and IV) OPSCC was \nperformed for all age and treatment categories, followed by a multivariate cox', 'CONCLUSION: The geriatric oncology consultation led to a modification of the \ncancer treatment plan in more than one third of cases. Further studies are \nneeded to determine whether these modifications improve the outcome of these \nolder patients.', 'performed for all age and treatment categories, followed by a multivariate cox \nregression of treatment status, tumor site, race, stage, and sex per age group.\nRESULTS: A total of 14,909 patients with OPSCC were identified. In our \ndemographic data, we observed a significant increase in the number of patients \nwho did not receive treatment (surgery, radiation, or combined therapy) after \nage 55. Kaplan-Meier analysis showed that age groups 65 to 74 and 75 to 84 had \nsubstantial benefits in DSS with surgery, radiation, or combined therapy. \nMultivariable analysis did not demonstrate any statistically significant \ndifference in the hazard ratios for combined treatment among age groups 45 to \n54, 55 to 64, 65 to 74, and 75 to 84.', 'BACKGROUND: This study was performed to describe the treatment plan \nmodifications after a geriatric oncology clinic. Assessment of health and \nfunctional status and cancer assessment was performed in older cancer patients \nreferred to a cancer center.\nPATIENTS AND METHODS: Between June 2004 and May 2005, 105 patients 70 years old \nor older referred to a geriatric oncology consultation at the Institut Curie \ncancer center were included. Functional status, nutritional status, mood, \nmobility, comorbidity, medication, social support, and place of residence were \nassessed. Oncology data and treatment decisions were recorded before and after \nthis consultation. Data were analyzed for a possible correlation between one \ndomain of the assessment and modification of the treatment plan.', 'BACKGROUND: Older adults (OA) with advanced cancer (AC) undergoing phase I \nclinical trials (PICT) have poor prognosis. There are no studies which describe \nsymptoms experienced by OA.\nMETHODS: Retrospective chart review of PICT participants >60 years. OA were \ncompared by age (>65 vs 60-65) and by number of symptoms (>3 vs ≤3).\nRESULTS: N = 56. Mean age = 67.09; 48.21% female. Median life-expectancy = 5 \nmonths (interquartile range = 2-9 months); 80.36% had pain; of those 64% without \npain scale. Most did not have interdisciplinary professionals or hospice \nreferrals. Older adults with >3 symptoms had more admissions (37.5% vs 14.29%; P \n= .0335), complications (46.43% vs 16.07%; P = .0026), and greater decline in']",Proportionally fewer elderly patients with OPSCC are being treated than younger individuals. These patients can have significant benefits from aggressive treatments despite their older age as shown by our survival analysis. We recommend the use of objective measures to assess patient fitness to reduce the potential for undertreatment in the elderly population.,0.5
Can bisphosphonate treatment be stopped in a growing child with skeletal fragility?,"No, the provided context suggests that bisphosphonate treatment may not be stopped in a growing child with skeletal fragility. The case report presents a 2-year-old child with skeletal fragility who was treated with cyclical pamidronate therapy, which resulted in remodelling of vertebral fractures and improvement in bone mineral density (BMD). However, after stopping treatment, the child's BMD decreased precipitously within 24 months, and they suffered stress fractures. The report concludes that this case has led them to consider whether bisphosphonate therapy can be discontinued in a child with fragility fractures before their linear growth has ceased, implying that stopping treatment may not be advisable.","['Cyclical pamidronate therapy in a 2-year-old child with skeletal fragility \nresulted in remodelling of vertebral fractures and improvement in bone mineral \ndensity (BMD) at distal radial and spinal sites. The BMD at both sites decreased \nprecipitously within 24 months of stopping treatment, raising the question as to \nwhether bisphosphonates can be stopped in a growing child with skeletal \nfragility.\nINTRODUCTION: At age 23 months, a male toddler sustained a low trauma fracture \nof his right femur. Skeletal radiographs revealed generalised osteopenia with \nmultiple vertebral body fractures. He was diagnosed with type IV osteogenesis \nimperfecta; however, no mutations were found in COL1A1 or COL1A2 genes.\nMETHODS: This case report presents bone densitometry data before, during and', 'trabecular and distal radial vBMD; change in BMAD was less marked.\nCONCLUSION: The patient has been restarted on IV APD therapy. This case has led \nus to consider whether bisphosphonate therapy can be discontinued in a child \nwith fragility fractures before his/her linear growth has ceased?', 'METHODS: This case report presents bone densitometry data before, during and \nafter bisphosphonate treatment. Axial QCT was main outcome from 2 years of age; \nDXA and pQCT were taken after age 5.\nRESULTS: QCT confirmed that he had low spinal trabecular volumetric BMD (Z-score \n-2.4). After 4 years of treatment his vertebral fractures had been remodelled \nand all bone densitometry values (QCT, DXA and pQCT) were within normal range \nand therefore treatment was discontinued. Shortly after this he suffered stress \nfractures of his left mid tibia and at the sclerotic metaphyseal line \ncorresponding to his first APD treatment. He had marked reduction in spinal \ntrabecular and distal radial vBMD; change in BMAD was less marked.', 'BACKGROUND: Aromatase inhibitors (AIs) are an effective treatment for \npostmenopausal women with hormone receptor-positive breast cancer. However, \npatients receiving AIs report a higher incidence of musculoskeletal symptoms and \nbone fractures; the mechanism and risk factors for this correlation are not well \nstudied. The aim of this study was to correlate these musculoskeletal symptoms \nand bone fractures in patients receiving AIs with bone mineral density (BMD), \nprevious tamoxifen use, and administration of calcium/bisphosphonate (Ca/Bis).\nPATIENTS AND METHODS: We reviewed charts of 856 patients with hormone \nreceptor-positive nonmetastatic breast cancer seen at our institution between \nJanuary 1999 and October 2007. A total of 316 patients met the inclusion', 'BACKGROUND: In this study, we aimed to evaluate the potential use of a 3-phase \nbone scintigraphy method to determine the level of amputation on treatment cost, \nmorbidity and mortality, reamputation rates, and the duration of hospitalization \nin diabetic foot.\nMETHODS: Thirty patients who were admitted to our clinic between September 2008 \nand July 2009, with diabetic foot were included. All patients were evaluated \naccording to age, gender, diabetes duration, 3-phase bone scintigraphy, Doppler \nultrasound, amputation/reamputation levels, and hospitalization periods. \nPatients underwent 3-phase bone scintigraphy using technetium-99m methylene \ndiphosphonate, and the most distal site of the region displaying perfusion']",The patient has been restarted on IV APD therapy. This case has led us to consider whether bisphosphonate therapy can be discontinued in a child with fragility fractures before his/her linear growth has ceased?,1.0
Do Web-based and clinic samples of gay men living with HIV differ on self-reported physical and psychological symptoms?,"Yes, the Web-based and clinic samples of gay men living with HIV differ on self-reported symptoms. The Web-based sample had worse mean psychological symptom burden (mean scores: 1.61, SD 1.09) compared to the clinic sample (mean scores: 1.36, SD 0.96), but they had similar physical symptom burden (mean scores: 0.78, SD 0.65 vs 0.70, SD 0.74).","['BACKGROUND: Although the Internet is commonly used to recruit samples in studies \nof human immunodeficiency virus (HIV)-related risk behaviors, it has not been \nused to measure patient-reported well-being. As the burden of long-term chronic \nHIV infection rises, the Internet may offer enormous potential for recruitment \nto research and interventions.\nOBJECTIVE: This study aimed to compare two samples of gay men living with HIV, \none recruited via the Web and the other recruited in outpatient settings, in \nterms of self-reported physical and psychological symptom burden.\nMETHODS: The Internet sample was recruited from a UK-wide Web-based survey of \ngay men with diagnosed HIV. Of these, 154 respondents identified themselves as', 'gay men with diagnosed HIV. Of these, 154 respondents identified themselves as \nresident in London and were included in this analysis. The HIV clinic sample was \nrecruited from five HIV outpatient clinics. Of these participants, 400 gay men \nrecruited in London clinics were included in this analysis.\nRESULTS: The Web-based sample was younger than the clinic sample (37.3 years, SD \n7.0 vs 40.9 years, SD 8.3), more likely to be in paid employment (72.8%, 99/136 \nvs 60.1%, 227/378), less likely to be on antiretroviral therapy (ART) (58.4%, \n90/154 vs 68.0%, 266/391), and had worse mean psychological symptom burden \ncompared to the clinic sample (mean scores: 1.61, SD 1.09 vs 1.36, SD 0.96) but \nsimilar physical symptom burden (mean scores: 0.78, SD 0.65 vs 0.70, SD 0.74).', 'individual.\nRESULTS: At least one sexual behaviour questionnaire was obtained for 6545 \nHIV-infected individuals and the median number of questionnaires completed per \nindividual was five. There was no evidence of an increase in reported unsafe sex \nover time in this population [odds ratio (OR), 1.0; 95% confidence interval \n(CI), 0.96-1.05]. Females (OR, 1.38; 95% CI, 1.19-1.60), 15-30 year olds (OR, \n1.26; 95% CI, 1.09-1.47), those with HIV-positive partners (OR, 12.58; 95% CI, \n10.84-14.07) and those with occasional partners (OR, 3.25; 95% CI, 2.87-3.67) \nwere more likely to report unsafe sex. There was no evidence of a response bias \nover time, but individuals were less willing to leave questions about their \nsexual behaviour unanswered or ambiguous (OR, 0.93; 95% CI, 0.90-0.97).', 'BACKGROUND: The number of new diagnoses of HIV infection is rising in the \nnorthwestern hemisphere and it is becoming increasingly important to understand \nthe mechanisms behind this trend.\nOBJECTIVE: To evaluate whether reported unsafe sexual behaviour among HIV- \ninfected individuals is changing over time.\nDESIGN: Participants in the Swiss HIV Cohort Study were asked about their sexual \npractices every 6 months for 3 years during regular follow-up of the cohort \nbeginning on 1 April 2000.\nMETHODS: : Logistic regression models were fit using generalized estimating \nequations assuming a constant correlation between responses from the same \nindividual.\nRESULTS: At least one sexual behaviour questionnaire was obtained for 6545', 'consult an expert in STDs (yes, no), 2 x 2 x 3 x 2 x 2. The importance and \ninteractions of each factor were determined, at the group level, by performing \nanalyses of variance and constructing graphs.\nRESULTS: The concept of breaching confidentiality to protect a wife from her \nhusband\'s STD was favoured much more by lay people and psychologists than by \nphysicians (mean ratings 11.76, 9.28 and 2.90, respectively, on a scale of \n0-22). The patient\'s stated intentions to protect his wife and to inform her of \nthe disease had the greatest impact on acceptability. A cluster analysis showed \ngroups of lay participants who found breaching confidentiality ""always \nacceptable"" (n = 14), ""depending on the many circumstances"" (n = 87), requiring']","Our data have revealed a number of differences. Compared to the clinic sample, the Web-based sample had worse psychological symptom burden, younger average age, higher prevalence of employment, and a lower proportion on ART. For future research, we recommend that Web-based data collection should include the demographic variables that we note differed between samples. In addition, we recognize that each recruitment method may bring inherent sampling bias, with clinic populations differing by geographical location and reflecting those accessing regular medical care, and Web-based sampling recruiting those with greater Internet access and identifying survey materials through specific searches and contact with specific websites.",1.0
Can implant retention be recommended for treatment of infected TKA?,"No, implant retention cannot be recommended as the primary treatment for infected TKA based on the provided context. The infection control rate was significantly lower in the retention group (31% after initial surgical treatment and 81% at latest follow-up) compared to the removal group (59% after initial surgical treatment and 91% at latest follow-up). The study suggests that treatment type (retention versus removal) was the only factor associated with infection control, indicating that implant removal and two-stage revision surgery may be a more effective treatment approach for infected TKA.","['BACKGROUND: Retention treatment is reportedly associated with lower infection \ncontrol rates than two-stage revision. However, the studies on which this \npresumption are based depend on comparisons of historical rather than concurrent \ncontrols.\nQUESTIONS/PURPOSES: We (1) asked whether the infection control rates, number of \nadditional procedures, length of hospital stay, and treatment duration differed \nbetween implant retention and two-stage revision treatment; and (2) identified \nrisk factors that can contribute to failure of infection control.\nMETHODS: We reviewed the records of 60 patients treated for 64 infected TKA from \n2002 to 2007. Twenty-eight patients (32 knees) underwent débridement with \nretention of component, and 32 patients (32 knees) were treated with component', ""retention of component, and 32 patients (32 knees) were treated with component \nremoval and two-stage revision surgery. We determined patients' demographics, \ntype of infection, causative organisms, and outcome of treatment. Mean followup \nwas 36 months (range, 12-84 months).\nRESULTS: Infection control rate was 31% in retention and 59% in the removal \ngroup after initial surgical treatment, and 81% and 91% at latest followup, \nrespectively. Treatment duration was shorter in the retention group and there \nwas no difference in number of additional surgeries and length of hospital stay. \nType of treatment (retention versus removal) was the only factor associated with \ninfection control; subgroup analysis in the retention group showed"", 'proximal and to distal PCL footprint was found to be 22 ± 4.4 and 16 ± 4.4 mm, \nrespectively. Five knees were considered at 50% risk of an entire PCL removal \nafter CR TKA.\nCONCLUSIONS: Current surgical techniques of tibial preparation may result in \npartial or total PCL damage. Tibial tuberosity is a useful anatomical landmark \nto locate the PCL footprint and to predict the probability of its detachment \npre-, intra-, and postoperatively. This knowledge might be useful to predict and \navoid instability, consecutive pain, and dissatisfaction after TKA related to \nPCL insufficiency.\nLEVEL OF EVIDENCE: III.', 'groups. In physical performance, both groups resulted in improvement in the \n6-min walk test, and only TKA group showed enhancement in stair climbing test.\nCONCLUSIONS: Although theoretically plausible, bicompartmental knee arthroplasty \nwas not superior in knee muscle strength and physical performance at 1 year \ncompared with total knee arthroplasty.', 'PURPOSE: Reconstruction of the joint line is crucial in total knee arthroplasty \n(TKA). A routine height of tibial cut to maintain the natural joint line may \ncompromise the preservation of the PCL. Since the PCL footprint is not \naccessible prior to tibial osteotomy, it seems beneficial to identify a reliable \nextraarticular anatomic landmark for predicting the PCL footprint and being \nvisible within standard TKA approach. The fibula head predicts reliably the \nlocation of PCL footprint; however, it is not accessible during TKA. The aim of \nthis study now was to analyze whether the tibial tuberosity can serve as a \nreliable referencing landmark to estimate the PCL footprint height prior to \ntibial cut.\nMETHODS: The first consecutive case series included 216 CR TKA. Standing']","Although initial infection control rate was substantially lower in the retention group than the removal group, final results were comparable at latest followup. We believe retention treatment can be selectively considered for non-S. aureus infection, and when applied in selected patients, polyethylene exchange should be performed.",1.0
Does solid culture for tuberculosis influence clinical decision making in India?,"According to the provided context, specifically Document(id='e892768a-2a0d-5479-9e97-25bbc4e666ed') and Document(id='0c3456ac-f414-5f19-b87c-161c5251570d'), solid culture for tuberculosis does influence clinical decision making in India, but to a limited extent. The study found that out of 150 culture-positive patients, treatment was modified in only 4 patients (3.4%) based on drug susceptibility testing (DST) results. Additionally, it was estimated that 150 cultures need to be tested for one treatment modification. This suggests that while solid culture can inform clinical decision making, its impact is relatively small, and its widespread application may need to be balanced against its costs.","['SETTING: Medical units at an academic tertiary referral hospital in Southern \nIndia.\nOBJECTIVE: To investigate the impact of solid culture on Löwenstein-Jensen \nmedium on clinical decision making.\nDESIGN: In a retrospective review of 150 culture-positive and 150 \nculture-negative consecutively sampled tuberculosis (TB) suspects, treatment \ndecisions were analysed at presentation, after the availability of culture \ndetection results and after the availability of drug susceptibility testing \n(DST) culture results.\nRESULTS: A total of 124 (82.7%) culture-positive patients and 35 (23.3%) \nculture-negative patients started anti-tuberculosis treatment prior to receiving \ntheir culture results; 101 patients (33.7%) returned for their results; two', 'their culture results; 101 patients (33.7%) returned for their results; two \n(1.3%) initiated treatment based on positive culture and no culture-negative \npatients discontinued treatment. DST was performed on 119 (79.3%) positive \ncultures: 30 (25.2%) showed any resistance, eight (6.7%) showed multidrug \nresistance and one (0.84%) showed extensively drug-resistant TB. Twenty-eight \npatients (23.5%) returned for their DST results. Based on DST, treatment was \nmodified in four patients (3.4%).\nCONCLUSION: Using solid culture, 150 cultures need to be tested for one \ntreatment modification and 30 for DST. The cost of the widespread application of \nculture will need to be balanced against its impact on treatment decisions in \nIndia.', 'predictive value of 99.68% (95%CI: 98.20%-99.99%).\nCONCLUSIONS: This testing method may provide a useful strategy for conducting \nHIV surveillance in possible co-infected TB patients at peripheral centres. \nSince there is no investment on infrastructure, it may be possible for \nparamedical health professionals to carry out the test, particularly in areas \nwith low HIV endemicity.', ""BACKGROUND: Tuberculosis (TB) patients face numerous difficulties adhering to \nthe long-term, rigorous TB treatment regimen. Findings on TB patients' treatment \nadherence vary across existing literature and official reports. The present \nstudy attempted to determine the actual treatment adherence of new TB patients \nand to identify factors leading to non-adherence.\nMETHODS: A prospective cohort of 481 newly confirmed TB patients from three \ncounties in western China were enrolled during June to December 2012 and was \nfollowed until June 2013. Patients who missed at least one dose of drugs or one \nfollow-up re-examination during the treatment course were deemed as \nnon-adherent. Influencing factors were identified using a logistic regression \nmodel."", 'OBJECTIVE: To determine whether the OraQuick® HIV-1/2 Assay (OraSure \nTechnologies, Inc., Bethlehem, PA, USA) in sputum is a valid tool for HIV \nsurveillance among TB patients.\nMETHODS: A cross sectional study was carried out on sputa of patients diagnosed \nwith tuberculosis. Sputa were tested for antibodies to HIV using OraQuick® \nHIV-1/2 Assay (OraSure Technologies, Inc., Bethlehem, PA, USA). The results were \ncompared with results of serum ELISA.\nRESULTS: Compared to serum ELISA, the OraQuick® HIV-1/2 Assay in sputum \nspecimens reported 90% sensitivity (9/10) and 100% specificity (307/307), with a \npositive predictive value of 100% (95%CI: 66.37%-100.00%) and a negative \npredictive value of 99.68% (95%CI: 98.20%-99.99%).']","Using solid culture, 150 cultures need to be tested for one treatment modification and 30 for DST. The cost of the widespread application of culture will need to be balanced against its impact on treatment decisions in India.",0.8333333333333334
Does vaginal intraepithelial neoplasia have the same evolution as cervical intraepithelial neoplasia?,"According to the provided context, the study suggests that vaginal intraepithelial neoplasia (VAIN) and cervical intraepithelial neoplasia (CIN) may have some common features in certain cases, particularly if an HPV infection is proved. However, the study does not conclusively state that VAIN has the same evolution as CIN.

The context states: ""These data suggest that CIN and VAIN may have some common features in certain cases, i.e., if an HPV infection is proved."" (Document id='49863bab-e871-54eb-92b9-0e644846eece')

Additionally, the study found that in patients with mild vaginal lesions, mild cervical lesions were significantly more frequent than severe cervical lesions, and in patients with ""active"" vaginal lesions, the rate of ""active"" cervical lesions was significantly higher than ""non active"" cervical lesions. (Document id='14faf4f6-18d5-55ce-9180-10623a5cb515')

Therefore, based on the provided context, it can be concluded that while VAIN and CIN may share some common features, the study does not provide sufficient evidence to confirm that they have the same evolution.","['BACKGROUND: Vaginal intraepithelial neoplasia is a little known disease which \ncould be related to risk factors different from simple HPV infections.\nOBJECTIVE: To ascertain wheter vaginal lesions have a natural history similar to \ncervical lesions.\nMATERIALS & METHODS: A retrospective study to identify patients with vaginal \nlesions and synchronous cervical lesions through biopsy. The rate of mild \ncervical lesions (koilocytosis, warts, CIN I with and without koilocytosis) was \ncompared with the rate of severe cervical lesions (CIN II and III, cervical \ncarcinoma) in patients with mild vaginal lesions (warts and koilocytosis, and \nlow-grade VAIN) and in patients with severe vaginal lesions (high-grade VAIN). \nUsing koilocytosis as a marker, the rate of ""active"" cervical lesions was', 'cervical lesions and severe cervical lesions among patients with high-grade VAIN \nand low-grade VAIN (with and without koilocytosis) were not significant.\nCONCLUSION: These data suggest that CIN and VAIN may have some common features \nin certain cases, i.e., if an HPV infection is proved.', 'Using koilocytosis as a marker, the rate of ""active"" cervical lesions was \ncompared with the rate of ""non active"" cervical lesions in patients with \n""active"" versus ""non active"" vaginal lesions. Finally, the rates of mild and \nsevere cervical lesions were compared among each group of VAIN (low-grade, \nhigh-grade, with or without koilocytosis).\nRESULTS: In patients with mild vaginal lesions, mild cervical lesions were \nsignificantly more frequent than severe cervical lesions. In patients with \n""active"" vaginal lesions the rate of ""active"" cervical lesions was significantly \nhigher than ""non active"" cervical lesions. The differences in rates of mild \ncervical lesions and severe cervical lesions among patients with high-grade VAIN', ""OBJECTIVE: Updated guidelines for the screening and management of cervical \ncancer in the United States recommend starting Papanicolaou (Pap) testing at age \n21 and screening less frequently with less aggressive management for \nabnormalities. We sought to examine updated Pap test screening guidelines and \nhow they may affect the detection of invasive cervical cancer, especially among \nwomen <30 years of age.\nMATERIALS AND METHODS: Patients diagnosed at Brigham and Women's Hospital with \ninvasive cervical cancer between 2002 and 2012 were retrospectively identified. \nPrior screening history was obtained and patients were divided into two groups \nbased on age <30 years or age ≥30 years. The two groups were then compared with"", 'recurrence in pelvic wall, and 39 patients (13.8%) had recurrence in lymph \nnodes. One-hundred twenty-eight patients (45.3%) showed a distant relapse, \nwhereas 15 patients (5.3%) developed both distant relapse and local relapse. The \nsite of relapse influenced survival because the patients with vaginal vault \nrecurrences lived significantly longer than the patients with recurrences in \nother sites. Eighty (28.4%) of the 282 patients became symptomatic and \nanticipated the scheduled visit, 37 (13.1 %) of the patients reported their \nsymptoms during the follow-up meeting, and 165 (58.5 %) of the patients were \nasymptomatic and the diagnostic path was introduced by a planned visit or \nexamination. Among the asymptomatic patients, the first procedure that led to']","These data suggest that CIN and VAIN may have some common features in certain cases, i.e., if an HPV infection is proved.",1.0
Are opioid dependence and methadone maintenance treatment (MMT) documented in the medical record?,"According to the provided context, opioid dependence documentation was missing from the medical record in 30% (95% CI, 20%-41%) of the study subjects, and MMT documentation was missing from either the last primary care note or the last hospital discharge summary in 11% (95% CI, 5%-19%) of the study subjects. This suggests that while documentation of opioid dependence and MMT occurs for the majority of patients, it is missing in a substantial number of patients. (Document id: 43efe821-0ab4-56f2-a5ff-0e456fead2c8)","['19% had 3 or more potentially interacting medications.\nCONCLUSION: Among patients receiving MMT and medical care at different sites, \ndocumentation of opioid dependence and MMT in the medical record occurs for the \nmajority, but is missing in a substantial number of patients. Most of these \npatients are prescribed medications that potentially interact with methadone. \nThis study highlights opportunities for improved coordination between medical \ncare and MMT.', 'BACKGROUND: Opioid-dependent patients often have co-occurring chronic illnesses \nrequiring medications that interact with methadone. Methadone maintenance \ntreatment (MMT) is typically provided separately from medical care. Hence, \ncoordination of medical care and substance use treatment is important to \npreserve patient safety.\nOBJECTIVE: To identify potential safety risks among MMT patients engaged in \nmedical care by evaluating the frequency that opioid dependence and MMT \ndocumentation are missing in medical records and characterizing potential \nmedication-methadone interactions.\nMETHODS: Among patients from a methadone clinic who received primary care from \nan affiliated, but separate, medical center, we reviewed electronic medical', 'an affiliated, but separate, medical center, we reviewed electronic medical \nrecords for documentation of methadone, opioid dependence, and potential \ndrug-methadone interactions. The proportions of medical records without opioid \ndependence and methadone documentation were estimated and potential \nmedication-methadone interactions were identified.\nRESULTS: Among the study subjects (n = 84), opioid dependence documentation was \nmissing from the medical record in 30% (95% CI, 20%-41%) and MMT documentation \nwas missing from either the last primary care note or the last hospital \ndischarge summary in 11% (95% CI, 5%-19%). Sixty-nine percent of the study \nsubjects had at least 1 medication that potentially interacted with methadone; \n19% had 3 or more potentially interacting medications.', 'was based on validated pain scores (VAS and COMFORT behaviour), applied by \nprotocol. Cumulative opioid doses at 12, 24, 48 h and 7 days postoperatively \nwere compared between groups with the Mann-Whitney test.\nRESULTS: The study group consisted of 24 MAS patients (14 EA; 10 CDH). These \nwere matched to 48 control patients (28 EA; 20 CDH). At none of the time points \ncumulative opioid (median in mg/kg (IQR)) doses significantly differed between \nMAS patients and controls, both with CDH and EA. For example at 24 h \npostoperative for CDH patients cumulative opioid doses were [0.84(0.61-1.83) MAS \nvs. 1.06(0.60-1.36) p=1.0] controls, For EA patients at 24 h the cumulative \nopioid doses were [0.48(0.30-0.75) MAS vs. 0.49(0.35-0.79) p=0.83] controls.', 'METHODS: This was a pilot observational study with 18 inpatients with advanced \ndisease and refractory breathlessness receiving opioid PCT. Breathlessness was \nmeasured on a self-reported numeric rating scale. Richmond Agitation Sedation \nScale scores, Palliative Performance Scale scores, vital signs, and a \nself-developed patient satisfaction questionnaire were used for measuring \nsecondary outcomes. Descriptive and interference analyses (Friedman test) and \npost hoc analyses (Wilcoxon tests and Bonferroni corrections) were performed.\nRESULTS: Eighteen of 815 patients (advanced cancer; median age\xa0=\xa057.5\xa0years \n[range 36-81]; 77.8% female) received breathlessness symptom control with opioid \nPCT; daily morphine equivalent dose at Day 1 was median\xa0=\xa020.3\xa0mg (5.0-49.6\xa0mg);']","Among patients receiving MMT and medical care at different sites, documentation of opioid dependence and MMT in the medical record occurs for the majority, but is missing in a substantial number of patients. Most of these patients are prescribed medications that potentially interact with methadone. This study highlights opportunities for improved coordination between medical care and MMT.",0.8
Empiric treatment of uncomplicated urinary tract infection with fluoroquinolones in older women in Israel: another lost treatment option?,"Yes, empiric treatment of uncomplicated urinary tract infection with fluoroquinolones in older women in Israel may be another lost treatment option. The resistance rates of Escherichia coli to fluoroquinolones were found to be 19.86% (95% CI 13.2 to 26.5) among women aged 56-75 years, which exceeds the recommended threshold of 10-20%. Therefore, physicians should consider prescribing alternative antibiotics for empiric treatment of UTI in postmenopausal women.","['BACKGROUND: Current guidelines for the treatment of uncomplicated urinary tract \ninfection (UTI) in women recommend empiric therapy with antibiotics for which \nlocal resistance rates do not exceed 10-20%. We hypothesized that resistance \nrates of Escherichia coli to fluoroquinolones may have surpassed this level in \nolder women in the Israeli community setting.\nOBJECTIVES: To identify age groups of women in which fluoroquinolones may no \nlonger be appropriate for empiric treatment of UTI.\nMETHODS: Resistance rates for ofloxacin were calculated for all cases of \nuncomplicated UTI diagnosed during the first 5 months of 2005 in a managed care \norganization (MCO) in Israel, in community-dwelling women aged 41-75 years. The', 'women aged 51-55 years (7.1%; 95% CI 3.4 to 10.9), and reached 19.86% (95% CI \n13.2 to 26.5) among the oldest women (aged 56-75 y).\nCONCLUSIONS: Physicians who opt to treat UTI in postmenopausal women empirically \nshould consider prescribing drugs other than fluoroquinolones. Concomitant \nlongitudinal surveillance of both antibiotic utilization patterns and \nuropathogen resistance rates should become routine practice in this managed-care \norganization.', 'organization (MCO) in Israel, in community-dwelling women aged 41-75 years. The \nwomen were without risk factors for fluoroquinolone resistance. Uncomplicated \nUTI was diagnosed with a urine culture positive for E. coli. The data set was \nstratified for age, using 5 year intervals, and stratum-specific resistance \nrates (% and 95% CI) were calculated. These data were analyzed to identify age \ngroups in which resistance rates have surpassed 10%.\nRESULTS: The data from 1291 urine cultures were included. The crude resistance \nrate to ofloxacin was 8.7% (95% CI 7.4 to 10.2). Resistance was lowest among the \nyoungest (aged 41-50 y) women (3.2%; 95% CI 1.11 to 5.18), approached 10% in \nwomen aged 51-55 years (7.1%; 95% CI 3.4 to 10.9), and reached 19.86% (95% CI', 'AIM: Pediatric surgeons frequently encounter children presenting with voiding \ndysfunction symptoms, including urgency, frequency, and incontinence. \nAntimuscarinic agents Oxybutynin) are the main drugs used to treat patients with \noveractive bladder (OAB) syndrome, defined as urgency, with or without urgency \nincontinence, usually with increased daytime frequency and nocturia. Increased \nQT dispersion is known to be the cause of ventricular arrhythmia in various \nsystemic diseases and leads to increased mortality and morbidity.\nMETHOD: This study represents a subset of a complete data set, considering only \nthose children aged admitted to the Pediatric Surgery and Pediatric Nephrology \nClinics during the period January 2011 to July 2012.', 'of cases and the index expert agreed with his previous assessments in 71% of \ncases.\nCONCLUSIONS: Doctors specialized in infectious diseases and clinical \nmicrobiology assess the appropriateness of antimicrobials prescribed for a broad \nspectrum of indications with acceptable agreement and validity, regardless of \ntheir experience or hospital of employment. However, there is room for \nimprovement, which merits attention in multidisciplinary discussions and \neducation.\n© The Author 2016. Published by Oxford University Press on behalf of the British \nSociety for Antimicrobial Chemotherapy. All rights reserved. For Permissions, \nplease e-mail: journals.permissions@oup.com.']",Physicians who opt to treat UTI in postmenopausal women empirically should consider prescribing drugs other than fluoroquinolones. Concomitant longitudinal surveillance of both antibiotic utilization patterns and uropathogen resistance rates should become routine practice in this managed-care organization.,1.0
"Are lifetime prevalence of impetigo, molluscum and herpes infection really increased in children having atopic dermatitis?","According to the provided context, specifically Document(id='7a463456-a934-5cd6-85ba-538ed436a182') and Document(id='84c6bcd8-d148-5c2c-a299-801825ffe2c7'), the lifetime prevalence of impetigo contagiosum (IC) is indeed higher in children with atopic dermatitis (AD). The study found that the odds of having a history of IC were 1.8 times higher in AD children than in non-AD children.

However, the study did not find a significant correlation between a history of molluscum contagiosum (MC) and atopic dermatitis (AD), although MC was correlated with male gender. 

Regarding herpes virus infection (HI), the study found no correlated factors, including atopic dermatitis.

Therefore, based on the evidence, the lifetime prevalence of impetigo is increased in children with atopic dermatitis, but there is no significant association found for molluscum and herpes infection.","[""BACKGROUND: Cutaneous infections such as impetigo contagiosum (IC), molluscum \ncontagiosum (MC) and herpes virus infection (HI) appear to be associated with \natopic dermatitis (AD), but there are no reports of concrete epidemiological \nevidence.\nOBJECTIVE: We evaluated the association of childhood AD with these infections by \nconducting a population-based cross-sectional study.\nMETHODS: Enrolled in this study were 1117 children aged 0-6 years old attending \nnursery schools in Ishigaki City, Okinawa Prefecture, Japan. Physical \nexamination was performed by dermatologists, and a questionnaire was completed \non each child's history of allergic diseases including AD, asthma, allergic \nrhinitis and egg allergy, and that of skin infections including IC, MC and HI,"", 'BACKGROUND: Skin diseases are the most frequently recognized occupational \ndiseases in Denmark. The prognosis for occupational contact dermatitis is often \npoor.\nOBJECTIVES: To investigate the prognosis, assessed by eczema, job status and \nskin-related quality of life, among patients allergic to rubber chemicals and \nlatex (ubiquitous allergens) and epoxy (nonubiquitous allergen), 2\xa0years after \nrecognition of occupational allergic contact dermatitis.\nMETHODS: From a cohort of all patients recognized as having occupational \ndermatitis by the Danish National Board of Industrial Injuries in 2010, 199 \npatients with relevant rubber allergy (contact allergy to rubber chemicals or \ncontact urticaria from latex) or epoxy allergy were identified. Follow-up', 'contact urticaria from latex) or epoxy allergy were identified. Follow-up \nconsisted of a questionnaire covering current severity of eczema, employment, \nexposure and quality of life.\nRESULTS: The response rate was 75%. Clearance of eczema was reported by 11% of \npatients and 67% reported improvement. Overall 22% of patients with allergy to a \nnonubiquitous allergen had total clearance of eczema compared with 10% of cases \nallergic to ubiquitous allergens and 0% of those with contact urticaria \n(P\xa0=\xa00·116). Improvement was significantly more frequent in those who had \nchanged jobs compared with those who had not (P\xa0=\xa00·01).\nCONCLUSIONS: At follow-up, patients with contact urticaria had significantly \npoorer prognosis than those with contact allergy, and there was a trend towards', ""Stepwise multiple logistic regression was used to calculate the odds ratio (OR) \nand 95% confidence interval (95% CI) adjusted for potential confounders. Total \nPSV, subgroups (47 Wegener's granulomatosis [WG], 12 microscopic polyangiitis, \n16 Churg-Strauss syndrome [CSS]), and antineutrophil cytoplasmic antibody \n(ANCA)-positive cases were compared with control groups.\nRESULTS: Farming in the index year was significantly associated with PSV (OR 2.3 \n[95% CI 1.2-4.6]), with WG (2.7 [1.2-5.8]), with MPA (6.3 [1.9-21.6]), and with \nperinuclear ANCA (pANCA) (4.3 [1.5-12.7]). Farming during working lifetime was \nassociated with PSV (2.2 [1.2-3.8]) and with WG (2.7 [1.3-5.7]). Significant \nassociations were found for high occupational silica exposure in the index year"", 'rhinitis and egg allergy, and that of skin infections including IC, MC and HI, \nas well as familial history of AD.\nRESULTS: In 913 children (AD; 132), a history of IC, MC or HI was observed in \n45.1%, 19.7%, and 2.5%, respectively. Multiple logistic regression analysis \nrevealed that the odds of having a history of IC were 1.8 times higher in AD \nchildren than in non-AD children. Meanwhile, a history of MC was significantly \ncorrelated to the male gender, but not to a personal history of AD. As for HI, \nwe found no correlated factors in this study.\nCONCLUSIONS: The lifetime prevalence of IC was indeed higher in young children \nwith a history of AD.']",The lifetime prevalence of IC was indeed higher in young children with a history of AD.,0.8571428571428571
Does the severity of obstructive sleep apnea predict patients requiring high continuous positive airway pressure?,"Yes, the severity of obstructive sleep apnea (OSA) is a predictor of patients requiring high continuous positive airway pressure (CPAP). According to the study, high CPAP was required in 2 (6.9%), 6 (5.8%), and 63 (28.6%) patients with mild, moderate, and severe OSA, respectively. On logistic regression, the use of high CPAP was 5.90 times more frequent (95% confidence interval 2.67-13.1) in severe OSA patients after adjustment for other variables. This suggests that severe OSA patients are more likely to need high CPAP levels.","['STUDY OBJECTIVES: To investigate polysomnographic and anthropomorphic factors \npredicting need of high optimal continuous positive airway pressure (CPAP).\nDESIGN: Retrospective data analysis.\nPATIENTS: Three hundred fifty-three consecutive obstructive sleep apnea (OSA) \npatients who had a successful manual CPAP titration in our sleep disorders unit.\nMEASUREMENTS AND RESULTS: The mean optimal CPAP was 9.5 +/- 2.4 cm H2O. The \noptimal CPAP pressure increases with an increase in OSA severity from 7.79 +/- \n2.2 in the mild, to 8.7 +/- 1.8 in the moderate, and to 10.1 +/- 2.3 cm H2O in \nthe severe OSA group. A high CPAP was defined as the mean + 1 standard deviation \n(SD; > or =12 cm H2O). The predictor variables included apnea-hypopnea index', '(SD; > or =12 cm H2O). The predictor variables included apnea-hypopnea index \n(AHI), age, sex, body mass index (BMI), Epworth Sleepiness Scale (ESS), and the \nMultiple Sleep Latency Test (MSLT). High CPAP was required in 2 (6.9%), 6 \n(5.8%), and 63 (28.6%) patients with mild, moderate, and severe OSA, \nrespectively. On univariate analysis, AHI, BMI, ESS score, and the proportion of \nmales were significantly higher in those needing high CPAP. They also have a \nlower MSLT mean. On logistic regression, the use of high CPAP was 5.90 times \nmore frequent (95% confidence interval 2.67-13.1) in severe OSA patients after \nadjustment for the other variables. The area under the receiver operator curve \nwas 72.4%, showing that the model was adequate.', 'BACKGROUND: The recent literature shows an increased incidence of obstructive \nsleep apnea (OSA) in patients with idiopathic pulmonary fibrosis (IPF). On the \nother hand, there are no published studies related to continuous positive airway \npressure (CPAP) treatment in this patient group. Our aim was to assess the \neffect of CPAP on sleep and overall life quality parameters in IPF patients with \nOSA and to recognize and overcome possible difficulties in CPAP initiation and \nacceptance by these patients.\nMETHODS: Twelve patients (ten males and two females, age 67.1\u2009±\u20097.2\xa0years) with \nnewly diagnosed IPF and moderate to severe OSA, confirmed by overnight attended \npolysomnography, were included. Therapy with CPAP was initiated after a formal', 'PURPOSE: The pressures delivered by autotitrating continuous positive airways \npressure (CPAP) devices not only treat obstructive sleep apnoea (OSA) \neffectively but also give potentially interesting physiological information \nabout the forces impinging on the pharynx. In earlier work from this unit, we \nused correlations between autoCPAP pressure and both OSA severity and obesity, \nto construct an algorithm to estimate the fixed CPAP pressure a patient required \nfor subsequent clinical use. We wished to discover if these relationships could \nbe reliably extended to a much more obese group.\nMETHODS: We performed a prospective cohort study in an obese population. \nMeasurements of obesity were made, OSA severity was recorded, and the 95th', 'was 72.4%, showing that the model was adequate.\nCONCLUSIONS: Severe OSA patients are much more likely to need high CPAP levels. \nHowever, because of the low positive predictive value (only 28.6%), the clinical \nvalue of such information is limited. ESS and MSLT did not increase the \npredictive value for the need for high CPAP.']","Severe OSA patients are much more likely to need high CPAP levels. However, because of the low positive predictive value (only 28.6%), the clinical value of such information is limited. ESS and MSLT did not increase the predictive value for the need for high CPAP.",1.0
Does the familial transmission of drinking patterns persist into young adulthood?,"Yes, the familial transmission of drinking patterns persists into young adulthood, but the relationship is complex and exhibits non-linear trends. According to the study, changes in the lower part of the familial drinking distribution are strongly related to drinking in young adults, but the actual levels of drinking in drinking families appear less important in shaping the drinking patterns of the offspring in young adulthood (Document id='ae168394-5e8e-530b-ac4a-bd80ae75911b' and id='0ae950f8-02e5-5e6e-bb48-18e7c24b44db').","['young adulthood was gathered from LNU 2010. Drinking among offspring, parents \nand potential stepparents was measured through identical quantity-frequency \nindices referring to the past 12 months in 2010 and 2000 respectively.\nRESULTS: Young adults whose families were abstainers in 2000 drank substantially \nless across quintiles in 2010 than offspring of non-abstaining families. The \ndifference, however, was not statistically significant between quintiles of the \nconditional distribution. Actual drinking levels in drinking families were not \nat all or weakly associated with drinking in offspring. Supplementary analyses \nconfirmed these patterns.\nCONCLUSION: The association between familial drinking and offspring drinking in', 'BACKGROUND: Parental drinking has been shown to be associated with offspring \ndrinking. However, the relationship appears to be more complex than often \nassumed and few studies have tracked it over longer time periods.\nAIMS: To explore the long-term (10-year) transmission of familial drinking \nduring adolescence to offspring drinking patterns in young adulthood.\nDESIGN: Swedish longitudinal study, assessing the relationship between familial \ndrinking in 2000 and offspring drinking in 2010 using simultaneous quantile \nregression analysis (n=744).\nDATA: Data on familial drinking was gathered from the Swedish level-of-living \nsurveys (LNU) and from partner LNU in 2000 while data on offspring drinking in \nyoung adulthood was gathered from LNU 2010. Drinking among offspring, parents', 'CONCLUSION: The association between familial drinking and offspring drinking in \nyoung adulthood exhibits clear non-linear trends. Changes in the lower part of \nthe familial drinking distribution are strongly related to drinking in young \nadults, but the actual levels of drinking in drinking families appear less \nimportant in shaping the drinking patterns of the offspring in young adulthood.', 'PURPOSE: To explore the extent to which parent-adolescent emotional closeness, \nfamily conflict, and parental permissiveness moderate the association of puberty \nand alcohol use in adolescents (aged 10-14).\nMETHODS: Cross-sectional survey of 7631 adolescents from 231 Australian schools. \nMeasures included pubertal status, recent (30day) alcohol use, parent-adolescent \nemotional closeness, family conflict, parental permissiveness of alcohol use and \npeer alcohol use. The analysis was based on a two-level (individuals nested \nwithin schools) logistic regression model, with main effects entered first, and \ninteraction terms added second.\nRESULTS: The interaction of family factors and pubertal stage did not improve \nthe fit of the model, so a main effect model of family factors and pubertal', 'the fit of the model, so a main effect model of family factors and pubertal \nstage was adopted. There were significant main effects for pubertal stage with \nboys in middle puberty at increased odds of alcohol use, and girls in advanced \npuberty at increased odds of alcohol use.\nCONCLUSIONS: Puberty and family factors were strong predictors of adolescent \nalcohol use, but family factors did not account for variation in the association \nof pubertal stage and alcohol use.']","The association between familial drinking and offspring drinking in young adulthood exhibits clear non-linear trends. Changes in the lower part of the familial drinking distribution are strongly related to drinking in young adults, but the actual levels of drinking in drinking families appear less important in shaping the drinking patterns of the offspring in young adulthood.",1.0
Does limb-salvage surgery offer patients better quality of life and functional capacity than amputation?,"According to the provided context, limb-salvage surgery offers better gait efficiency and return to normal living compared to above-knee amputation. However, it does not improve the patient's perception of quality of life. This is based on the study that compared functional status and quality of life for patients treated with above-knee amputation versus limb-salvage surgery, which found that patients undergoing limb-salvage surgery had superior Physiological Cost Index scores and Reintegration to Normal Living Index, but similar Toronto Extremity Salvage scores and SF-36 scores compared to those having above-knee amputation. (Document id: facf2c63-88b8-5ca5-84fd-bdf0b2563290 and e92630c1-b247-57b9-95bd-8c0a65136520)","['INTRODUCTION: Patients with aggressive lower extremity musculoskeletal tumors \nmay be candidates for either above-knee amputation or limb-salvage surgery. \nHowever, the subjective and objective benefits of limb-salvage surgery compared \nwith amputation are not fully clear.\nQUESTIONS/PURPOSES: We therefore compared functional status and quality of life \nfor patients treated with above-knee amputation versus limb-salvage surgery.\nMETHODS: We reviewed 20 of 51 patients aged 15 years and older treated with \nabove-knee amputation or limb-salvage surgery for aggressive musculoskeletal \ntumors around the knee between 1994 and 2004 as a retrospective cohort study. At \nlast followup we obtained the Physiological Cost Index, the Reintegration to', ""last followup we obtained the Physiological Cost Index, the Reintegration to \nNormal Living Index, SF-36, and the Toronto Extremity Salvage Score \nquestionnaires. The minimum followup was 12 months (median, 56 months; range, \n12-108 months).\nRESULTS: Compared with patients having above-knee amputation, patients \nundergoing limb-salvage surgery had superior Physiological Cost Index scores and \nReintegration to Normal Living Index. The Toronto Extremity Salvage scores and \nSF-36 scores were similar in the two groups.\nCONCLUSION: These data suggest that limb-salvage surgery offers better gait \nefficiency and return to normal living compared with above-knee amputation, but \ndoes not improve the patient's perception of quality of life."", 'reamputation was performed on seven patients, and one patient was treated with \ndebridement for wound site problems. No mortality was encountered during study.\nCONCLUSIONS: We conclude that 3-phase bone scintigraphy prior to surgery could \nbe a useful method to determine the amputation level in a diabetic foot. We \nconclude that further, comparative, more comprehensive, long-term, and \ncontrolled studies are required.', 'diphosphonate, and the most distal site of the region displaying perfusion \nduring the perfusion and early blood flow phase was marked as the amputation \nlevel. Amputation level was determined by 3-phase bone scintigraphy, Doppler \nultrasound, and inspection of the infection-free clear region during surgery.\nRESULTS: The amputation levels of the patients were as follows: finger in six \n(20%), ray amputation in five (16.6%), transmetatarsal in one (3.3%), Lisfranc \nin two (6.6%), Chopart in seven (23.3%), Syme in one (3.3%), below-the-knee in \nsix (20%), above the knee in one (3.3%), knee disarticulation in one (3.3%), and \ntwo patients underwent amputation at other centers. After primary amputation, \nreamputation was performed on seven patients, and one patient was treated with', 'been conservative treatment due to the high rate of complications in surgical \ntreatment.\nCONCLUSIONS: Chronic spinal cord injuries patients with lower limb fractures who \nare treated surgically achieved a more reliable consolidation, practically a \nfree range of motion, low rate of cutaneous complications, and pain associated \nwith the fracture. This allows a quick return to the previous standard of \nliving, and should be considered as an alternative to orthopaedic treatment in \nthese patients.']","These data suggest that limb-salvage surgery offers better gait efficiency and return to normal living compared with above-knee amputation, but does not improve the patient's perception of quality of life.",1.0
Does managed care enable more low income persons to identify a usual source of care?,"No, high managed care penetration in the community is actually associated with a lower likelihood of having a usual source of care for uninsured persons (54.8% vs. 62.2% in low penetration areas) and a lower likelihood of having a usual physician (60% vs. 72.8%). However, managed care has only marginal effects on the likelihood of having a usual source of care for privately insured and Medicaid beneficiaries.","['distribution meets the principles of universal coverage.\nMETHODS: Two nationally representative cross-sectional households surveys \nconducted in 2003 and 2007 were the main sources of data. A comprehensive \nanalysis of the entire health system is conducted including the public sector, \nprivate-not-for-profit and private-for-profit sectors. Standard benefit \nincidence analysis techniques were applied and adopted to allow application to \nprivate sector services.\nRESULTS: The three sectors recorded similar levels of pro-rich distribution in \n2003, but in 2007, the private-not-for-profit sector was pro-poor, public sector \nbenefits showed an equal distribution, while the private-for-profit sector \nremained pro-rich. Larger pro-rich disparities were recorded for inpatient', 'BACKGROUND: The 58th World Health Assembly called for all health systems to move \ntowards universal coverage where everyone has access to key promotive, \npreventive, curative and rehabilitative health interventions at an affordable \ncost. Universal coverage involves ensuring that health care benefits are \ndistributed on the basis of need for care and not on ability to pay. The \ndistribution of health care benefits is therefore an important policy question, \nwhich health systems should address. The aim of this study is to assess the \ndistribution of health care benefits in the Kenyan health system, compare \nchanges over two time periods and demonstrate the extent to which the \ndistribution meets the principles of universal coverage.', 'remained pro-rich. Larger pro-rich disparities were recorded for inpatient \ncompared to outpatient benefits at the hospital level, but primary health care \nservices were pro-poor. Benefits were distributed on the basis of ability to pay \nand not on need for care.\nCONCLUSIONS: The principles of universal coverage require that all should \nbenefit from health care according to need. The Kenyan health sector is clearly \ninequitable and benefits are not distributed on the basis of need. Deliberate \nefforts should be directed to restructuring the Kenyan health system to address \naccess barriers and ensure that all Kenyans benefit from health care when they \nneed it.', 'RESULTS: High managed care penetration in the community is associated with a \nlower likelihood of having a usual source of care for uninsured persons (54.8% \nvs. 62.2% in low penetration areas) as well as a lower likelihood of having a \nusual physician (60% vs. 72.8%). Managed care has only marginal effects on the \nlikelihood of having a usual source of care for privately insured and Medicaid \nbeneficiaries. Having a usual physician substantially reduces unmet medical \nneeds for the insured but less so for the uninsured.\nCONCLUSIONS: Having a usual physician can be an effective tool in improving \naccess to care for low-income populations, although it is most effective when \ncombined with insurance coverage. However, the effectiveness of managed care in', 'BACKGROUND: By requiring or encouraging enrollees to obtain a usual source of \ncare, managed care programs hope to improve access to care without incurring \nhigher costs.\nOBJECTIVES: (1) To examine the effects of managed care on the likelihood of \nlow-income persons having a usual source of care and a usual physician, and; (2) \nTo examine the association between usual source of care and access.\nRESEARCH DESIGN: Cross-sectional survey of households conducted during 1996 and \n1997.\nSUBJECTS: A nationally representative sample of 14,271 low-income persons.\nMEASURES: Usual source of care, usual physician, managed care enrollment, \nmanaged care penetration.\nRESULTS: High managed care penetration in the community is associated with a']","Having a usual physician can be an effective tool in improving access to care for low-income populations, although it is most effective when combined with insurance coverage. However, the effectiveness of managed care in linking more low-income persons to a medical home is uncertain, and may have unintended consequences for uninsured persons.",0.75
Do parents recall and understand children's weight status information after BMI screening?,"According to the provided context, parents are able to recall their child's weight status, with 94% of parents correctly recalling their child's weight status. However, they are unable to recall and understand much of the information and advice provided about the result, with only 39% of the information being recalled (mean score 6.3 out of a possible score of 16). Additionally, fewer than 10 parents could accurately describe what the measurements meant. Therefore, while parents remember that their child's body mass index is higher than recommended, they have limited understanding and recall of the information provided after BMI screening.","[""OBJECTIVES: As parents of young children are often unaware their child is \noverweight, screening provides the opportunity to inform parents and provide the \nimpetus for behaviour change. We aimed to determine if parents could recall and \nunderstand the information they received about their overweight child after \nweight screening.\nDESIGN: Randomised controlled trial of different methods of feedback.\nSETTING: Participants were recruited through primary and secondary care but \nappointments took place at a University research clinic.\nPARTICIPANTS AND INTERVENTION: 1093 children aged 4-8\u2005years were screened. Only \noverweight children (n=271, 24.7%) are included in this study. Parents of \noverweight children were randomised to receive feedback regarding their child's"", ""overweight children were randomised to receive feedback regarding their child's \nweight using best practice care (BPC) or motivational interviewing (MI) at \nface-to-face interviews typically lasting 20-40\u2005min. 244 (90%) parents \nparticipated in a follow-up interview 2\u2005weeks later to assess recall and \nunderstanding of information from the feedback session.\nPRIMARY AND SECONDARY OUTCOME MEASURES: Interviews were audio-taped and \ntranscribed verbatim before coding for amount and accuracy of recall. Scores \nwere calculated for total recall and sub-categories of interest.\nRESULTS: Overall, 39% of the information was recalled (mean score 6.3 from \npossible score of 16). Parents given feedback via BPC recalled more than those"", ""underweight (<15th), normal (15th-85th), overweight (85th-95th), and obese (95th \nand above). The attending physician independently completed the body image and \ndescription scale and indicated the figure that most accurately represented the \npatient without reference to BMI standards. Accuracy of the patients', parents', \nand doctors' estimates were statistically compared.\nRESULTS: The sample population consisted of 6.4% underweight, 70.5% normal \nweight, 7.7% overweight, and 15.4% obese. Forty-four percent of parents \nunderestimated children's body size using word descriptions and 47% \nunderestimated using figures. Forty percent of the children underestimated their \nown body size using descriptions and 43% underestimated using figures. The"", 'and their mothers participated in this study. A direct correlation between \nchildren\'s BMI and their mothers\' BMI was found (P<0.001) both in girls (r = \n0.372) and boys (r = 0.337). While 64.4% of mothers were found obese in the \nstudy, only half of them consider themselves as obese. No difference were found \nin the scores of the subscales ""perceived responsibility"", ""restriction"", \n""concern for child\'s weight"" and ""monitoring"" between obese and non-obese \nmothers. Child\'s BMI-SDS positively correlated with mothers\' personal weight \nperception, concern for child\'s weight and restriction after adjustment for \nchild\'s age (P < 0.001, P = 0.012 and P = 0.002, respectively).\nCONCLUSION: Mothers\' BMI highly correlate with children\'s BMI-z-scores. The', ""possible score of 16). Parents given feedback via BPC recalled more than those \nin the MI group (difference in total score 0.48; 95% CI 0.05 to 0.92). Although \n94% of parents were able to correctly recall their child's weight status, fewer \nthan 10 parents could accurately describe what the measurements meant. Maternal \neducation (0.81; 0.25 to 1.37) and parental ratings of how useful they found the \ninformation (0.19; 0.04 to 0.35) were significant predictors of recall score in \nmultivariate analyses.\nCONCLUSIONS: While parents remember that their child's body mass index is higher \nthan recommended, they are unable to remember much of the information and advice \nprovided about the result.\nTRIAL REGISTRATION NUMBER: Australian New Zealand Clinical Trials Registry \nACTRN12609000749202.""]","While parents remember that their child's body mass index is higher than recommended, they are unable to remember much of the information and advice provided about the result.",1.0
Storage of vaccines in the community: weak link in the cold chain?,"Yes, the storage of vaccines in the community appears to be a weak link in the cold chain. According to the provided context, a study found that vaccines were exposed to temperatures that may reduce their potency, with some refrigerators having subzero temperatures or temperatures up to 16 degrees C. Additionally, only 16 out of 40 respondents were aware of the appropriate storage conditions for vaccines, and only one of the eight practices selected for monitoring had their temperatures monitored daily. This suggests that there is a lack of awareness and adherence to guidelines for vaccine storage, which can compromise the effectiveness of vaccines. As stated in the context, ""Safe storage of vaccines in the clinics cannot be ensured without adhering to the recommended guidelines."" (Document id='ea8848ee-f224-5fbd-8935-9e8e35ea6db1')","['conditions for the vaccines; eight had minimum and maximum thermometers but only \none of these was monitored daily. In six of the eight practices selected for \nmonitoring of refrigeration temperatures the vaccines were exposed to either \nsubzero temperatures (three fridges) or temperatures up to 16 degrees C (three). \nTwo of these were specialised drug storage refrigerators with an incorporated \nthermostat and external temperature gauges.\nCONCLUSION: Vaccines were exposed to temperatures that may reduce their potency. \nSafe storage of vaccines in the clinics cannot be ensured without adhering to \nthe recommended guidelines. Provision of adequate equipment and training for \nstaff in maintaining the ""cold chain"" and the use and care of equipment are', 'OBJECTIVE: To assess quality of storage of vaccines in the community.\nDESIGN: Questionnaire survey of general practices and child health clinics, and \nmonitoring of storage temperatures of selected refrigerators.\nSETTING: Central Manchester and Bradford health districts.\nSUBJECTS: 45 general practices and five child health clinics, of which 40 (80%) \nresponded. Eight practices were selected for refrigeration monitoring.\nMAIN OUTCOME MEASURES: Adherence to Department of Health guidelines for vaccine \nstorage, temperature range to which vaccines were exposed over two weeks.\nRESULTS: Of the 40 respondents, only 16 were aware of the appropriate storage \nconditions for the vaccines; eight had minimum and maximum thermometers but only', 'staff in maintaining the ""cold chain"" and the use and care of equipment are \nimportant components of a successful immunisation programme.', 'defined as the number of unvaccinated respondents who reported at least one \nhealthcare visit in the Fall and Winter of 2009-2010 and indicated their \nwillingness to get vaccinated if a healthcare provider strongly recommended it. \n""Potential vaccine uptake"" was defined as the sum of actual vaccine uptake and \n""missed opportunities.""\nKEY RESULTS: The frequency of ""missed opportunities"" for influenza vaccination \nin office-based settings was significantly higher among racial and ethnic \nminorities than non-Hispanic whites. Eliminating these ""missed opportunities"" \ncould have cut racial and ethnic disparities in influenza vaccination by roughly \none half.\nCONCLUSIONS: Improved office-based practices regarding influenza vaccination', 'RESULTS: 204 children were recruited in the main cohort and 97 in the \nreplication cohort. The number of detected viruses did not correlate with any \nmarkers of severity. However, bacterial superinfection was associated with \nincreased severity (OR: 4.356; P-value = 0.005), PICU admission (OR: 3.342; \nP-value = 0.006), higher clinical score (1.988; P-value = 0.002) respiratory \nsupport requirement (OR: 7.484; P-value < 0.001) and longer hospital length of \nstay (OR: 1.468; P-value < 0.001). In addition, pneumococcal vaccination was \nfound to be a protective factor in terms of degree of respiratory distress (OR: \n2.917; P-value = 0.035), PICU admission (OR: 0.301; P-value = 0.011), lower \nclinical score (-1.499; P-value = 0.021) respiratory support requirement (OR:']","Vaccines were exposed to temperatures that may reduce their potency. Safe storage of vaccines in the clinics cannot be ensured without adhering to the recommended guidelines. Provision of adequate equipment and training for staff in maintaining the ""cold chain"" and the use and care of equipment are important components of a successful immunisation programme.",1.0
HIF1A as a major vascular endothelial growth factor regulator: do its polymorphisms have an association with age-related macular degeneration?,"No, the polymorphisms of HIF1A do not have an association with age-related macular degeneration (AMD). According to the context, ""No associations appeared between HIF1A SNPs and AMD, which were studied here for the first time..."" (Document id='fbce0e80-b432-5082-b010-729da648ee5d').","['BACKGROUND: To investigate the association between age-related macular \ndegeneration (AMD) and the polymorphisms of HIF1A, a major vascular epithelial \ngrowth factor regulator under hypoxic conditions. The associations of AMD and \npolymorphisms of genes CFH, SKIV2L and MYRIP were also studied.\nDESIGN: Prospective study.\nPARTICIPANTS: Eighty-seven AMD patients and 80 healthy subjects admitted to the \nDepartment of Ophthalmology at Pamukkale University Hospital, Denizli, Turkey, \nwere included: 45 (52%) had wet type AMD, and 42 (48%) had dry type AMD.\nMETHODS: Polymorphisms rs1061170 (CFH), rs429608 (SKIV2L), rs2679798 (MYRIP) and \nboth rs11549465 and rs11549467 (HIF1A) were investigated in DNA isolated from \nperipheral blood samples of the cases and controls by dye-termination DNA', 'polymorphism rs1061170 has a protective effect for AMD (OR\u2009=\u20090.53, 95% CI, \n0.34-0.83). No statistically significant difference for distributions of other \nsingle nucleotide polymorphisms (SNPs) emerged between patients and healthy \nsubjects.\nCONCLUSIONS: No associations appeared between HIF1A SNPs and AMD, which were \nstudied here for the first time; however, polymorphism rs1061170 of the CFH gene \nis associated with AMD in our population.\n© 2014 Royal Australian and New Zealand College of Ophthalmologists.', 'BACKGROUND: Polymorphisms in the oestrogen receptor 1 (ESR1) and oestrogen \nreceptor 2 (ESR2) genes are associated with intermediate or endpoint markers of \ncardiovascular disease and with the efficacy of postmenopausal hormone therapy \n(HT). Contradictory findings have been described in the past and the role of \nthese genetics variants remains unclear.\nMETHODS: A cross-sectional study was carried out with 266 postmenopausal women, \nof whom 115 received oral HT (HT+) and 151 did not receive any HT (HT-). We \nanalysed three single-nucleotide polymorphisms (SNPs) in ESR1 (rs1801132, \nrs7757956 and rs2813544) and two in ESR2 (rs3020450 and rs7154455) and derived \nhaplotypes with three additional polymorphisms that had been previously', 'BACKGROUND: Several single nucleotide polymorphisms (SNPs) at different loci \nhave been associated with breast cancer susceptibility, accounting for around \n10% of the familial component. Recent studies have found direct associations \nbetween specific SNPs and breast cancer in BRCA1/2 mutation carriers. Our aim \nwas to determine whether validated susceptibility SNP scores improve the \npredictive ability of risk models in comparison/conjunction to other \nclinical/demographic information.\nMETHODS: Female BRCA1/2 carriers were identified from the Manchester genetic \ndatabase, and included in the study regardless of breast cancer status or age. \nDNA was extracted from blood samples provided by these women and used for gene', 'peripheral blood samples of the cases and controls by dye-termination DNA \nsequencing.\nMAIN OUTCOME MEASURES: Genotype distribution of rs1061170 (CFH), rs429608 \n(SKIV2L), rs2679798 (MYRIP) and both rs11549465 and rs11549467 (HIF1A) in AMD \ncases and healthy controls; association between genotypes and AMD subtypes.\nRESULTS: Given the significant difference between the mean age of case and \ncontrol groups (72.13\u2009±\u20095.77 vs. 62.80\u2009±\u20095.22, respectively) (P\u2009=\u2009.000), \nsubsequent analyses were adjusted for age. We found that having at least one C \nallele for polymorphism rs1061170 increases AMD risk independent of age \n(OR\u2009=\u20092.42, 95% confidence interval [CI], 1.22-4.81). The ancestral T allele for \npolymorphism rs1061170 has a protective effect for AMD (OR\u2009=\u20090.53, 95% CI,']","No associations appeared between HIF1A SNPs and AMD, which were studied here for the first time; however, polymorphism rs1061170 of the CFH gene is associated with AMD in our population.",0.6666666666666666
Does ultrasound imaging before puncture facilitate internal jugular vein cannulation?,"According to the provided context, prepuncture ultrasound evaluation did not improve the result of right internal jugular vein cannulation compared with the respiratory jugular venodilation-guided approach, as stated in Document (id='a9b66c28-7c1d-5a15-befc-d5a5ed991478'). However, when the landmark was not observed, prepuncture ultrasound guidance was helpful in facilitating the cannulation. Additionally, in patients where respiratory jugular venodilation was not identified, the access rate and success rate were significantly better in the ultrasound group, as mentioned in Document (id='9512da89-287c-53b3-ba86-b61b0d344348'). Therefore, the answer is that ultrasound imaging before puncture does not generally facilitate internal jugular vein cannulation, but it can be helpful in specific situations where landmarks are not observable.","['ultrasound group, and no arterial puncture was recorded in the ultrasound group, \nwhereas the incidence was 13.0% in the landmark group. The results were similar \nregardless of the ultrasound frequency used.\nCONCLUSION: Prepuncture ultrasound evaluation did not improve the result of \nright internal jugular vein cannulation compared with the respiratory jugular \nvenodilation-guided approach. When the landmark was not observed, however, the \nprepuncture ultrasound guidance was helpful in facilitating the cannulation.', 'OBJECTIVE: To investigate whether prepuncture ultrasound evaluation of vascular \nanatomy facilitates internal jugular vein cannulation compared with \nlandmark-guided puncture.\nDESIGN: Prospective randomized study.\nSETTING: Single community hospital.\nPARTICIPANTS: Adult patients undergoing general anesthesia (n = 240).\nINTERVENTIONS: The right internal jugular vein was cannulated using either \nanatomic landmarks or prepuncture ultrasound (3.75/7.5 MHz) guidance. In the \nlandmark group, respiratory jugular venodilation was used as the primary \nlandmark for locating the vein. Results of cannulation and the incidence of \ncomplications were compared.\nMEASUREMENTS AND MAIN RESULTS: Patients were randomly assigned to the ultrasound', 'MEASUREMENTS AND MAIN RESULTS: Patients were randomly assigned to the ultrasound \nor landmark group. Respiratory jugular venodilation was identified in 188 \npatients (78.3%), in whom results of cannulation did not differ between the 2 \ntechniques with respect to the venous access rate (cannulated at the first \nattempt: 83.5% in the landmark v 85.7% in the ultrasound group), the success \nrate (cannulated within 3 attempts: 96.9% v 95.6%), and the incidence of \narterial puncture (1.0% v 3.3%). In the remaining 52 respiratory jugular \nvenodilation-unidentified patients, the access rate (30.4% v 86.2%, p < 0.001) \nand the success rate (78.3 v 100%, p < 0.05) were significantly better in the \nultrasound group, and no arterial puncture was recorded in the ultrasound group,', 'baseline; p < 0.01). Sonography also increased detection of effusion by 200% and \nvolume of aspirated fluid by 337%.\nCONCLUSION: Sonographic needle guidance significantly improves the performance \nand outcomes of outpatient IA injections in a clinically significant manner.', 'implemented to avoid unnecessary appendectomies. Imaging of choice in equivocal \ncases should be ultrasonography.']","Prepuncture ultrasound evaluation did not improve the result of right internal jugular vein cannulation compared with the respiratory jugular venodilation-guided approach. When the landmark was not observed, however, the prepuncture ultrasound guidance was helpful in facilitating the cannulation.",1.0
Cutaneous melanoma in a multiethnic population: is this a different disease?,"In a multiethnic population, cutaneous melanoma in nonwhite persons is unusual but not rare. Although the diagnoses are distinctly different at initial examinations, suggesting a potential biological component, stage-for-stage outcomes are similar between white and nonwhite persons. This suggests that cutaneous melanoma in a multiethnic population is not a completely different disease, but rather has different manifestations and prognoses that are influenced by factors such as tumor thickness, nodal status, and stage at diagnosis. 

Evidence from the documents shows that nonwhite patients had thicker tumors, more frequently had ulcerated primary tumors, more frequently had positive nodes, and were at a more advanced stage at diagnosis than their white counterparts. However, when stratified by stage at initial diagnosis, there was no difference in outcome between white and nonwhite patients. This indicates that early diagnostic interventions are necessary to improve outcomes in nonwhite persons with cutaneous melanoma.","['HYPOTHESIS: Cutaneous melanoma in nonwhite persons has a manifestation and a \nprognosis that are different than those of cutaneous melanoma in white persons.\nDESIGN: Case series.\nSETTING: Tertiary care university-affiliated community medical center located in \na multiethnic state in which white persons are a minority of the population.\nPATIENTS: Consecutive series of 357 patients with melanoma seen between January \n1994 and August 2003.\nMAIN OUTCOME MEASURES: Ethnicity, age, sex, primary site, tumor thickness, nodal \nstatus, stage at diagnosis, and survival.\nRESULTS: There were 208 men and 149 women who ranged in age from 15 to 93 years \n(mean, 58 years). Twenty-two patients initially had unknown primary sites. Of \nthese 357 patients, 67 (18.7%) were nonwhite. There was no statistically', 'with the white population. The overall survival rate of the nonwhite patients \nwas significantly worse than that of the white patients, but when stratified by \nstage at initial diagnosis, there was no difference in outcome.\nCONCLUSIONS: In a multiethnic population, cutaneous melanoma in nonwhite persons \nis unusual but not rare. Although the diagnoses are distinctly different at \ninitial examinations, suggesting a potential biological component, \nstage-for-stage outcomes are similar between white and nonwhite persons and \nsuggest a need for early diagnostic interventions with unusual pigmented lesions \nin nonwhite persons.', 'these 357 patients, 67 (18.7%) were nonwhite. There was no statistically \nsignificant difference in the age (P =.10) or sex (P =.57) distribution of these \n2 populations. Nonwhite patients at initial diagnosis had thicker tumors (P \n=.002), more frequently had ulcerated primary tumors (P<.001), more frequently \nhad positive nodes (P =.004), and were at a more advanced stage (P =.002) than \ntheir white counterparts. The anatomic distribution between the 2 populations \nwas significantly different (P<.001), with a high incidence of melanoma on the \nsole and subungual locations and a substantially less frequent occurrence on the \nhead and neck, trunk, and extremities in the nonwhite population when compared \nwith the white population. The overall survival rate of the nonwhite patients', 'INTRODUCTION: The last 20 years has seen a marked improvement in skin cancer \nawareness campaigns. We sought to establish whether this has affected the \npresenting Breslow thickness of malignant melanoma in the South West.\nMETHOD: This is a retrospective study looking at the first presentation of \nmelanomas from 2003 to 2011. Data was accessed using the local online melanoma \ndatabase.\nRESULTS: A total of 2001 new melanomas presented from 2003 to 2012 (Male:Female \n= 1:1.062). The average yearly number of melanomas was 200.1 (range = 138-312). \nThe mean age was 62.5 years (range 12-99). Data was analysed using a Chi² test. \nFor 0-1 mm melanomas, there is a significant difference in the observed versus \nexpected values over the 10 years (p = 0.0018). There is an increasing', 'expected values over the 10 years (p = 0.0018). There is an increasing \nproportion of 0-1 mm (thin) melanomas presenting year on year, with a positive \nlinear trend. This is very statistically significant (p < 0.0001). The 1-2 mm \nmelanomas are decreasing in proportion with a negative linear trend (p = \n0.0013). The 2-4 mm are also decreasing in proportion (p = 0.0253). There is no \nsignificant change in the thick >4 mm melanomas (p = 0.1456).\nCONCLUSION: The proportion of thin 0-1 mm melanomas presenting in South West \nEngland has significantly increased from 2003 to 2012. There is no significant \nchange in the thick >4 mm melanomas. This may be a result of increased public \nawareness due to effective public health campaigns which has significant \nprognostic and financial implications.']","In a multiethnic population, cutaneous melanoma in nonwhite persons is unusual but not rare. Although the diagnoses are distinctly different at initial examinations, suggesting a potential biological component, stage-for-stage outcomes are similar between white and nonwhite persons and suggest a need for early diagnostic interventions with unusual pigmented lesions in nonwhite persons.",1.0
Does timing of initial surfactant treatment make a difference in rates of chronic lung disease or mortality in premature infants?,"According to the provided context, the timing of initial surfactant treatment does not appear to make a significant difference in rates of chronic lung disease (CLD) or mortality in premature infants. The multivariable analysis showed that early surfactant administration was associated with a shorter duration of ventilation, but it had little or no impact on CLD/mortality. Specifically, the early surfactant group had a higher rate of CLD and mortality (40.2% versus 20.0%) compared to the late surfactant group, despite a shorter duration of ventilation. Therefore, the evidence suggests that the timing of initial surfactant treatment may not be a significant factor in reducing CLD or mortality in premature infants.","[""OBJECTIVE: To compare two treatment strategies in preterm infants with or at \nrisk of respiratory distress syndrome: early surfactant administration (within \none hour of birth) versus late surfactant administration, in a geographically \ndefined population.\nOUTCOME: The primary outcome was chronic lung disease (CLD) and mortality \nbefore/at 36 weeks. Secondary outcomes included: duration of mechanical \nventilation and continuous positive airway pressure (CPAP), post-natal steroids \nfor CLD and major neonatal morbidities.\nSUBJECTS: Premature infants born at 22-32 weeks' gestation between January 2006 \nand December 2009.\nSETTING: Ten neonatal intensive care units (NICUs) in New South Wales (NSW) and \nAustralian Capital Territory (ACT), Australia."", 'Australian Capital Territory (ACT), Australia.\nDESIGN: Retrospective analysis of prospectively collected data from the regional \nNICU database in NSW and ACT.\nRESULTS: Of the 2170 infants who received surfactant, 1182 (54.5%) and 988 \n(45.5%) received early and late surfactant, respectively. The early surfactant \ngroup was less mature (27.1\u2009±\u20092.1 versus 29.4\u2009±\u20092.1 weeks) and had more CLD and \nmortality (40.2% versus 20.0%). The multivariable analysis showed early \nsurfactant to be associated with less duration of ventilation, longer duration \nof CPAP and longer hospital stay but had little or no impact on CLD/mortality.\nCONCLUSION: Early surfactant administration is associated with shorter duration \nof ventilation but does not appear to be significantly protective against', 'of ventilation but does not appear to be significantly protective against \nCLD/mortality among premature infants. This may support the growing evidence for \nconsideration of CPAP as an alternative to routine intubation and early \nsurfactant administration. Further investigation from large randomized clinical \ntrials is warranted to confirm these results.', 'OBJECTIVE: To determine if clinical variables assessed in relation to Albuterol \naerosol treatments accurately identify children with pathologic radiographs \nduring their initial episode of bronchospasm.\nMETHODS: A prospective convenience sample of children with a first episode of \nwheezing. Data collected included demographics, baseline and post-treatment \nclinical score and physical examination, number of aerosols, requirement for \nsupplemental oxygen, and disposition. Chest radiographs were obtained and \ninterpreted, and patients were divided into 2 groups based on a pathologic \nversus nonpathologic radiograph interpretation. Chi2 testing was performed for \ncategoric variables, and the student t test was performed for continuous', 'an inability to extubate within the operating room and with delayed extubation \n(>24 hours).\nRESULTS: We operated on 613 children, including 97 neonates. Intraoperative \nextubation was achieved in 71% of the cases and early extubation (≤ 24 hours) \nwas achieved in 89% of the cases. The overall mortality was 1.5% (9 of 613 \npatients). Early extubation was associated with lower mortality (1% vs 9%, P < \n.001) and a lower rate of reintubation (4% vs 23%, P < .001) compared with \ndelayed extubation. Notably, 63% of the neonates were extubated within 24 hours, \nincluding 67% of arterial switch operations and 54% of total anomalous pulmonary \nvenous return repairs. Norwood operations were the only procedure in which no \npatient was extubated within the first 24 hours. Multivariable logistic']",Early surfactant administration is associated with shorter duration of ventilation but does not appear to be significantly protective against CLD/mortality among premature infants. This may support the growing evidence for consideration of CPAP as an alternative to routine intubation and early surfactant administration. Further investigation from large randomized clinical trials is warranted to confirm these results.,0.8
Combining process indicators to evaluate quality of care for surgical patients with colorectal cancer: are scores consistent with short-term outcome?,"For individual patients, a high score on the composite measures based on process indicators is not associated with better short-term outcome. However, at the hospital level, a good score on the composite measures based on process indicators was consistent with more favourable risk-adjusted short-term outcome rates. 

This is based on a longitudinal analysis of 85 Dutch hospitals, including 4732 elective patients with colon carcinoma and 2239 with rectum carcinoma. The analysis found a strong negative association between composite measures and hospital mortality and morbidity rates for rectum carcinoma, and hospital morbidity rates for colon carcinoma.","['Collaborators: Bemelman WA, Busch OR, van Dam RM, Jansen-Landheer ML, Karsten \nTM, van Krieken JH, Kuijpers WG, Lemmens VE, Manusama ER, Meijerink JH, Rutten \nHJ.\nAuthor information:\n(1)Department of Surgery, Leiden University Medical Center, PO Box 9600, Leiden \n2300 RC, The Netherlands.\nOBJECTIVE: To determine if composite measures based on process indicators are \nconsistent with short-term outcome indicators in surgical colorectal cancer \ncare.\nDESIGN: Longitudinal analysis of consistency between composite measures based on \nprocess indicators and outcome indicators for 85 Dutch hospitals.\nSETTING: The Dutch Surgical Colorectal Audit database, the Netherlands.\nPARTICIPANTS: 4732 elective patients with colon carcinoma and 2239 with rectum', 'for colon carcinoma.\nCONCLUSIONS: For individual patients, a high score on the composite measures \nbased on process indicators is not associated with better short-term outcome. \nHowever, at the hospital level, a good score on the composite measures based on \nprocess indicators was consistent with more favourable risk-adjusted short-term \noutcome rates.', 'PARTICIPANTS: 4732 elective patients with colon carcinoma and 2239 with rectum \ncarcinoma treated in 85 hospitals were included in the analyses.\nMAIN OUTCOME MEASURES: All available process indicators were aggregated into \nfive different composite measures. The association of the different composite \nmeasures with risk-adjusted postoperative mortality and morbidity was analysed \nat the patient and hospital level.\nRESULTS: At the patient level, only one of the composite measures was negatively \nassociated with morbidity for rectum carcinoma. At the hospital level, a strong \nnegative association was found between composite measures and hospital mortality \nand morbidity rates for rectum carcinoma (p<0.05), and hospital morbidity rates \nfor colon carcinoma.', 'potentially curative resection. Furthermore, there were seven local recurrences \nin patients operated by consultants (7.8%) when compared with four in the \ntrainee group (9.5%) and once again there was no statistical significance \nbetween the two groups (P = 0.719).\nCONCLUSION: We conclude that the quality of rectal cancer excision, as defined \nby mesorectal grades, achieved by supervised colorectal trainees is comparable \nwith that achieved by consultants.', 'OBJECTIVE: The quality of surgical excision is held to be a major determinant of \noutcome following surgery for rectal cancer. Macroscopic examination of the \nexcised mesorectum allows for reproducible assessment of the quality of surgery. \nWe aimed to determine whether quality of excision undertaken by colorectal \ntrainees under supervision was comparable with that performed by consultants, as \nmeasured using mesorectal grades.\nMETHOD: A total of 130 consecutive patients undergoing potentially curative \nresection for primary adenocarcinoma of the rectum in our centre from 2001 to \n2003 were included in the study. The pathologists graded the excised mesorectum \naccording to staged classification proposed by Quirke. The outcome (quality of']","For individual patients, a high score on the composite measures based on process indicators is not associated with better short-term outcome. However, at the hospital level, a good score on the composite measures based on process indicators was consistent with more favourable risk-adjusted short-term outcome rates.",1.0
"How do alcohol consumption patterns and major metabolic risk factors such as smoking, diabetes, and triglycerides influence the risk of myocardial infarction in men and women?","According to the provided context, alcohol consumption patterns and major metabolic risk factors such as smoking, diabetes, and triglycerides influence the risk of myocardial infarction in men and women in the following ways:

1. **Alcohol consumption**: The timing of alcohol consumption in relation to meals might affect the risk of myocardial infarction (MI). An inverse trend in risk was observed when comparing drinkers to nondrinkers, suggesting a potential protective effect of moderate alcohol consumption (Document id='41c6367b-d0dd-5eaf-a2e4-5a0525d4ae3a').

2. **Smoking**: Smoking increased the risk of MI, with women experiencing a higher risk (two- to five-fold increase) compared to men (doubling of risk) (Document id='66e1b679-f54e-5d23-b228-b4514008ab69' and Document id='a349e00f-a828-5a93-bb88-e239d8b6a713').

3. **Diabetes**: Fasting blood glucose ≥6.7 mmol/L identified a higher risk for women (hazard ratio [HR] 2.65) than men (HR 2.08), and self-reported diabetes also increased the risk (Document id='66e1b679-f54e-5d23-b228-b4514008ab69').

4. **Triglycerides**: Triglyceride risk was significantly higher for women and decreased with age (Document id='66e1b679-f54e-5d23-b228-b4514008ab69').

In conclusion, the risk of myocardial infarction in men and women is influenced by alcohol consumption patterns, smoking, diabetes, and triglycerides, with women generally experiencing a higher risk associated with these factors.","['BACKGROUND: The apparent favorable effect of alcohol on the risk of acute \nmyocardial infarction (MI) may be related to its hypoinsulinemic effect when \nconsumed with meals. We studied how the timing of alcohol consumption in \nrelation to meals might affect the risk of MI in a population with relatively \nhigh regular alcohol consumption.\nMETHODS: We conducted a case-control study between 1995 and 1999 in Milan, \nItaly. Cases were 507 subjects with a first episode of nonfatal acute MI, and \ncontrols were 478 patients admitted to hospitals for other acute diseases. Odds \nratios (ORs) and 95% confidence intervals (CIs) were calculated by multiple \nlogistic regression models.\nRESULTS: Compared with nondrinkers, an inverse trend in risk was observed when', 'suffered a non-fatal myocardial infarction or coronary death.\nRESULTS: Serum cholesterol was a significant risk factor for both sexes, with \nhazard ratios (HR) decreasing with age. Systolic blood pressure was a stronger \nrisk factor for women as was ECG-confirmed left ventricular hypertrophy (women \nHR 2.89, 95% confidence interval [CI] 1.67-5.01; men HR 1.11 [CI 0.86-1.43]). \nFasting blood glucose > or =6.7 mmol/L identified significantly higher risk for \nwomen (HR 2.65) than men (HR 2.08) as did self-reported diabetes. Triglyceride \nrisk was significantly higher for women and decreased significantly with age. \nSmoking increased risk two- to five-fold, increasing with dose, for women, which \nwas significantly higher than the doubling in risk for men.', 'measurements taken 2 weeks apart.\nRESULTS: Of study participants, 36% were male. Prevalence of casual high BP was \n19%. In the population, 10% were current cigarette smokers and habitual alcohol \nuse was high at 56%. As measured by body mass index, 2% were obese and 14% had \nabdominal obesity. RHR was elevated (>90 bpm) in 19%. Overall, 79% of study \nparticipants were found to have at least one CVD risk factor. RHR was \nsignificantly associated with age, waist circumference, and BP. Individuals with \nan elevated RHR had a higher risk (OR 1.94, 95% CI 1.15-3.26%, p = 0.013) of \ncasual high BP compared with participants with normal RHR independently of \nseveral established CVD risk factors. The regression dilution ratio of RHR was \n0.75 (95% CI 0.62-0.89).', 'BACKGROUND: Studies on coronary risk factors in men and women are mainly based \non mortality data and few compare results of both sexes with consistent study \ndesign and diagnostic criteria. This study assesses the major risk factors for \ncoronary events in men and women from the Reykjavik Study.\nDESIGN: Within a prospective, population-based cohort study individuals without \nhistory of myocardial infarction were identified and the relative risk of \nbaseline variables was assessed in relation to verified myocardial infarction or \ncoronary death during follow-up.\nMETHODS: Of the 9681 women and 8888 men who attended risk assessment from \n1967-1991, with follow-up period of up to 28 years, 706 women and 1700 men \nsuffered a non-fatal myocardial infarction or coronary death.', 'BACKGROUND: Low intakes or blood levels of eicosapentaenoic and docosahexaenoic \nacids (EPA + DHA) are independently associated with increased risk of death from \ncoronary heart disease (CHD). In randomized secondary prevention trials, fish or \nfish oil have been demonstrated to reduce total and CHD mortality at intakes of \nabout 1 g/day. Red blood cell (RBC) fatty acid (FA) composition reflects \nlong-term intake of EPA + DHA. We propose that the RBC EPA + DHA (hereafter \ncalled the Omega-3 Index) be considered a new risk factor for death from CHD.\nMETHODS: We conducted clinical and laboratory experiments to generate data \nnecessary for the validation of the Omega-3 Index as a CHD risk predictor. The \nrelationship between this putative marker and risk for CHD death, especially']","Both behavioral and biological factors causally influence myocardial infarction risk: alcohol consumed with meals was associated with a lower risk of myocardial infarction (OR 0.50, 95% CI 0.30–0.82 for ≥3 drinks/day), whereas alcohol consumed outside meals showed no protective effect (OR 0.98, 95% CI 0.49–1.96). In addition, smoking, diabetes, elevated triglycerides, and other metabolic factors significantly increased myocardial infarction risk, with several of these effects being stronger in women than in men.",1.0
What were the p53 and PCNA expression rates in xanthogranulomatous cholecystitis compared with gallbladder carcinoma and chronic cholecystitis?,"According to the provided context, the p53 expression rate was positive in 3% of Xanthogranulomatous Cholecystitis (XGC) cases, whereas it was positive in 52% of Gallbladder Carcinoma (GBC) cases. The p53 expression was lower in XGC than in GBC (P<0.0001).

The PCNA expression rate was seen in 11% of XGC cases, compared to 65% of GBC cases. PCNA expression was higher in GBC than XGC (P=0.0001), but there was no significant difference between the XGC, chronic cholecystitis, and control gallbladder groups.","['BACKGROUND: Xanthogranulomatous cholecystitis (XGC) is an uncommon variant of \nchronic cholecystitis, characterized by marked thickening of the gallbladder \nwall and dense local adhesions. It often mimics a gallbladder carcinoma (GBC), \nand may coexist with GBC, leading to a diagnostic dilemma. Furthermore, the \npremalignant nature of this entity is not known. This study was undertaken to \nassess the p53, PCNA and beta-catenin expression in XGC in comparison to GBC and \nchronic inflammation.\nMETHODS: Sections from paraffin-embedded blocks of surgically resected specimens \nof GBC (69 cases), XGC (65), chronic cholecystitis (18) and control gallbladder \n(10) were stained with the monoclonal antibodies to p53 and PCNA, and a', '(10) were stained with the monoclonal antibodies to p53 and PCNA, and a \npolyclonal antibody to beta-catenin. p53 expression was scored as the percentage \nof nuclei stained. PCNA expression was scored as the product of the percentage \nof nuclei stained and the intensity of the staining (1-3). A cut-off value of 80 \nfor this score was taken as a positive result. Beta-catenin expression was \nscored as type of expression-membranous, cytoplasmic or nuclear staining.\nRESULTS: p53 mutation was positive in 52% of GBC cases and 3% of XGC, but was \nnot expressed in chronic cholecystitis and control gallbladders. p53 expression \nwas lower in XGC than in GBC (P<0.0001). PCNA expression was seen in 65% of GBC \ncases and 11% of XGC, but not in chronic cholecystitis and control gallbladders.', 'cases and 11% of XGC, but not in chronic cholecystitis and control gallbladders. \nPCNA expression was higher in GBC than XGC (P=0.0001), but there was no \nsignificant difference between the XGC, chronic cholecystitis and control \ngallbladder groups. Beta-catenin expression was positive in the GBC, XGC, \nchronic cholecystitis and control gallbladder groups. But the expression pattern \nin XGC, chronic cholecystitis and control gallbladders was homogenously \nmembranous, whereas in GBC the membranous expression pattern was altered to \ncytoplasmic and nuclear.\nCONCLUSION: The expression of p53, PCNA and beta-catenin in XGC was \nsignificantly different from GBC and similar to chronic cholecystitis, thus \nindicating the inflammatory nature of XGC and may not support a premalignant', 'The total dose was 3,000 cGy in 10 fractions, with 300 cGy per fraction, 5 days \nweekly.\nRESULTS: The patient showed clinico-laboratory improvement and was discharged \nwith a permanent percutaneous transhepatic endoprosthesis. During follow-up (10 \nand 12 months postirradiation), abdominal CTs showed no local extension of the \ntumor, while the patient had a good performance status. So far, 1 year after the \ndiagnosis of gallbladder cancer she is still alive.\nCONCLUSIONS: External radiotherapy seems to be a safe and effective method of \npalliative management of gallbladder carcinoma. However, further studies are \nnecessary to determine the role of radiotherapy in palliative or adjuvant \ntreatment of gallbladder carcinoma.', 'indicating the inflammatory nature of XGC and may not support a premalignant \nnature of the lesion.']","In this study, p53 expression was found in 52% of gallbladder carcinoma cases, 3% of xanthogranulomatous cholecystitis cases, and 0% of chronic cholecystitis cases, while PCNA expression was detected in 65%, 11%, and 0% of these groups, respectively, showing that xanthogranulomatous cholecystitis had a low-expression inflammatory profile rather than a malignant one.",1.0
"What were the specificity percentages of late-night salivary cortisol, 24-hour urine-free cortisol, and the 1 mg dexamethasone suppression test for screening cortisol excess in obese patients with type 2 diabetes, and which test performed best?","According to the provided context, the specificity percentages for screening cortisol excess in obese patients with type 2 diabetes were:

1. Late-night salivary cortisol: 70% (95% CI 53-83%)
2. 24-hour urine-free cortisol (24hr UFC): 90% (76-97%)
3. 1mg dexamethasone suppression test (1mg DST): 72% (55-85%)

The 24-hour urine-free cortisol (24hr UFC) test performed best, with a significantly higher specificity (90%) compared to late-night salivary cortisol (P=0.039).","['hypercortisolism.\nRESULTS: The patients had a mean age and BMI of 56 years (range 31-75) and 37 \nkg/m² (31-56) respectively. All 40 provided late-night salivary cortisol \nsamples. Thirty-eight patients completed all three tests. Two patients only \ncompleted two screening tests. The specificities of late-night salivary cortisol \n(cutoff 10 nmol/L), 24hr UFC (400 nmol) and 1mg DST (50 nmol/L) were 70% (95% CI \n53-83%), 90% (76-97%) and 72% (55-85%) respectively. The specificity of \nlate-night salivary cortisol was significantly less than 24 hr UFC (P=0.039) but \nnot 1mg DST (P>0.99).\nCONCLUSION: Late-night salivary cortisol has a poor specificity for cortisol \nexcess in obese patients with T2DM with 24 hr UFC showing significantly better \nspecificity in our population.', ""AIM: To compare the performance, in terms of specificity for cortisol excess, of \nlate-night salivary cortisol with 24-hour urine-free cortisol (24hr UFC) and \novernight 1mg dexamethasone suppression test (1mg DST) in a group of obese T2DM \npatients.\nMETHODS: Forty obese patients with T2DM without clinical features of Cushing's \nsyndrome were recruited. Plasma, urinary and salivary cortisol were measured \ndirectly by an enzyme-linked immunosorbent assay using monoclonal antibodies. \nThe specificities of the three tests using various cutoffs were calculated and \ncompared, employing the assumption that none of the patients had \nhypercortisolism.\nRESULTS: The patients had a mean age and BMI of 56 years (range 31-75) and 37"", 'samples were collected from a sub-set of subjects with intact renal function and \nnot receiving medications known to influence cortisol levels (n=65).\nSETTING: 12 ICUs in the Midwestern United States.\nMAIN OUTCOME MEASURES: Urinary free cortisol (UFC), an integrative biomarker of \nstress.\nRESULTS: Controlling for illness severity, gender, and baseline UFC (29-45 \nmg/day), mixed models analysis revealed no significant differences among groups \nin UFC over the course of ventilatory support.\nCONCLUSION: While music did not significantly reduce cortisol, less profound \nspikes in UFC levels were observed but that, given the limitations of the \nresearch, this observation could have occurred merely by chance.', ""Remission is defined as biochemical reversal of hypercortisolism with \nre-emergence of diurnal circadian rhythm, resolution of clinical features and \nadequate suppression on low-dose dexamethasone testing. Failure is defined as \nthe absence of any of these features. Relapse is defined as the re-emergence of \nCushing's disease more than one year after operation. Clinical features such as \nweight, sex, hypertension, associated endocrine disorders and smoking, \nbiochemical studies including preoperative and postoperative serum cortisol, \nurine free cortisol, serum ACTH, radiological, histological and surgical \nfindings were assessed in relation to these three groups to determine whether \nany factors could reliably predict failure or relapse after treatment."", 'occurrence of significant WMAs on DSE. We conclude that cTnI cannot be used as \nan additional diagnostic tool during pharmacological stress test performed to \nevaluate the presence and severity of ischemia.\n© 2010, Wiley Periodicals, Inc.']","In obese patients with type 2 diabetes, 24-hour urine-free cortisol showed the highest specificity at 90% (95% CI 76–97%), compared with 70% (95% CI 53–83%) for late-night salivary cortisol and 72% (95% CI 55–85%) for the 1 mg dexamethasone suppression test. Late-night salivary cortisol was significantly less specific than 24-hour urine-free cortisol (P = 0.039), while its specificity was comparable to the dexamethasone suppression test.",1.0
"How do blood pressure readings taken by physicians, nurses, and patients at home compare in reliability and usefulness for managing hypertension?","According to the provided context, blood pressure readings taken by nurses are significantly lower than those taken by physicians, but almost identical to ambulatory blood pressure monitoring (Document id='d0fe2c6b-8c27-5433-a49a-a97c11752163'). This suggests that nurse-taken readings may be more reliable for managing hypertension.

In contrast, patient-taken readings at home are also reliable, with 90% of booklet recordings matching the actual readings downloaded from the BP monitor (Document id='c33f4ac0-91a5-5059-a079-d5481cf53717'). The average difference between patient-taken readings and monitor readings was small, at 0.6 mmHg systolic and 0.3 mmHg diastolic, which is unlikely to affect management.

Overall, the evidence suggests that both nurse-taken and patient-taken readings at home can be reliable and useful for managing hypertension, and may even be more accurate than physician-taken readings in some cases.","[""might consider using hypertensive patients' records of home BP monitoring to \nhelp guide treatment decisions."", 'OBJECTIVES: To determine whether there are differences between blood pressure \n(BP) measured by the nurse (NBP), BP measured by the physician (PBP) and \nself-measured BP in treated hypertensive patients and, if found, to evaluate \ntheir clinical importance.\nMETHOD: An observational study is carried out with hypertensive patients \nrecruited from two village-based community health centres in Catalonia (Spain) \nserving an area with a total population of 2800 inhabitants. All patients \ntreated for hypertension visiting the health centre on a specific day of the \nweek and during the same timetable between October 2000 and May 2001 were \nincluded.\nRESULTS: The difference between physician-systolic BP and nurse-systolic BP was', ""BACKGROUND: Home blood pressure (BP) monitoring is gaining increasing popularity \namong patients and may be useful in hypertension management. Little is known \nabout the reliability of stroke patients' records of home BP monitoring.\nOBJECTIVE: To assess the reliability of home BP recording in hypertensive \npatients who had suffered a recent stroke or transient ischaemic attack.\nMETHODS: Thirty-nine stroke patients (mean age 73 years) randomized to the \nintervention arm of a trial of home BP monitoring were included. Following \ninstruction by a research nurse, patients recorded their BPs at home and \ndocumented them in a booklet over the next year. The booklet readings over a \nmonth were compared with the actual readings downloaded from the BP monitor and"", 'of 2.3 and a negative coefficient of probability (CP-) of 0.133. PBP gave the \nfollowing results: Sn=72%; Sp=66.7%; PPV=64.3%; NPV=74.1%; CP+=2.16 and CP- = \n0.420.\nCONCLUSION: Systolic BP measured by the nurse in treated hypertensive patients \nis significantly lower than the readings obtained by the physician, and are \nalmost identical to ambulatory BP monitoring. Blood pressure determination by \nthe nurse is desirable not only for diagnosis but also to evaluate the level of \ncontrol of blood pressure during the follow-up of treated hypertensive patients.', ""month were compared with the actual readings downloaded from the BP monitor and \nwere checked for errors or selective bias in recording.\nRESULTS: A total of 1027 monitor and 716 booklet readings were recorded. Ninety \nper cent of booklet recordings were exactly the same as the BP monitor readings. \nAverage booklet readings were 0.6 mmHg systolic [95% confidence interval (95% \nCI) -0.6 to 1.8] and 0.3 mmHg diastolic (95% CI -0.3 to 0.8) lower than those on \nthe monitor.\nCONCLUSIONS: This group of elderly stroke patients were able to record their BPs \nreliably at home. Any bias was small and would be unlikely to affect management. \nSince BP readings in a GP surgery are often a poor indication of true BP, GPs \nmight consider using hypertensive patients' records of home BP monitoring to""]","Blood pressure measurement methods differ in reliability and clinical usefulness, with nurse-measured and home-monitored readings showing closer agreement with true or device-recorded blood pressure than physician measurements. Physician measurements tended to produce higher systolic readings, whereas nurse and patient-recorded home measurements showed minimal bias and greater consistency for clinical follow-up.",1.0
How do biochemical mediators and acute physiological parameters differ in their ability to explain hemodynamic and vascular changes in hypertensive or related cardiovascular conditions?,"The provided context does not directly compare biochemical mediators and acute physiological parameters in their ability to explain hemodynamic and vascular changes in hypertensive or related cardiovascular conditions. However, it does provide information on various risk factors and biomarkers associated with cardiovascular disease.

Document 1 discusses the importance of risk factors such as advanced age, indication to oral anticoagulants, history of bleeding, and known anemia in patients with coronary artery disease. Document 2 highlights the role of carotid intima-media thickness (CIMT) as a predictor of stroke and hypertension, outperforming traditional vascular risk factors. Document 3 investigates the relationship between high-sensitivity C-reactive protein (hsCRP) levels and carotid intima-media thickness (IMT) in healthy Koreans, finding a positive association between hsCRP and IMT. Documents 4 and 5 discuss the predictability of non-HDL-C and LDL-C targets in Thai patients after acute myocardial infarction.

While these documents provide insight into various risk factors and biomarkers, they do not directly compare biochemical mediators and acute physiological parameters in explaining hemodynamic and vascular changes. Therefore, a precise and evidence-based answer to the question cannot be provided based on the given context.","['among others, in a stratified manner, 828 patients fulfilling pre-defined \nclinical or biochemical HBR criteria-including advanced age, indication to oral \nanticoagulants or other pro-hemorrhagic medications, history of bleeding and \nknown anemia-to receive E-ZES or BMS followed by a protocol-mandated 30-day DAPT \nregimen. The primary endpoint of the study was the 12-month major adverse \ncardiovascular event rate, consisting of death, myocardial infarction, or target \nvessel revascularization.\nRESULTS: Compared with patients without, those with 1 or more HBR criteria had \nworse outcomes, owing to higher ischemic and bleeding risks. Among HBR patients, \nmajor adverse cardiovascular events occurred in 22.6% of the E-ZES and 29% of', ""traditional vascular risk factors (including age, gender, weight, waist \ncircumference, smoking, alcohol, systolic and diastolic blood pressures, fasting \nplasma glucose, fasting total cholesterol). Pearson's correlation coefficients \nwere calculated to quantify bivariate relationships.\nFINDINGS: Bilaterally, CIMT was significantly different among the three \ncardiovascular phenotypes (right: p\u2009<\u20090.001, F\u2009=\u200933.8; left: p\u2009<\u20090.001, \nF\u2009=\u200948.6). CIMT had a higher c-statistic for differentiating stroke versus \nnormotension (c\u2009=\u20090.78 right; 0.82 left, p\u2009<\u20090.001) and hypertension versus \nnormotension (c\u2009=\u20090.65 right; 0.71 left, p\u2009<\u20090.001) than several traditional \nvascular risk factors. Bilaterally, combining all subjects, CIMT was the only"", 'BACKGROUND: There is a positive association between chronic inflammation and the \nrisk of cardiovascular disease, but whether there is an association between \nC-reactive protein (CRP) and carotid atherosclerosis is controversial. We \ninvestigated the relationship between high-sensitivity CRP (hsCRP) levels and \ncarotid intima-media thickness (IMT) in healthy Koreans.\nDESIGN: We measured hsCRP levels, the carotid IMT, and conventional \ncardiovascular risk factors including obesity parameters, blood pressure, lipid \nprofiles, insulin resistance, and smoking habits in 820 volunteers (35-79 years \nold) in a cross-sectional study.\nRESULTS: Higher hsCRP quartile groups had higher mean IMTs, as compared with the \nlowest quartile (P < 0.001 for the trend across quartiles). However, after', 'BACKGROUND: It has recently been shown that non-high density lipoprotein \ncholesterol (non-HDL-C) may be a better predictor of cardiovascular risk than \nlow density lipoprotein cholesterol (LDL-C). Based on known ethic differences in \nlipid parameters and cardiovascular risk prediction, we sought to study the \npredictability of attaining non-HDL-C target and long-term major adverse \ncardiovascular event (MACE) in Thai patients after acute myocardial infarction \n(AMI) compared to attaining LDL-C target.\nMETHODS: We retrospectively obtained the data of all patients who were admitted \nat Maharaj Nakorn Chiang Mai hospital due to AMI during 2006-2013. The mean \nnon-HDL-C and LDL-C during long-term follow-up were used to predict MACE at each', 'non-HDL-C and LDL-C during long-term follow-up were used to predict MACE at each \ntime point. The patients were classified as target attainment if \nnon-HDL-C\u2009<100\xa0mg/dl and/or LDL-C\u2009<70\xa0mg/dl. The MACE was defined as combination \nof all-cause death, nonfatal coronary event and nonfatal stroke.\nRESULTS: During mean follow-up of 2.6\u2009±\u20091.6\xa0years among 868 patients after AMI, \n34.4% achieved non-HDL-C target, 23.7% achieved LDL-C target and 21.2% \nexperienced MACEs. LDL-C and non-HDL-C were directly compared in Cox regression \nmodel. Compared with non-HDL-C\u2009<100\xa0mg/dl, patients with non-HDL-C of >130\xa0mg/dl \nhad higher incidence of MACEs (HR 3.15, 95% CI 1.46-6.80, P\u2009=\u20090.003). \nSurprisingly, LDL-C\u2009>100\xa0mg/dl was associated with reduced risk of MACE as']","Biochemical markers and physiological parameters do not contribute equally to explaining hemodynamic changes. Endothelin-1 was strongly associated with hypotension and rebound hypertension during hemodialysis. In contrast, acute heart-rate changes induced pharmacologically did not significantly alter aortic stiffness in hypertensive patients, suggesting that not all physiological changes directly influence vascular function.",0.375
Do modifiable lifestyle and behavioral factors causally contribute to the development of hypertension in adults with initially optimal blood pressure?,"Based on the provided context, the answer is yes, modifiable lifestyle and behavioral factors may contribute to the development of hypertension in adults with initially optimal blood pressure. 

The document with id 'b63991b8-76e0-5a57-aa51-b68fadd3fb28' mentions a 5-year prediction for the development of hypertension in African individuals with optimal blood pressure, suggesting that health behaviors and conventional risk factors can influence the development of hypertension over time. Additionally, the document with id 'd9622035-c6f6-5008-9dd6-23a48cf27434' highlights the prevalence of cardiovascular disease risk factors, including high blood pressure, in a Ghanaian population, and notes that habitual alcohol use and cigarette smoking are high, implying that lifestyle factors may play a role in the development of hypertension. 

However, a direct causal relationship is not explicitly stated in the provided context, but rather inferred through the discussion of risk factors and health behaviors. Further research would be needed to establish a definitive causal link.","[""traditional vascular risk factors (including age, gender, weight, waist \ncircumference, smoking, alcohol, systolic and diastolic blood pressures, fasting \nplasma glucose, fasting total cholesterol). Pearson's correlation coefficients \nwere calculated to quantify bivariate relationships.\nFINDINGS: Bilaterally, CIMT was significantly different among the three \ncardiovascular phenotypes (right: p\u2009<\u20090.001, F\u2009=\u200933.8; left: p\u2009<\u20090.001, \nF\u2009=\u200948.6). CIMT had a higher c-statistic for differentiating stroke versus \nnormotension (c\u2009=\u20090.78 right; 0.82 left, p\u2009<\u20090.001) and hypertension versus \nnormotension (c\u2009=\u20090.65 right; 0.71 left, p\u2009<\u20090.001) than several traditional \nvascular risk factors. Bilaterally, combining all subjects, CIMT was the only"", 'BACKGROUND: Longitudinal cohort studies in sub-Saharan Africa are urgently \nneeded to understand cardiovascular disease development. We, therefore, explored \nhealth behaviours and conventional risk factors of African individuals with \noptimal blood pressure (BP) (≤ 120/80 mm Hg), and their 5-year prediction for \nthe development of hypertension.\nMETHODS: The Prospective Urban Rural Epidemiology study in the North West \nProvince, South Africa, started in 2005 and included African volunteers (n = \n1994; aged > 30 years) from a sample of 6000 randomly selected households in \nrural and urban areas.\nRESULTS: At baseline, 48% of the participants were hypertensive (≥ 140/90 mmHg). \nThose with optimal BP (n = 478) were followed at a success rate of 70% for 5', 'measurements taken 2 weeks apart.\nRESULTS: Of study participants, 36% were male. Prevalence of casual high BP was \n19%. In the population, 10% were current cigarette smokers and habitual alcohol \nuse was high at 56%. As measured by body mass index, 2% were obese and 14% had \nabdominal obesity. RHR was elevated (>90 bpm) in 19%. Overall, 79% of study \nparticipants were found to have at least one CVD risk factor. RHR was \nsignificantly associated with age, waist circumference, and BP. Individuals with \nan elevated RHR had a higher risk (OR 1.94, 95% CI 1.15-3.26%, p = 0.013) of \ncasual high BP compared with participants with normal RHR independently of \nseveral established CVD risk factors. The regression dilution ratio of RHR was \n0.75 (95% CI 0.62-0.89).', 'BACKGROUND: The high prevalence of obesity in African American (AA) women may \nresult, in part, from a lower resting metabolic rate (RMR) than non-AA women. If \ntrue, AA women should require fewer calories than non-AA women to maintain \nweight. Our objective was to determine in the setting of a controlled feeding \nstudy, if AA women required fewer calories than non-AA women to maintain weight.\nMATERIALS AND METHODS: This analysis includes 206 women (73% AA), aged 22-75 \nyears, who participated in the Dietary Approaches to Stop Hypertension (DASH) \ntrial-a multicenter, randomized, controlled, feeding study comparing the effects \nof 3 dietary patterns on blood pressure in individuals with prehypertension or \nstage 1 hypertension. After a 3-week run-in, participants were randomized to 1', ""might consider using hypertensive patients' records of home BP monitoring to \nhelp guide treatment decisions.""]","Modifiable lifestyle and behavioral factors were strong predictors of progression from optimal blood pressure to hypertension, indicating that they play a major causal role in hypertension development. Smoking, central obesity, and alcohol-related biochemical markers independently predicted later blood pressure increases and vascular changes over five years.|",1.0
How do hypertension alone and coexisting metabolic syndrome differ in their effects on cardiac structural remodeling in hypertensive patients?,"According to the provided context, hypertension alone is primarily responsible for changes in left ventricular dimensions. However, when metabolic syndrome (MetS) coexists with hypertension, it is associated with a greater left atrial diameter (p=0.019). Left atrial diameter is also correlated with the number of MetS criteria (r=0.51; p<0.001). This suggests that MetS contributes to left ventricular diastolic dysfunction, but does not significantly influence left ventricular dimensions. 

In other words, the presence of MetS in hypertensive patients is associated with left atrial enlargement, but not with additional changes in left ventricular dimensions beyond those caused by hypertension alone.","[""AIMS: We explored whether QT corrected dispersion (QTcD) can identify left \nventricular hypertrophy (LVH) in hypertensives.\nMETHODS: We enrolled 100 hypertensive patients (study group) and 30 normotensive \nsubjects (control group). Echocardiography was performed to measure left \nventricular mass and left ventricular mass index. Electrocardiogram was \nperformed to measure QTcD.\nRESULTS: LVH was present in 42 patients (42%) of the study group, none among \ncontrols. Hypertensive patients had significantly greater indices of LVH and \nQTcD compared with controls (p <0.001 for all). Similarly, among hypertensive \npatients, those with LVH had a significantly greater QTcD compared with those \nwithout (p <0.001). Pearson's correlation coefficient test demonstrated strongly"", 'OBJECTIVES: Metabolic syndrome (MetS) is associated with increased risk for \ncardiovascular events. We evaluated heart dimensions in hypertensive patients \nwith MetS.\nSTUDY DESIGN: The study included 75 hypertensive patients (34 males, 41 females; \nmean age 51+/-9 years) without coronary artery disease. Patients were evaluated \nin two groups depending on the presence or absence of MetS. Age- and \ngender-matched 20 healthy subjects (9 males, 11 females; mean age 50+/-5 years) \ncomprised the control group. The diagnosis of MetS was based on the presence of \nat least three of five MetS criteria. Hypertension was defined as arterial blood \npressure exceeding 140/85 mmHg on three consecutive measurements or the use of', 'pressure exceeding 140/85 mmHg on three consecutive measurements or the use of \nantihypertensive drugs. Echocardiographic measurements included interventricular \nseptal thickness, left ventricular internal diameter, posterior wall thickness, \naortic diameter, left atrial diameter, relative wall thickness, and left \nventricular mass.\nRESULTS: Metabolic syndrome was present in 32 hypertensive patients (42.7%; 18 \nmales, 14 females). The mean number of MetS criteria was 2.6+/-1.0 in the \nhypertensive group. Compared to the control group, patients with or without MetS \nexhibited significantly increased interventricular septum and posterior wall \nthickness, left atrial diameter, relative wall thickness, and left ventricular', 'during treatment.\nRESULTS: Questionnaire analyses (n = 83) identified 3 cases with a family \nhistory of cardiovascular disease in first-degree relatives. ECG findings were \nnormal in each case and no serious complication of therapy occurred. ECG \nabnormalities were found in 6.5% of patients but there were no contraindications \nto beta-blocker therapy and no major complications. Hypotension in 9 patients \ndid not require therapy adjustment. In all, 88 parents (81%) reported side \neffects during beta-blocker treatment.\nLIMITATIONS: The relatively small patient cohort is a limitation.\nCONCLUSION: Pretreatment ECG is of limited value for patients with an \nunremarkable cardiovascular history and a normal heart rate and blood pressure. \nHypotension may occur during treatment.', 'thickness, left atrial diameter, relative wall thickness, and left ventricular \nmass (p<0.05). The only significant difference between the two patient groups \nwas that MetS was associated with a greater left atrial diameter (p=0.019). Left \natrial diameter was correlated with the number of MetS criteria (r=0.51; \np<0.001).\nCONCLUSION: Left ventricular dimensions are not influenced by MetS. Rather than \nMetS, hypertension is primarily responsible for changes in left ventricular \ndimensions. However, left atrial enlargement is more prominent in patients with \nMetS, suggesting that each MetS criterion contributes to left ventricular \ndiastolic dysfunction.']","Hypertension appears to be the primary driver of left ventricular structural remodeling in hypertensive patients, regardless of the presence of metabolic syndrome. In contrast, metabolic syndrome selectively contributed to greater left atrial enlargement without significantly altering left ventricular dimensions or mass beyond changes associated with hypertension alone.",1.0
|Can sublingual varices serve as a useful non-invasive screening indicator for identifying previously unrecognized hypertension in routine clinical or dental settings?,"Yes, sublingual varices can serve as a useful non-invasive screening indicator for identifying previously unrecognized hypertension in routine clinical or dental settings. The study found an association between sublingual varices and hypertension (OR = 2.25, p < 0.002), with a positive predictive value of 0.5 and a negative predictive value of 0.80. Examining the lateral borders of the tongue is easily done, causes no harm, and could be a valuable method for the dental profession to take an active part in preventive healthcare.","[""average home blood pressure ≥ 135 mmHg and/or ≥ 85 mmHg were referred to the \nprimary health care centre, where three office blood pressure measurements were \ntaken with one week intervals. Two independent blinded observers studied the \nphotographs of the tongues. Each photograph was graded as none/few (grade 0) or \nmedium/severe (grade 1) presence of sublingual varices. Pearson's Chi-square \ntest, Student's t-test, and multiple regression analysis were applied. Power \ncalculation stipulated a study population of 323 patients.\nRESULTS: An association between sublingual varices and hypertension was found \n(OR = 2.25, p < 0.002). Mean systolic blood pressure was 123 and 132 mmHg in \npatients with grade 0 and grade 1 sublingual varices, respectively (p < 0.0001,"", 'BACKGROUND: Sublingual varices have earlier been related to ageing, smoking and \ncardiovascular disease. The aim of this study was to investigate whether \nsublingual varices are related to presence of hypertension.\nMETHODS: In an observational clinical study among 431 dental patients tongue \nstatus and blood pressure were documented. Digital photographs of the lateral \nborders of the tongue for grading of sublingual varices were taken, and blood \npressure was measured. Those patients without previous diagnosis of hypertension \nand with a noted blood pressure ≥ 140 mmHg and/or ≥ 90 mmHg at the dental clinic \nperformed complementary home blood pressure during one week. Those with an \naverage home blood pressure ≥ 135 mmHg and/or ≥ 85 mmHg were referred to the', 'patients with grade 0 and grade 1 sublingual varices, respectively (p < 0.0001, \nCI 95 %). Mean diastolic blood pressure was 80 and 83 mmHg in patients with \ngrade 0 and grade 1 sublingual varices, respectively (p < 0.005, CI 95 %). \nSublingual varices indicate hypertension with a positive predictive value of 0.5 \nand a negative predictive value of 0.80.\nCONCLUSIONS: An association was found between sublingual varices and \nhypertension. Examining the lateral borders of the tongue is easily done, causes \nno harm and could be a valuable method for the dental profession to take active \npart in preventive healthcare.', 'OBJECTIVES: To determine whether there are differences between blood pressure \n(BP) measured by the nurse (NBP), BP measured by the physician (PBP) and \nself-measured BP in treated hypertensive patients and, if found, to evaluate \ntheir clinical importance.\nMETHOD: An observational study is carried out with hypertensive patients \nrecruited from two village-based community health centres in Catalonia (Spain) \nserving an area with a total population of 2800 inhabitants. All patients \ntreated for hypertension visiting the health centre on a specific day of the \nweek and during the same timetable between October 2000 and May 2001 were \nincluded.\nRESULTS: The difference between physician-systolic BP and nurse-systolic BP was', 'RESULTS: The portal venous pressure was decreased by 20% postoperatively in both \ngroups. The morbidity rate of portal venous system thrombosis in the EDWS group \nwas significantly lower than that in the MED group (P=0.032). The 1- and 3-year \nrecurrence rates of esophagogastric variceal hemorrhage were 0% and 4.5% in the \nEDWS group, and 0% and 8.7% in the MED group, respectively (P=0.631).\nCONCLUSIONS: EDWS is a safe and effective treatment for esophagogastric varices \nsecondary to portal hypertension in selected patients. Patients treated with \nEDWS had a lower complication rate of portal venous system thrombosis compared \nwith those treated with conventional MED.']","Sublingual varices can serve as a useful non-invasive screening indicator for hypertension, as their presence was significantly associated with elevated blood pressure and previously unrecognized hypertension. However, their predictive value was moderate, suggesting they are best used to complement rather than replace standard blood pressure assessment.",1.0
Can desflurane safely control surgically induced hypertension without impairing left ventricular function in patients undergoing vascular surgery who are at risk for cardiac morbidity?,"Yes, desflurane can safely control surgically induced hypertension without impairing left ventricular function in patients undergoing vascular surgery who are at risk for cardiac morbidity. This is demonstrated by the study, which found that when desflurane was added to restore blood pressure, there was no change in heart rate, cardiac index, mean pulmonary arterial pressure, stroke volume, end-diastolic and end-systolic cross-sectional areas, fractional area change, and left ventricular circumferential fiber shortening. The study concludes that desflurane is effective in controlling intraoperative hypertension without a major cardiac depressant effect in these patients.","['BACKGROUND: Although desflurane is commonly used to control surgically induced \nhypertension, its effects on left ventricular (LV) function have not been \ninvestigated in this clinical situation. The purpose of the present study was to \nevaluate the LV function response to desflurane, when used to control \nintraoperative hypertension.\nMETHODS: In 50 patients, scheduled for vascular surgery, anesthesia was induced \nwith sufentanil 0.5 microg/kg, midazolam 0.3 mg/kg and atracurium 0.5 mg/kg. \nAfter tracheal intubation, anesthesia was maintained with increments of drugs \nwith controlled ventilation (N2O/O2=60/40%) until the start of surgery. A 5 Mhz \ntransesophageal echocardiography (TEE) probe was inserted after intubation.', 'vascular resistance index (SVRI), end-systolic wall-stress (ESWS) and \nleft-ventricular stroke work index (LVSWI) increased with incision until the \nhypertension returned to post-induction values with mean end-tidal concentration \nof 5.1+/-0.7% desflurane. No change in heart rate, cardiac index, mean pulmonary \narterial pressure, stroke volume, end-diastolic and end-systolic cross-sectional \nareas, fractional area change and left ventricular circumferential fiber \nshortening was noted when desflurane was added to restore blood pressure.\nCONCLUSION: This study demonstrates that in patients at risk for cardiac \nmorbidity undergoing vascular surgery, desflurane is effective to control \nintraoperative hypertension without fear of major cardiac depressant effect.', 'define risk groups, to more carefully select patients, and to offer a closer \nfollow-up during the postoperative course with early recognition and adequate \ntreatment. All future efforts should be focused on a further reduction of \nserious complications to make the LSG a widely accepted and safer procedure.', 'reperfusion. (2) CIP (n = 7): 4 times 5 min zero flow with 10 min reperfusion \neach - 60 min low flow (10%) - ischemia 60 min reperfusion. (3) IIP (n = 7): 50 \nmin normal flow - 10 min no flow - 60min low flow (10%) ischemia -4 60min \nreperfusion. (4) RI (n=6): gradual reduction to 10% flow during 60min - 60min \nlow flow (10%) ischemia - 60min reperfusion. At the end of each protocol, the \ninfarcted area was assessed.\nRESULTS: The infarct area in control hearts was 6.7+/-1.4% (means+/-SEM) of LV \ntotal area, in CIP hearts 2.6+/-0.8%, in IIP hearts 3.1+/-0.5%, and in RI hearts \n3.0+/-0.3% (all p<0.05 vs. control). The differences between the three \nprotection protocols were statistically not significant, and no protective \nprotocol reduced post-ischemic myocardial dysfunction.', 'OBJECTIVES: Precursor events are undesirable events that can lead to a \nsubsequent adverse event and have been associated with postoperative mortality. \nThe purpose of the present study was to determine whether precursor events are \nassociated with a composite endpoint of major adverse cardiac events (MACE) \n(death, acute renal failure, stroke, infection) in a low- to medium-risk \ncoronary artery bypass grafting, valve, and valve plus coronary artery bypass \ngrafting population. These events might be targets for strategies aimed at \nquality improvement.\nMETHODS: The present study was a retrospective cohort design performed at the \nQueen Elizabeth Health Science Centre. Low- to medium-risk patients who had \nexperienced postoperative MACE were matched 1:1 with patients who had not']","Desflurane effectively controlled intraoperative hypertension in patients undergoing vascular surgery without causing measurable impairment in cardiac output, stroke volume, or left ventricular function. This suggests that desflurane can safely manage surgically induced hypertension in high-risk cardiac patients without major cardiac depressant effects.",1.0
How do multimodal or combination treatment strategies compare with single or limited therapies in their effects on survival and patient benefit across different metastatic cancers?,"According to the provided context, multimodal or combination treatment strategies tend to have a more favorable impact on survival and patient benefit compared to single or limited therapies across different metastatic cancers.

In the context of ovarian neoplasms, Document (id='ee01f650-2451-5506-88b0-66c3c4f657bb') and Document (id='c8533c86-5066-53d6-994d-158f5d5b58dc') suggest that combining optimal surgery with chemotherapy appears to significantly prolong survival in selected patient groups, even in highly advanced settings. Multivariate analysis identified that systemic chemotherapy subsequent to surgery had a protective significant impact on overall survival (OS).

In the context of nasopharyngeal neoplasms, Document (id='9aec81d3-07b1-5004-9135-91528c32ca73') found that combined therapy (chemotherapy and other treatments) resulted in significantly longer median progression-free survival (PFS) and overall survival (OS) compared to chemotherapy alone. The median PFS and OS for patients treated with combined therapy were 45.6 months and 73.7 months, respectively, which were significantly longer than those treated with chemotherapy alone (23.7 months and 46.2 months, respectively).

In the context of urinary bladder neoplasms, Document (id='3b5e4eb4-4647-5e15-98f0-fd18a21789ad') implies that being part of a protocol group ( potentially receiving combination therapy) had better outcomes compared to the matched and remaining groups, with median overall survival of 76.3 months, 52.1 months, and 20.3 months, respectively.

Lastly, Document (id='3c5bd64b-4cd3-5c79-9bdf-b7725c80ff14') suggests that early detection and aggressive treatment of patients with a small number of metastatic lesions may improve long-term survival, which could be interpreted as supporting a multimodal approach.

Overall, the provided context suggests that multimodal or combination treatment strategies can have a more favorable impact on survival and patient benefit compared to single or limited therapies across different metastatic cancers.","['period, but were not entered into the SAKK study, as well as the remaining 57 \npatients treated during the study period for the same indication (remaining \ngroup).\nRESULTS: Median overall survival decreased from 76.3 months in the protocol \ngroup to 52.1 months in the matched group and to 20.3 months in the remaining \ngroup. The respective times of median recurrence-free survival were 67.2, 16.0, \nand 9.4 months. Tumor progression occurred in 46% of the protocol group compared \nwith 69% in the matched group and 65% in the remaining group (P < .05). \nCancer-related death was noted in 40% of the protocol group, 57% in the matched \ngroup, and 56% in the remaining group.\nCONCLUSION: These data suggest that being willing and fit enough for a', ""(95% CI: 5.9-18.18); P<0.001.Multivariate analysis indentified multifocal tumour \ndissemination to be of predictive significance for incomplete tumour resection, \nhigher operative morbidity and lower survival, while systemic chemotherapy \nsubsequent to QC had a protective significant impact on OS. No prognostic impact \nhad ascites, platinum resistance, high grading and advanced age.\nCONCLUSION: Even in this highly advanced setting of the third EOC relapse, \nmaximal therapeutic effort combining optimal surgery and chemotherapy appear to \nsignificantly prolong survival in a selected patients 'group'."", 'CONCLUSIONS: Patients with < or =5 metastatic sites had significantly better \nsurvival rates than patients with >5 lesions. Because existing sites of \nmetastatic disease may be the primary sites of origin for additional metastases, \nour findings suggest that early detection and aggressive treatment of patients \nwith a small number of metastatic lesions is worth testing as an approach to \nimproving long-term survival.', 'pattern: lower abdomen 85.7%; middle abdomen 79.6% and upper abdomen 42.9%. \nMedian duration of surgery was 292 min (range: a total macroscopic tumour \nclearance could be achieved. Rates of major operative morbidity and 30-day \nmortality were 28.6% and 2%, respectively.Mean follow-up from QC was 18.41 \nmonths (95% confidence interval (CI):12.64-24.18) and mean overall survival (OS) \n23.05 months (95% CI: 15.5-30.6). Mean OS for patients without vs any tumour \nresiduals was 43 months (95% CI: 26.4-59.5) vs 13.4 months (95% CI: 7.42-19.4); \nP=0.001. Mean OS for patients who received postoperative chemotherapy (n=18; \n36.7%) vs those who did not was 40.5 months (95% CI: 27.4-53.6) vs 12.03 months \n(95% CI: 5.9-18.18); P<0.001.Multivariate analysis indentified multifocal tumour', 'survival (OS) were carried out to determine the prognostic factors.\nRESULTS: The 3-year, 5-year, and 10-year of PMS and OS for the whole cohort were \n34.3%, 17.0%, 8.6% and 67.8%, 45.4%, 18.5%, respectively. The median PMS (45.6 \nmonths vs. 23.7 months) and OS (73.7 months vs. 46.2 months) of patients treated \nwith combined therapy was significantly longer than that of those treated with \nchemotherapy alone (P < 0.001). Age, disease-free interval (DFI) and treatment \nmodality were evaluated as independent prognostic factors of OS, while only age \nand treatment modality retain their independent significance in PMS analysis. In \nstratified survival analysis, compared to chemotherapy alone, combined therapy \ncould benefit the patients with DFI > 1 year, but not those with DFI ≤ 1 year.']","Combined or multimodal treatment strategies do not consistently improve survival across cancers, as combined therapy significantly prolonged survival in nasopharyngeal carcinoma with isolated lung metastasis. In contrast, combination chemotherapy in high-risk metastatic breast cancer showed no survival advantage over single-agent therapy and mainly differed in toxicity and quality-of-life outcomes.",0.9
How do serum leptin levels and EGFR mutation status differ in their prognostic and predictive value in advanced lung cancer?,"According to the provided context, serum leptin levels have no prognostic indications in advanced lung cancer patients, as stated in Document(id='46b318df-8af6-5b58-ac7b-dd052c6464bb'): ""Leptin is decreased in lung cancer, and there is lack of correlation with tumour‑related factors including prognosis."" 

On the other hand, EGFR mutation status, as discussed in Documents(id='4fd76a3f-ab2f-5c2d-a265-0ebc55f935a8' and 'd000173e-28e8-5074-8b5d-a2a801590ce1'), does not show significant differences in overall survival according to the status of EGFR mutations in both serum and tumor samples (P>0.05). However, serum samples might be used as an alternative to tumor tissue for analyzing EGFR mutation status in patients with advanced NSCLC.

In summary, both serum leptin levels and EGFR mutation status have limited prognostic value in advanced lung cancer, but EGFR mutation status may still be useful for predictive purposes, such as guiding treatment decisions, whereas serum leptin levels are not a useful clinical marker in lung cancer.","['AIM: The aim of the present study was to evaluate pre-treatment concentrations \nof leptin in patients with advanced lung cancer and to investigate possible \nassociations between their levels and clinicopathological variables, response to \ntherapy and overall survival.\nMATERIAL AND METHODS: There are 71 previously untreated patients with \ncytological or histological evidence of primary lung cancer who were admitted to \nthe oncology department between November 2013 and August 2014. Forty-five \nhealthy individuals with age, sex and BMI matching the lung cancer patients, \nwere recruited to take part in the study as a control group. Leptin levels were \nmeasured quantitatively by using a microELISA kit.\nRESULTS: The serum leptin levels at diagnosis were significantly lower in lung', 'RESULTS: The serum leptin levels at diagnosis were significantly lower in lung \ncancer patients than those in control subjects (4.75±4.91 ng/ml, 9.67±8.02 \nng/ml; p<0.001). We did not find any significant difference in leptin values \nrelated to clinicopathological parameters such as ECOG PS, weight loss, \nhistological type, disease stage and TNM classification. Nevertheless, we \ndemonstrated a significant correlation between serum leptin levels and BMI in \nlung cancer patients (correlation coefficient: 0.303; p>0.010). The analysis of \nserum leptin values did not show any association with the overall survival of \nthe patients.\nCONCLUSION: Our results showed that the serum leptin level has no prognostic \nindications in advanced lung cancer patients. Leptin is decreased in lung', 'indications in advanced lung cancer patients. Leptin is decreased in lung \ncancer, and there is lack of correlation with tumour‑related factors including \nprognosis. Therefore, leptin is not a useful clinical marker in lung cancer \n(Tab. 2, Fig. 2, Ref. 22).', 'BACKGROUND: Epidermal growth factor receptor (EGFR) mutations as prognostic or \npredictive marker in patients with non-small cell lung cancer (NSCLC) have been \nused widely. However, it may be difficult to get tumor tissue for analyzing the \nstatus of EGFR mutation status in large proportion of patients with advanced \ndisease.\nPATIENTS AND METHODS: We obtained pairs of tumor and serum samples from 57 \npatients with advanced NSCLC, between March 2006 and January 2009. EGFR mutation \nstatus from tumor samples was analyzed by genomic polymerase chain reaction and \ndirect sequence and EGFR mutation status from serum samples was determined by \nthe peptide nucleic acid locked nucleic acid polymerase chain reaction clamp.', 'samples (P<0.05). There was no significant differences in overall survival \naccording to the status of EGFR mutations in both serum and tumor samples \n(P>0.05).\nCONCLUSIONS: Serum sample might be alternatively used in the difficult time of \ngetting tumor tissue for analyzing the status of EGFR mutation status in \npatients with advanced NSCLC.']","Cancer biomarkers are not consistently reliable as prognostic indicators, as serum leptin levels showed no association with clinicopathological factors or overall survival in advanced lung cancer. In contrast, EGFR mutation status predicted response to targeted therapy but did not significantly affect overall survival, demonstrating that some biomarkers may guide treatment response without independently predicting prognosis.",1.0
How do treatment-related interventions and tumor biological characteristics differ in their influence on survival outcomes in non-small cell lung cancer?,"According to the provided context, treatment-related interventions and tumor biological characteristics have distinct influences on survival outcomes in non-small cell lung cancer (NSCLC). 

Tumor biological characteristics such as tumor size, histologic type, and bronchial resection margins are associated with survival outcomes. For instance, a tumor size ≤3cm, adenocarcinoma histologic type, and negative bronchial resection margins are linked to a more favorable outcome (Document id: 53347772-96ad-5d2e-8933-41c624514f29).

On the other hand, treatment-related interventions, including chemotherapy and palliative care, also impact survival outcomes. The effectiveness of these interventions can vary depending on factors like the patient's performance status and overall condition. For example, patients with a good-fair overall condition may have better survival outcomes compared to those with a poor overall condition (Document id: d4a26186-95e3-5bee-969e-53e3d84e2530).

Moreover, the context suggests that cytostatic treatment can be an independent predictor of survival in NSCLC patients (Document id: 05efbcc9-4480-5e35-98b9-cffb42c26a04). Additionally, patient's self-reported health-related quality of life (HRQOL) can provide independent prognostic information for survival in NSCLC patients (Document id: c46b042f-770d-5737-ab9c-53d8a07961df).

In summary, both treatment-related interventions and tumor biological characteristics play significant roles in influencing survival outcomes in NSCLC, with distinct factors contributing to prognosis and overall survival.","['OBJECTIVE: Few studies have assessed whether the advantage chemotherapy has been \nshown to have in treating advanced non-small lung carcinoma in clinical trials \nis transferrable to normal health care activity. This could explain the \nskepticism of a large number of pneumologists towards this treatment. The \nobjective of our study was to analyze prognostic factors related to survival and \nto see whether cytostatic treatment was an independent predictor.\nPATIENTS AND METHODS: Patients enrolled in the study had been diagnosed with \nnon-small cell carcinoma in stages IV or IIIB with pleural or N2-N3 involvement \nand with a performance status of 2 or below according to the Eastern Cooperative \nOncology Group (ECOG). Survival was analyzed with regard to the following', 'period, but were not entered into the SAKK study, as well as the remaining 57 \npatients treated during the study period for the same indication (remaining \ngroup).\nRESULTS: Median overall survival decreased from 76.3 months in the protocol \ngroup to 52.1 months in the matched group and to 20.3 months in the remaining \ngroup. The respective times of median recurrence-free survival were 67.2, 16.0, \nand 9.4 months. Tumor progression occurred in 46% of the protocol group compared \nwith 69% in the matched group and 65% in the remaining group (P < .05). \nCancer-related death was noted in 40% of the protocol group, 57% in the matched \ngroup, and 56% in the remaining group.\nCONCLUSION: These data suggest that being willing and fit enough for a', ""BACKGROUND: The aim of this prognostic factor analysis was to investigate if a \npatient's self-reported health-related quality of life (HRQOL) provided \nindependent prognostic information for survival in non-small cell lung cancer \n(NSCLC) patients.\nPATIENTS AND METHODS: Pretreatment HRQOL was measured in 391 advanced NSCLC \npatients using the EORTC QLQ-C30 and the EORTC Lung Cancer module (QLQ-LC13). \nThe Cox proportional hazards regression model was used for both univariate and \nmultivariate analyses of survival. In addition, a bootstrap validation technique \nwas used to assess the stability of the outcomes.\nRESULTS: The final multivariate Cox regression model retained four parameters as \nindependent prognostic factors for survival: male gender with a hazard ratio"", 'survival of stage I non-small cell lung carcinoma remains low as compared to \nsurvival of other solid organ neoplasm. Tumour size <or=3cm, adenocarcinoma \nhistologic type and negative bronchial resection margins were associated with a \nmore favourable outcome in our patient population. More effective multimodality \ntreatments are needed to increase survival rates.', 'BACKGROUND AND PURPOSE: The present analysis compares two palliative treatment \nconcepts for lung cancer in terms of overall survival.\nPATIENTS AND METHODS: Survival data from 207\xa0patients were used in a \nretrospective analysis. All patients received palliative treatment comprising \neither 25\xa0Gy applied in 5\xa0fractions or 50\xa0Gy in 20\xa0fractions. A subgroup \nanalysis was performed to compare patients with a good-fair vs. poor overall \ncondition.\nRESULTS: Median survival times were 21\xa0weeks (range\xa06-26\xa0weeks) for patients \ntreated with 25\xa0Gy in 5\xa0fractions and 23\xa0weeks (range\xa014.5-31.5\xa0weeks) for \npatients treated with 50\xa0Gy in 20\xa0fractions (95\u2009% confidence interval, CI; \np\u2009=\u20090.334). For patients with a good-fair overall condition, median survival']","Both treatment strategies and tumor biological characteristics influence survival in non-small cell lung cancer, but active treatment interventions such as chemotherapy show a clear independent survival benefit in advanced disease. In contrast, in surgically treated early-stage disease, survival is primarily influenced by tumor features such as histology, tumor size, and resection margin status rather than additional systemic treatment.",0.8
Under what clinical circumstances can serum-based EGFR mutation testing serve as a reliable alternative to tumor tissue analysis in patients with advanced non-small cell lung cancer?,"According to the provided context, serum-based EGFR mutation testing can serve as a reliable alternative to tumor tissue analysis in patients with advanced non-small cell lung cancer (NSCLC) when it is difficult to obtain tumor tissue for analysis. This is stated in the document with id 'd000173e-28e8-5074-8b5d-a2a801590ce1', which mentions that ""Serum sample might be alternatively used in the difficult time of getting tumor tissue for analyzing the status of EGFR mutation status in patients with advanced NSCLC.""","['samples (P<0.05). There was no significant differences in overall survival \naccording to the status of EGFR mutations in both serum and tumor samples \n(P>0.05).\nCONCLUSIONS: Serum sample might be alternatively used in the difficult time of \ngetting tumor tissue for analyzing the status of EGFR mutation status in \npatients with advanced NSCLC.', 'BACKGROUND: Epidermal growth factor receptor (EGFR) mutations as prognostic or \npredictive marker in patients with non-small cell lung cancer (NSCLC) have been \nused widely. However, it may be difficult to get tumor tissue for analyzing the \nstatus of EGFR mutation status in large proportion of patients with advanced \ndisease.\nPATIENTS AND METHODS: We obtained pairs of tumor and serum samples from 57 \npatients with advanced NSCLC, between March 2006 and January 2009. EGFR mutation \nstatus from tumor samples was analyzed by genomic polymerase chain reaction and \ndirect sequence and EGFR mutation status from serum samples was determined by \nthe peptide nucleic acid locked nucleic acid polymerase chain reaction clamp.', 'validation are likely to include a reduction in the number of core samples \nneeded to achieve a reliable histological diagnosis (and a possible reduction in \nthe risk of tumor cell displacement), reduced procedure time and lower costs.', 'INTRODUCTION: Longer duration of neoadjuvant (NA) imatinib\xa0(IM) used for locally \nadvanced (LA) gastrointestinal stromal tumours (GIST) is not based on biology of \nthe tumour reflected by kit mutation analysis.\nMATERIAL AND METHODS: LA or locally recurrent (LR) GIST treated with NA IM from \nMay 2008 to March 2015 from a prospective database were included in\xa0the \nanalysis. Archived formalin-fixed paraffin-embedded tissues (FFPE) were used for \ntesting KIT exons 9, 11, 13 and 17 by PCR.\nRESULTS: One hundred twenty-five patients with LA or LR GIST were treated with \nNA IM. Forty-five patients (36\xa0%) had undergone c-kit mutation testing. Exon 11 \nwas seen in 25 patients (55.5\xa0%), 3 with exon 9 (6.7\xa0%) and 2 with exon 13 \n(4.4\xa0%). Twelve were wild type (26.6\xa0%) and \xa03 (6.7 %) were declared', 'OBJECTIVE: Few studies have assessed whether the advantage chemotherapy has been \nshown to have in treating advanced non-small lung carcinoma in clinical trials \nis transferrable to normal health care activity. This could explain the \nskepticism of a large number of pneumologists towards this treatment. The \nobjective of our study was to analyze prognostic factors related to survival and \nto see whether cytostatic treatment was an independent predictor.\nPATIENTS AND METHODS: Patients enrolled in the study had been diagnosed with \nnon-small cell carcinoma in stages IV or IIIB with pleural or N2-N3 involvement \nand with a performance status of 2 or below according to the Eastern Cooperative \nOncology Group (ECOG). Survival was analyzed with regard to the following']","Serum-based EGFR mutation testing can serve as a reliable alternative in patients with advanced non-small cell lung cancer when obtaining tumor tissue is difficult or not feasible. Although not a complete substitute for tissue analysis, serum testing showed strong concordance with tumor mutation status and similarly predicted response to EGFR-targeted therapy.",1.0
"How do geographic access barriers and socioeconomic status differ in their impact on cancer diagnosis, treatment timing, and quality-of-life outcomes?","According to the provided context, socioeconomic status has a significant impact on cancer patients' quality of life, with lower socioeconomic status patients experiencing more health problems, less functioning, and more symptoms (Document id='695063ea-8ae4-5db6-aa2e-87c41bbe52d3'). Specifically, physical mobility, energy, role functioning, physical functioning, and breathlessness were significantly different at baseline between lower and higher socioeconomic status patients.

In contrast, geographic access barriers, such as driving distance or time to healthcare providers, may also impact cancer diagnosis and treatment timing. A study of Medicaid patients in Washington State found that longer driving times or distances were associated with later stage at diagnosis for breast cancer patients (Document id='87f68264-2832-5ac1-bcaf-abb4475df2c5'). However, the context does not provide direct evidence on how geographic access barriers impact quality-of-life outcomes.

It is worth noting that the context also mentions that the relationship between socioeconomic status and cancer outcomes may vary across different countries and populations (Document id='8d7c4922-0da9-5ab1-a712-90ea030020e0'). Additionally, a study in Australia found that rural patients with cancer can receive similar chemotherapy regimens as urban patients, with similar safety profiles, suggesting that geographic access barriers may not necessarily impact treatment outcomes (Document id='3e429a3e-e9b1-51a8-bf5d-727f22a7768e'). 

Overall, the provided context suggests that both socioeconomic status and geographic access barriers can impact cancer diagnosis, treatment timing, and quality-of-life outcomes, but the nature and extent of these impacts may vary depending on the specific population and context.","[""BACKGROUND: As part of a prospective study on quality of life in newly diagnosed \nlung cancer patients an investigation was carried out to examine whether there \nwere differences among patients' quality of life scores and their socioeconomic \nstatus.\nMETHODS: Quality of life was measured at two points in time (baseline and three \nmonths after initial treatment) using three standard instruments; the Nottingham \nHealth Profile (NHP), the European Organization for Research and Cancer \nTreatment Quality of Life Questionnaire (EORTC QLQ-C30) and its lung cancer \nsupplement (QLQ-LC13). Socioeconomic status for each individual patient was \nderived using Carstairs and Morris Deprivation Category ranging from 1 (least \ndeprived) to 7 (most deprived) on the basis of the postcode sector of their"", 'deprived) to 7 (most deprived) on the basis of the postcode sector of their \naddress.\nRESULTS: In all, 129 lung cancer patients entered into the study. Of these data \nfor 82 patients were complete (at baseline and follow-up). 57% of patients were \nof lower socioeconomic status and they had more health problems, less \nfunctioning, and more symptoms as compared to affluent patients. Of these, \nphysical mobility (P = 0.05), energy (P = 0.01), role functioning (P = 0.04), \nphysical functioning (P = 0.03), and breathlessness (P = 0.02) were significant \nat baseline. However, at follow-up assessment there was no significant \ndifference between patient groups nor did any consistent pattern emerge.\nCONCLUSION: At baseline assessment patients of lower socioeconomic status showed', 'BACKGROUND: It is uncertain whether the inverse equity hypothesis-the idea that \nnew health interventions are initially primarily accessed by the rich, but that \ninequalities narrow with diffusion to the poor-holds true for cancer screening \nin low and middle income countries (LMICs).This study examines the relationship \nbetween overall coverage and economic inequalities in coverage of cancer \nscreening in four middle-income countries.\nMETHODS: Secondary analyses of cross-sectional data from the WHO study on Global \nAgeing and Adult Health in China, Mexico, Russia and South Africa (2007-2010). \nThree regression-based methods were used to measure economic inequalities: (1) \nAdjusted OR; (2) Relative Index of Inequality (RII); and (3) Slope Index of \nInequality.', ""BACKGROUND: To provide equality of cancer care to rural patients, Townsville \nCancer Centre administers intensive chemotherapy regimens to rural patients with \nnode-positive breast and metastatic colorectal cancers at the same doses as \nurban patients. Side-effects were usually managed by rural general practitioners \nlocally.\nAIM: The aim is to determine the safety of this practice by comparing the \nprofile of serious adverse events and dose intensities between urban and rural \npatients at the Townsville Cancer Centre.\nMETHOD: A retrospective audit was conducted in patients with metastatic \ncolorectal and node-positive breast cancers during a 24-month period. Fisher's \nexact test was used for analysis. Rurality was determined as per rural, remote \nand metropolitan classification."", 'PURPOSE: Distance to provider might be an important barrier to timely diagnosis \nand treatment for cancer patients who qualify for Medicaid coverage. Whether \ndriving time or driving distance is a better indicator of travel burden is also \nof interest.\nMETHODS: Driving distances and times from patient residence to primary care \nprovider were calculated for 3,917 breast, colorectal (CRC) and lung cancer \nMedicaid patients in Washington State from 1997 to 2003 using MapQuest.com. We \nfitted regression models of stage at diagnosis and time-to-treatment (number of \ndays between diagnosis and surgery) to test the hypothesis that travel burden is \nassociated with timely diagnosis and treatment of cancer.\nFINDINGS: Later stage at diagnosis for breast cancer Medicaid patients is']","Access-related and socioeconomic factors influence early cancer outcomes in different ways, with greater travel burden being associated with later-stage diagnosis and delayed treatment in some cancers, while lower socioeconomic status is associated with poorer baseline quality of life. However, socioeconomic differences in quality of life were not maintained after treatment, suggesting that these factors may affect early presentation and baseline health status more consistently than post-treatment outcomes.",1.0
How do anatomical lymph node involvement and lymph node microenvironmental changes differ in their prognostic and staging value in lung cancer?,"According to the provided context, anatomical lymph node involvement and lymph node microenvironmental changes have different prognostic and staging values in lung cancer. 

The metastasis status of station 9 lymph nodes had no significant influence on tumor staging or prognosis (Document id='a731a756-cc47-56f3-9707-38b9b9c1e2d4'). In contrast, the properties of the immune cell microenvironment of regional lymph nodes (LNs) positive for lung cancer were analyzed, and parameters such as propensity for apoptosis, level of TCR zeta chain expression of T cells, and the number and maturation status of dendritic cells were assessed (Document id='a2042f82-6f99-56d4-adfb-1e6ea5ba2918'). 

However, the context does not provide a direct comparison between anatomical lymph node involvement and lymph node microenvironmental changes. It only suggests that lymph node microenvironmental changes may have prognostic significance, while anatomical lymph node involvement, specifically the metastasis status of station 9 lymph nodes, may not have a significant influence on tumor staging or prognosis.","['period, but were not entered into the SAKK study, as well as the remaining 57 \npatients treated during the study period for the same indication (remaining \ngroup).\nRESULTS: Median overall survival decreased from 76.3 months in the protocol \ngroup to 52.1 months in the matched group and to 20.3 months in the remaining \ngroup. The respective times of median recurrence-free survival were 67.2, 16.0, \nand 9.4 months. Tumor progression occurred in 46% of the protocol group compared \nwith 69% in the matched group and 65% in the remaining group (P < .05). \nCancer-related death was noted in 40% of the protocol group, 57% in the matched \ngroup, and 56% in the remaining group.\nCONCLUSION: These data suggest that being willing and fit enough for a', 'OBJECTIVE: We review our results on surgical treatment of patients with stage I \nnon-small cell lung carcinoma and we attempted to clarify the prognostic \nsignificance of some surgical--pathologic variables.\nMETHODS: From 1993 to 1999, 667 patients received curative lung resection and \ncomplete hilar and mediastinal lymphadenectomy for non-small cell lung cancer. \nOf these, there were 436 Stage I disease (65%), of whom 144 T1N0 and 292 T2N0. \nNo patients had pre- or postoperative radio- or chemotherapy. Prognostic \nsignificance of the following independent variables was tested using univariate \n(log-rank) and multivariate (Cox proportional-hazards) analysis: type of \nresection (sublobar vs lobectomy vs pneumonectomy), histology (squamous cell vs', 'BACKGROUND: The aim of this study was to analyze the properties of the immune \ncell microenvironment of regional lymph nodes (LNs) positive for lung cancer.\nMETHODS: Twenty-four patients operated on for stages T1 and T2 of the NSCLC, \nwere enrolled in the study. Peripheral blood and LN tissue were obtained from \ndifferent lymph node sites and levels. As a control, LN tissue was taken from \npatients diagnosed with emphysema or pneumothorax. The cells from randomly \nchosen LN were tested by multi-color flow cytometry. Separate portions of LN \nwere snap-frozen and examined for the presence of cytokeratin positive cells \n(CK). Propensity for apoptosis, level of TCR zeta chain expression of T cells \nand the number and maturation status of dendritic cells were confronted with the', 'OBJECTIVE: Few studies have assessed whether the advantage chemotherapy has been \nshown to have in treating advanced non-small lung carcinoma in clinical trials \nis transferrable to normal health care activity. This could explain the \nskepticism of a large number of pneumologists towards this treatment. The \nobjective of our study was to analyze prognostic factors related to survival and \nto see whether cytostatic treatment was an independent predictor.\nPATIENTS AND METHODS: Patients enrolled in the study had been diagnosed with \nnon-small cell carcinoma in stages IV or IIIB with pleural or N2-N3 involvement \nand with a performance status of 2 or below according to the Eastern Cooperative \nOncology Group (ECOG). Survival was analyzed with regard to the following', 'CONCLUSION: The metastasis rate of station 9 lymph nodes was significantly lower \nthan other mediastinal stations in lung cancer patients. The metastasis status \nof station 9 had no significant influence on tumor staging or prognosis. Routine \ndissection of station 9 lymph nodes may not be necessary, especially in patients \nwith a low T stage, upper or middle lobe tumors, or without intrapulmonary lymph \nnode metastasis.']","Lymph node-related factors do not contribute equally to lung cancer staging and prognosis, as metastasis in station 9 lymph nodes had minimal effect on staging or survival despite being part of routine surgical evaluation. In contrast, immune microenvironmental changes within mediastinal lymph nodes were strongly associated with metastatic involvement and may provide additional prognostic or staging information beyond anatomical node assessment.",1.0
"Does gender independently predict survival after surgical resection for non-small cell lung cancer once clinical, pathological, and histological differences are accounted for?","According to Document(id='c46b042f-770d-5737-ab9c-53d8a07961df'), the final multivariate Cox regression model retained four parameters as independent prognostic factors for survival, including ""male gender with a hazard ratio"". This suggests that gender does independently predict survival after surgical resection for non-small cell lung cancer. However, it is essential to note that the context does not provide information on whether this prediction holds once clinical, pathological, and histological differences are accounted for in the specific context of surgical resection.

Document(id='60ea114b-c0ac-5e43-94f5-9f345554f73b') provides additional information on the relationship between gender and survival in non-small cell lung cancer, stating that ""Overall 5-year survival of women was better than that of men (81% vs 70%, P < .001)"". However, this document does not explicitly address the question of whether gender independently predicts survival after surgical resection once clinical, pathological, and histological differences are accounted for.

In contrast, Document(id='65a3812b-013c-52aa-94c4-4399c5427231') focuses on surgical treatment of patients with stage I non-small cell lung carcinoma and investigates the prognostic significance of surgical-pathologic variables but does not provide direct evidence on the independent predictive value of gender for survival after accounting for other factors in the context of surgical resection.

Therefore, based on the provided context, the answer to the question is not definitively supported, as the documents do not comprehensively address the relationship between gender and survival after surgical resection for non-small cell lung cancer while controlling for clinical, pathological, and histological differences.","[""BACKGROUND: The aim of this prognostic factor analysis was to investigate if a \npatient's self-reported health-related quality of life (HRQOL) provided \nindependent prognostic information for survival in non-small cell lung cancer \n(NSCLC) patients.\nPATIENTS AND METHODS: Pretreatment HRQOL was measured in 391 advanced NSCLC \npatients using the EORTC QLQ-C30 and the EORTC Lung Cancer module (QLQ-LC13). \nThe Cox proportional hazards regression model was used for both univariate and \nmultivariate analyses of survival. In addition, a bootstrap validation technique \nwas used to assess the stability of the outcomes.\nRESULTS: The final multivariate Cox regression model retained four parameters as \nindependent prognostic factors for survival: male gender with a hazard ratio"", 'OBJECTIVE: We review our results on surgical treatment of patients with stage I \nnon-small cell lung carcinoma and we attempted to clarify the prognostic \nsignificance of some surgical--pathologic variables.\nMETHODS: From 1993 to 1999, 667 patients received curative lung resection and \ncomplete hilar and mediastinal lymphadenectomy for non-small cell lung cancer. \nOf these, there were 436 Stage I disease (65%), of whom 144 T1N0 and 292 T2N0. \nNo patients had pre- or postoperative radio- or chemotherapy. Prognostic \nsignificance of the following independent variables was tested using univariate \n(log-rank) and multivariate (Cox proportional-hazards) analysis: type of \nresection (sublobar vs lobectomy vs pneumonectomy), histology (squamous cell vs', 'performed for all age and treatment categories, followed by a multivariate cox \nregression of treatment status, tumor site, race, stage, and sex per age group.\nRESULTS: A total of 14,909 patients with OPSCC were identified. In our \ndemographic data, we observed a significant increase in the number of patients \nwho did not receive treatment (surgery, radiation, or combined therapy) after \nage 55. Kaplan-Meier analysis showed that age groups 65 to 74 and 75 to 84 had \nsubstantial benefits in DSS with surgery, radiation, or combined therapy. \nMultivariable analysis did not demonstrate any statistically significant \ndifference in the hazard ratios for combined treatment among age groups 45 to \n54, 55 to 64, 65 to 74, and 75 to 84.', 'adenocarcinoma and pathologic stage I in women were greater than those in men \n(93.6% vs 61.7% and 71.4% vs 58.6%, respectively) (P < .001). Overall 5-year \nsurvival of women was better than that of men (81% vs 70%, P < .001). In \nadenocarcinoma, the overall 5-year survival for women was better than that for \nmen in pathologic stage I (95% vs 87%, P < .001) and in pathologic stage II or \nhigher (58% vs 51%, P = .017). In non-adenocarcinoma, there was no significant \ngender difference in survival in pathologic stage I (P = .313) or pathologic \nstage II or higher (P = .770). The variables such as age, smoking status, \nhistology, and pathologic stage were used for propensity score matching, and \nsurvival analysis of propensity score-matched gender pairs did not show a', 'period, but were not entered into the SAKK study, as well as the remaining 57 \npatients treated during the study period for the same indication (remaining \ngroup).\nRESULTS: Median overall survival decreased from 76.3 months in the protocol \ngroup to 52.1 months in the matched group and to 20.3 months in the remaining \ngroup. The respective times of median recurrence-free survival were 67.2, 16.0, \nand 9.4 months. Tumor progression occurred in 46% of the protocol group compared \nwith 69% in the matched group and 65% in the remaining group (P < .05). \nCancer-related death was noted in 40% of the protocol group, 57% in the matched \ngroup, and 56% in the remaining group.\nCONCLUSION: These data suggest that being willing and fit enough for a']","Women with resected non-small cell lung cancer initially appeared to have better survival than men, but this advantage disappeared after adjusting for clinical and pathological confounders using propensity score matching. This suggests that gender alone was not an independent predictor of survival once differences in histology, stage, age, and smoking status were considered",1.0
Is exclusive chemoradiation a safe alternative to surgical resection for patients with mid or low infiltrative rectal carcinoma who achieve complete clinical response after treatment?,"According to Document(id='54ef68db-b680-5756-a6d7-92ea264c98f7'), patients with low rectal tumors who achieved complete response (CR) after chemoradiation (CRT) were not submitted to surgical treatment. Among the 10 cases with CR, 8 were not submitted to surgery, implying that exclusive chemoradiation can be a safe alternative for these patients. However, the document does not provide long-term follow-up data or comparison with surgical resection outcomes to fully support this claim. Therefore, based on the limited evidence provided, it can be suggested that exclusive chemoradiation might be a safe alternative for patients with mid or low infiltrative rectal carcinoma who achieve complete clinical response, but more comprehensive data is needed to confirm this.","['as part of their primary rectal cancer treatment were compared.\nMAIN OUTCOME MEASURES: The main outcomes of interest were resection margins, \noverall survival, disease-free survival, and surgical morbidities.\nRESULTS: There were 108 patients, of which 87 were eligible for analysis. \nPatients who received radiotherapy for their primary rectal cancer (n = 41) \nrequired more radical exenterations (68% vs 44%; p = 0.020), had lower rates of \nclear resection margins (63% vs 87%; p = 0.010), had increased rates of surgical \ncomplications per patient (p = 0.014), and had a lower disease-free survival (p \n= 0.022). Overall survival and disease-free survival in patients with clear \nmargins were also lower in the primary irradiated patients (p = 0.049 and p <', 'BACKGROUND: The main treatment for rectal carcinoma is surgery. Preoperative \nchemoradiation (CRT) is advocated to reduce local recurrence and improve \nresection of mid and low tethered rectal tumors.\nMETHODS: Fifty-two patients with mid or low rectal tumors underwent CRT \n(external beam radiation plus 5-fluorouracil plus folinic acid). Patients who \nhad low rectal tumors with complete response (CR) were not submitted to surgical \ntreatment. All other patients were submitted to surgery, independently of the \nresponse. Mean follow-up was 32.1 months.\nRESULTS: Five-year overall survival was 60.5%. Clinical evaluation after CRT \nshowed CR in 10 cases (19.2%), all low tumors; incomplete response (>50%) in 21 \n(40.4%); and no response (<50%) in 19 (36.6%). Among the 10 cases with CR, 8', 'margins were also lower in the primary irradiated patients (p = 0.049 and p < \n0.0001). This difference in survival persisted in multivariate analysis that \ncorrected for T and N stages of the primary tumor.\nLIMITATIONS: This study is limited by its retrospective nature and heterogeneous \nradiotherapy regimes among radiotherapy patients.\nCONCLUSIONS: Patients who previously received radiotherapy for primary rectal \ncancer treatment have worse oncologic outcomes than those who had not received \nradiotherapy after pelvic exenteration for locally recurrent rectal cancer.', 'potentially curative resection. Furthermore, there were seven local recurrences \nin patients operated by consultants (7.8%) when compared with four in the \ntrainee group (9.5%) and once again there was no statistical significance \nbetween the two groups (P = 0.719).\nCONCLUSION: We conclude that the quality of rectal cancer excision, as defined \nby mesorectal grades, achieved by supervised colorectal trainees is comparable \nwith that achieved by consultants.', 'pathological circumferential resection margin (CRM) and local recurrence.\nRESULTS: A consecutive series of 126 men with rectal cancer threatening (44) or \naffecting (82) the prostatic plane on preoperative staging and operated with \nlocal curative intent between 1998 and 2010 was analysed. In patients who did \nnot have chemoradiotherapy but had a preoperative threatened anterior margin the \nCRM-positive rate was 25.0%. In patients who did not have preoperative \nchemoradiotherapy but did have an affected margin, the CRM-positive rate was \n41.7%. When preoperative radiotherapy was given, the respective CRM infiltration \nrates were 7.1 and 20.7%. In patients having preoperative chemoradiotherapy \nfollowed by prostatic resection the rate of CRM positivity was 2.4%. Partial']","Exclusive chemoradiation is not a safe substitute for surgical resection in patients with low infiltrative rectal carcinoma, even when a complete clinical response is initially observed. Most patients managed without surgery developed early local recurrence, indicating that surgery remains necessary despite apparent response to chemoradiation",1.0
How do treatment center volume and cervical cancer screening practices differ in their impact on cancer outcomes across healthcare systems?,"The provided context does not contain direct information on how treatment center volume and cervical cancer screening practices differ in their impact on cancer outcomes across healthcare systems. However, some relevant insights can be gleaned from the documents.

Document '5f1293a5-62d1-5b07-a258-412c119123fc' discusses the adoption of Department of Health guidance in England, which advised case management by multidisciplinary teams with surgical concentration in specialist hospitals. This guidance was associated with an improvement in gynaecological cancer survival. This suggests that specialized treatment centers with multidisciplinary teams may have a positive impact on cancer outcomes.

Document 'a5b021c5-c553-53d3-a64e-ba02080b69fe' mentions that at the hospital level, a good score on composite measures based on process indicators was consistent with more favorable risk-adjusted short-term outcome rates for colon carcinoma. This implies that treatment center volume and quality may be related to better cancer outcomes.

There is no direct information on cervical cancer screening practices in the provided context. However, Document '87f68264-2832-5ac1-bcaf-abb4475df2c5' mentions that distance to healthcare providers might be an important barrier to timely diagnosis and treatment for cancer patients, which could be relevant to cancer screening practices.

In summary, while the provided context does not directly answer the question, it suggests that specialized treatment centers with multidisciplinary teams and high-quality process indicators may be associated with better cancer outcomes. However, more specific information on cervical cancer screening practices and their impact on cancer outcomes across healthcare systems is not available in the provided context.","['for colon carcinoma.\nCONCLUSIONS: For individual patients, a high score on the composite measures \nbased on process indicators is not associated with better short-term outcome. \nHowever, at the hospital level, a good score on the composite measures based on \nprocess indicators was consistent with more favourable risk-adjusted short-term \noutcome rates.', 'OBJECTIVE: Our hypothesis is that the adoption of Department of Health (DH) \nguidance has led to an improvement in outcome in gynaecological cancer survival.\nSETTING: In 1999 the DH in England introduced the Improving Outcomes in \nGynaecological Cancer guidance, advising case management by multidisciplinary \nteams with surgical concentration in specialist hospitals. This guidance was \nrapidly adopted in the East of England, with a population of 2.5 million.\nPOPULATION: The population of the Anglia Cancer Network was approximately 2.3 \nmillion.\nMETHODS: From 1996 to 2003, details of 3406 cases of gynaecological cancer were \nidentified in the Anglia region of England. Survival analysis was performed by \nCox proportional hazards regression, relative to cases diagnosed in 1996.', 'performed for all age and treatment categories, followed by a multivariate cox \nregression of treatment status, tumor site, race, stage, and sex per age group.\nRESULTS: A total of 14,909 patients with OPSCC were identified. In our \ndemographic data, we observed a significant increase in the number of patients \nwho did not receive treatment (surgery, radiation, or combined therapy) after \nage 55. Kaplan-Meier analysis showed that age groups 65 to 74 and 75 to 84 had \nsubstantial benefits in DSS with surgery, radiation, or combined therapy. \nMultivariable analysis did not demonstrate any statistically significant \ndifference in the hazard ratios for combined treatment among age groups 45 to \n54, 55 to 64, 65 to 74, and 75 to 84.', 'PURPOSE: Distance to provider might be an important barrier to timely diagnosis \nand treatment for cancer patients who qualify for Medicaid coverage. Whether \ndriving time or driving distance is a better indicator of travel burden is also \nof interest.\nMETHODS: Driving distances and times from patient residence to primary care \nprovider were calculated for 3,917 breast, colorectal (CRC) and lung cancer \nMedicaid patients in Washington State from 1997 to 2003 using MapQuest.com. We \nfitted regression models of stage at diagnosis and time-to-treatment (number of \ndays between diagnosis and surgery) to test the hypothesis that travel burden is \nassociated with timely diagnosis and treatment of cancer.\nFINDINGS: Later stage at diagnosis for breast cancer Medicaid patients is', 'period, but were not entered into the SAKK study, as well as the remaining 57 \npatients treated during the study period for the same indication (remaining \ngroup).\nRESULTS: Median overall survival decreased from 76.3 months in the protocol \ngroup to 52.1 months in the matched group and to 20.3 months in the remaining \ngroup. The respective times of median recurrence-free survival were 67.2, 16.0, \nand 9.4 months. Tumor progression occurred in 46% of the protocol group compared \nwith 69% in the matched group and 65% in the remaining group (P < .05). \nCancer-related death was noted in 40% of the protocol group, 57% in the matched \ngroup, and 56% in the remaining group.\nCONCLUSION: These data suggest that being willing and fit enough for a']","Healthcare system factors influence cancer outcomes through different mechanisms, with treatment at high-volume rectal cancer centers being associated with better treatment quality, lower postoperative mortality, and improved long-term survival. In contrast, standard cervical cancer screening intervals may fail to detect invasive cancers early in younger women, indicating that screening effectiveness can vary across patient populations.|",1.0
How do molecular genotype markers and inflammatory biomarkers differ in their usefulness for guiding treatment response and predicting clinical outcomes in cancer management?,"The provided context does not explicitly discuss the differences in usefulness between molecular genotype markers and inflammatory biomarkers for guiding treatment response and predicting clinical outcomes in cancer management. However, some relevant information can be inferred.

Document 'd9d6ea09-c17f-5d06-9b27-dd04b24a803e' mentions the use of prostate-specific antigen (PSA) levels, grade, and stage as classic triad predictors of biochemical recurrence (BCR) after radical prostatectomy. This suggests that molecular biomarkers like PSA can be useful in predicting treatment outcomes.

Document '43687007-970d-58c3-8726-fde3d8ec2db5' discusses the use of the nadir PSA level as a predictor of freedom from biochemical failure (FFBF) in prostate cancer patients. This further supports the idea that molecular biomarkers can be useful in predicting treatment outcomes.

Document 'e8a10efe-f926-5819-b0c5-ad0a88d371cd' mentions the use of laboratory test results, including biomarkers, in predicting survival outcomes in lung cancer patients. However, it does not specifically discuss the use of molecular genotype markers or inflammatory biomarkers.

Document '3b5e4eb4-4647-5e15-98f0-fd18a21789ad' discusses the use of adjuvant chemotherapy in bladder cancer patients and its impact on disease-free survival and overall survival. While it mentions the use of biomarkers, it does not specifically compare molecular genotype markers and inflammatory biomarkers.

Document 'c9c19f79-a86b-5958-803b-68265176a410' discusses the use of HER2 immunoreactivity as a prognostic factor in urothelial carcinoma patients. It suggests that HER2 immunoreactivity is associated with disease-specific overall survival and progression-free survival in advanced urothelial carcinoma patients.

In summary, while the provided context does not directly compare the usefulness of molecular genotype markers and inflammatory biomarkers, it suggests that molecular biomarkers like PSA and HER2 can be useful in predicting treatment outcomes and clinical outcomes in cancer management. However, more specific information is needed to fully address the question.","['OBJECTIVE: To examine the ability of various postoperative nomograms to predict \nprostate cancer-specific mortality (PCSM) and to validate that they could \npredict aggressive biochemical recurrence (BCR). Prostate-specific antigen \n(PSA), grade, and stage are the classic triad used to predict BCR after radical \nprostatectomy (RP). Multiple nomograms use these to predict risk of BCR. A \nprevious study showed that several nomograms could predict aggressive BCR \n(prostate-specific antigen doubling time [PSADT]\xa0<9 months) more accurately than \nBCR. However, it remains unknown if they can predict more definitive endpoints, \nsuch as PCSM.\nMETHODS: We performed Cox analyses to examine the ability of 4 postoperative \nnomograms, the Duke Prostate Center (DPC) nomogram, the Kattan postoperative', 'intermediate risk (n = 798), and high risk (n = 209) using a single-factor \nmodel.\nRESULTS: The 10-year freedom from biochemical failure (FFBF) rate was 68% for a \nNTDR <33% vs. 58% for NTDR >/=33% (p = 0.02; BF was defined as a \nprostate-specific antigen nadir + 2 ng/mL). In the low-risk group, the 10-year \nFFBF rate was 82% for NTDR <33% vs. 57% for NTDR >/=33% (p = 0.0019). The NTDR \nwas independently predictive for FFBF (p = 0.03), in addition to T stage (p = \n0.005) and initial prostate-specific antigen level (p < 0.0001) on multivariate \nanalysis, including Gleason score and radiation dose. The NTDR was not a \nsignificant predictor of FFBF when examined in the intermediate-risk group, \nhigh-risk group, or all risk groups combined.', 'Oncology Group (ECOG). Survival was analyzed with regard to the following \nvariables: age, sex, comorbidity, weight loss, laboratory test results, \nhistological type, ECOG score, TNM staging, and treatment. The Student t test, \nthe chi(2) test, the Kaplan-Meier method, the log-rank test, and Cox regression \nanalysis were used in the statistical analysis.\nRESULTS: We enrolled 190 patients (157 men and 33 women) with a mean (SD) age of \n61.75 (10.85) years (range, 33-85 years). Of these patients, 144 received \ncytostatic treatment and 46 palliative treatment. The median survival was 31 \nweeks and was related to absence of weight loss (hazard ratio [HR], 1.73; 95% \nconfidence interval [CI], 1.26-2.39; P=.001), cytostatic treatment (HR, 1.85;', 'period, but were not entered into the SAKK study, as well as the remaining 57 \npatients treated during the study period for the same indication (remaining \ngroup).\nRESULTS: Median overall survival decreased from 76.3 months in the protocol \ngroup to 52.1 months in the matched group and to 20.3 months in the remaining \ngroup. The respective times of median recurrence-free survival were 67.2, 16.0, \nand 9.4 months. Tumor progression occurred in 46% of the protocol group compared \nwith 69% in the matched group and 65% in the remaining group (P < .05). \nCancer-related death was noted in 40% of the protocol group, 57% in the matched \ngroup, and 56% in the remaining group.\nCONCLUSION: These data suggest that being willing and fit enough for a', ""disease-specific overall survival (OS) using univariate and multivariate Cox's \nanalyses.\nRESULTS: Urothelial carcinoma of the bladder had a significantly higher \nfrequency of HER2 immunoreactivity than that of the upper urinary tract (60.7 \nvs. 20.7%, p < 0.0001). Overall, nodal status was a strong and independent \nprognostic indicator for clinical outcome. The HER2 immunoreactivity was \nsignificantly associated with PFS (p = 0.02) and disease-specific OS (p = 0.005) \nin advanced urothelial carcinoma patients. As for patients with adjuvant M-VEC, \nHER2 immunoreactivity was a significant prognostic factor for PFS (p = 0.03) and \ndisease-specific OS (p = 0.02) using univariate analysis, but not multivariate \nanalysis, and not for patients receiving watchful waiting.""]","Biomarkers differ in their clinical utility, with BRAF mutation in radioiodine-refractory thyroid cancer being associated with longer progression-free survival during tyrosine kinase inhibitor treatment but not serving as an independent prognostic factor. In contrast, preoperative C-reactive protein levels in localized prostate cancer showed no independent predictive value for pathological stage, nodal involvement, or surgical margin status.",0.9333333333333333
How does a history of prior benign prostate biopsy specifically influence pathological and biochemical outcomes after radical perineal prostatectomy for localized prostate cancer?,"A history of prior benign prostate biopsy is associated with more favorable pathological features after radical perineal prostatectomy for localized prostate cancer. Specifically, patients with a prior benign biopsy had more organ-confined disease (74% vs 64%; P < 0.001) and less margin-positive disease (9.8% vs 18%). Additionally, they had improved biochemical disease-free survival, with only 24 patients (12%) in the study group experiencing biochemical failure, compared to 20% in the control group (P = 0.01). The odds ratio for biochemical failure was 0.57 (P < 0.001) in patients with prior benign biopsies, indicating a lower probability of biochemical failure.","['OBJECTIVES: To determine the effect of prior benign prostate biopsies on the \nsurgical and clinical outcomes of patients treated with radical perineal \nprostatectomy for prostate cancer.\nMETHODS: A total of 1369 patients with clinically localized prostate cancer \nunderwent radical prostatectomy by a single surgeon between 1991 and 2001. A \nsubset of 203 patients (14.9%), who had undergone at least one prior benign \nprostate biopsy for a rising prostate-specific antigen and/or abnormal digital \nrectal examination, constituted our study population. A total of 1115 patients \nwith no prior biopsy represented our control group. After prostatectomy, \npatients were evaluated at 6-month intervals for biochemical evidence of \nrecurrence, defined as a prostate-specific antigen level of 0.5 ng/mL or', 'recurrence, defined as a prostate-specific antigen level of 0.5 ng/mL or \ngreater.\nRESULTS: Patients with a prior benign biopsy had more favorable pathologic \nfeatures with more organ-confined (74% versus 64%; P <0.001) and less \nmargin-positive (9.8% versus 18%) disease. Only 24 patients (12%) in the study \ngroup (versus 20% in control group; P = 0.01) had eventual evidence of \nbiochemical failure. Kaplan-Meier analyses suggested that patients with prior \nbenign biopsies have improved biochemical disease-free survival, especially for \nthose with more aggressive disease (Gleason sum 7 or greater; P <0.01). Overall, \npatients in the study group had lower probability (odds ratio 0.57, P <0.001) of \nbiochemical failure compared with those in the control group.', 'OBJECTIVE: To examine the ability of various postoperative nomograms to predict \nprostate cancer-specific mortality (PCSM) and to validate that they could \npredict aggressive biochemical recurrence (BCR). Prostate-specific antigen \n(PSA), grade, and stage are the classic triad used to predict BCR after radical \nprostatectomy (RP). Multiple nomograms use these to predict risk of BCR. A \nprevious study showed that several nomograms could predict aggressive BCR \n(prostate-specific antigen doubling time [PSADT]\xa0<9 months) more accurately than \nBCR. However, it remains unknown if they can predict more definitive endpoints, \nsuch as PCSM.\nMETHODS: We performed Cox analyses to examine the ability of 4 postoperative \nnomograms, the Duke Prostate Center (DPC) nomogram, the Kattan postoperative', 'PURPOSE: We examined whether the year in which radical prostatectomy (RP) was \nperformed is a predictor of treatment outcome after controlling for standard \nprognostic factors.\nMATERIALS AND METHODS: We examined the association between RP year and outcome \nin 6,556 patients from 7 centers using preoperative and pathological features. \nPatients underwent surgery between 1985 and 2000. The variables analyzed were RP \nyear, clinical stage, pretreatment prostate specific antigen, biopsy Gleason \nsum, RP Gleason sum, margin status, level of extracapsular extension, seminal \nvesicle status, lymph node status, neoadjuvant hormones and adjuvant therapy. \nMedian followup was 23 months (maximum 166). Separate Cox multivariate', 'INTRODUCTION: Prostate-specific antigen (PSA) levels can show wide fluctuations \nwhen repeatedly measured. Here we investigatewd if: (a) biopsy timing influences \nthe prostate cancer (PC) detection rate in patients with fluctuating PSA \n(flu-PSA) in comparison with patients with steadily increasing PSA (si-PSA); (b) \nPSA slope estimated in patients with flu-PSA predicts a different risk of cancer \ndetection; (c) flu-PSA and si-PSA patients develop PC in topographically \ndifferent sites; (d) the behaviour of pre-operative PSA is an expression of a \ndisease with defferent characteristics to the following radical prostatectomy.\nMETHODS: The study involved 211 patients who underwent at least a second biopsy \nafter a first negative prostate biopsy. PSA Slope, PSA velocity (PSAV) and PSA']","Patients with localized prostate cancer who had at least one prior benign prostate biopsy showed more favorable pathological findings and improved biochemical disease-free survival after radical perineal prostatectomy. This prior diagnostic history was associated with more organ-confined disease, lower margin positivity, and a reduced likelihood of biochemical recurrence.|",1.0
"Which cytological preparation methods provide the most accurate detection of malignant findings in urinary cytology, particularly for high-grade urothelial lesions?","Liquid-based preparations, specifically ThinPrep and SurePath, provide the most accurate detection of malignant findings in urinary cytology, particularly for high-grade urothelial lesions. According to the results, liquid-based preparations showed a statistically significant better performance in detecting high-grade urothelial carcinoma/carcinoma in situ/dysplasia (HGUCA) compared to classic preparations (94% vs 91.1%, P < .001). However, no significant difference was observed for adenocarcinoma (96.3% vs 95.8%, P = .77) or squamous cell carcinoma (93.6% vs 87.7%, P = .07).","['CONTEXT: The cytomorphology of liquid-based preparations in urine cytology is \ndifferent than classic slide preparations.\nOBJECTIVES: To compare the performance of liquid-based preparation specimens to \nclassically prepared urine specimens with a malignant diagnosis in the College \nof American Pathologists Interlaboratory Comparison Program in Nongynecologic \nCytology.\nDESIGN: Participant responses between 2000 and 2007 for urine specimens with a \nreference diagnosis of high-grade urothelial carcinoma/carcinoma in \nsitu/dysplasia (HGUCA), squamous cell carcinoma, or adenocarcinoma were \nevaluated. ThinPrep and SurePath challenges were compared with classic \npreparations (smears, cytospins) for discordant responses.\nRESULTS: There were 18 288 pathologist, 11 957 cytotechnologist, and 8086', 'urinary slide types and for the exact reference interpretation of HGUCA (94% \nversus 91.1%; P < .001) but not adenocarcinoma (96.3% versus 95.8%; P = .77) or \nsquamous cell carcinoma (93.6% versus 87.7%; P = .07).\nCONCLUSIONS: Liquid-based preparations performed significantly better in urinary \ncytology challenges when evaluating malignant categories in the College of \nAmerican Pathologists interlaboratory comparison program. The liquid-based \npreparation challenges also performed better for the exact reference \ninterpretation of HGUCA, but no difference was observed for adenocarcinoma \nchallenges. Cytotechnologists perform better than pathologists for all slide \ntypes, as well as those demonstrating HGUCA. These results suggest that', 'RESULTS: There were 18 288 pathologist, 11 957 cytotechnologist, and 8086 \n""laboratory"" responses available. Classic preparations comprised 90% (n = 34 \n551) of urine challenges; 9% (n = 3295) were ThinPrep and 1% (n = 485) were \nSurePath. Concordance to the general category of ""positive-malignant"" was seen \nin 92% of classic preparations, 96.5% of ThinPrep, and 94.6% of SurePath \nchallenges (P < .001). These results were statistically different for the exact \nreference interpretation of HGUCA (P < .001) but not for adenocarcinoma (P = \n.22). Cytotechnologists demonstrate statistically better performance for the \ngeneral category of ""positive-malignant"" compared with pathologists for all \nurinary slide types and for the exact reference interpretation of HGUCA (94%', ""OBJECTIVES: To compare the accuracy achieved by a trained urology nurse \npractitioner (UNP) and consultant urologist in detecting bladder tumours during \nflexible cystoscopy.\nPATIENTS AND METHODS: Eighty-three patients underwent flexible cystoscopy by \nboth the UNP and consultant urologist, each unaware of the other's findings. \nBefore comparing the findings, each declared whether there was tumour or any \nsuspicious lesion requiring biopsy.\nRESULTS: Of 83 patients examined by flexible cystoscopy, 26 were found to have a \ntumour or a suspicious lesion. One tumour was missed by the UNP and one by the \nurologist; each tumour was minute. Analysis using the chance-corrected \nproportional agreement (Kappa) was 0.94, indicating very close agreement."", 'PURPOSE: To assess whether eligibility to an adjuvant chemotherapy protocol in \nitself represents a good prognostic factor after radical cystectomy for bladder \ncancer.\nPATIENTS AND METHODS: Between April 1984 and May 1989, our institution entered \n35 patients with invasive bladder cancer into the Swiss Group for Clinical and \nEpidemiological Cancer Research (SAKK) study 09/84. They were randomly assigned \nto either observation or three postoperative courses of cisplatin monotherapy \nafter cystectomy. This study had a negative result. The outcome of these 35 \npatients (protocol group) was compared with an age- and tumor-stage-matched \ncohort (matched group; n = 35) who also underwent cystectomy during the same \nperiod, but were not entered into the SAKK study, as well as the remaining 57']","Liquid-based cytology preparations demonstrated higher diagnostic accuracy than conventional slide preparations for malignant urinary cytology, particularly in identifying high-grade urothelial lesions. ThinPrep showed the highest concordance with reference diagnoses, indicating that preparation method can specifically influence cytological detection accuracy.",0.5
How do intraoperative neuromonitoring and postoperative anastomotic leakage differ in their impact on long-term functional outcomes after rectal cancer surgery?,"Intraoperative neuromonitoring (IONM) is associated with significant lower rates of urinary and anorectal dysfunction after rectal cancer surgery, as stated in Document (id='86075d6e-5179-5fd6-94c8-641163a6b126'). On the other hand, postoperative anastomotic leakage is a threatening complication that can impact functional outcomes, with 22 patients experiencing clinically relevant leakage, as reported in Document (id='896b2aa2-f80c-57b1-9b0c-f0fd8d483b12'). The study found that patients with anastomotic leakage had different functional results compared to those with uneventful recovery. However, a direct comparison between the impact of IONM and anastomotic leakage on long-term functional outcomes is not provided in the given context.","[""AIMS: Intraoperative neuromonitoring (IONM) aims to control nerve-sparing total \nmesorectal excision (TME) for rectal cancer in order to improve patients' \nfunctional outcome. This study was designed to compare the urogenital and \nanorectal functional outcome of TME with and without IONM of innervation to the \nbladder and the internal anal sphincter.\nMETHODS: A consecutive series of 150 patients with primary rectal cancer were \nanalysed. Fifteen match pairs with open TME and combined urogenital and \nanorectal functional assessment at follow up were established identical \nregarding gender, tumour site, tumour stage, neoadjuvant radiotherapy and type \nof surgery. Urogenital and anorectal function was evaluated prospectively on the"", 'BACKGROUND: Anastomotic leakage is the most threatening early complication in \nsphincter-preserving rectal cancer surgery. While the oncological consequences \nhave been well examined, only few data exist about the functional outcome.\nPATIENTS AND METHODS: We investigated continence function in 150 patients after \ncurative sphincter-preserving rectal cancer surgery. Functional results were \ncompared in 22 patients with a clinically relevant anastomotic leakage, \nconfirmed radiologically or endoscopically, and 128 patients with uneventful \nrecovery. Evaluation of continence function was based on the Cleveland Clinic \nContinence Score and was examined in all patients with anastomotic leakage and \nin 111 patients without complications 107+/-46 weeks postoperatively.', 'CONCLUSIONS: In this study TME with IONM was associated with significant lower \nrates of urinary and anorectal dysfunction. Prospective randomized trials are \nmandatory to evaluate the definite role of IONM in rectal cancer surgery.', 'Collaborators: Bemelman WA, Busch OR, van Dam RM, Jansen-Landheer ML, Karsten \nTM, van Krieken JH, Kuijpers WG, Lemmens VE, Manusama ER, Meijerink JH, Rutten \nHJ.\nAuthor information:\n(1)Department of Surgery, Leiden University Medical Center, PO Box 9600, Leiden \n2300 RC, The Netherlands.\nOBJECTIVE: To determine if composite measures based on process indicators are \nconsistent with short-term outcome indicators in surgical colorectal cancer \ncare.\nDESIGN: Longitudinal analysis of consistency between composite measures based on \nprocess indicators and outcome indicators for 85 Dutch hospitals.\nSETTING: The Dutch Surgical Colorectal Audit database, the Netherlands.\nPARTICIPANTS: 4732 elective patients with colon carcinoma and 2239 with rectum', 'AIM: Colorectal resection is frequently performed during cytoreductive surgery \nfor gynaecological malignancy. The aim of this study was to assess the safety of \ncolorectal anastomosis, and especially low rectal anastomosis, in the absence of \na protective stoma in patients with gynaecological cancer and peritoneal \nmetastasis.\nMETHOD: Patient data were retrospectively collected from a database for \ngynaecological cancer procedures carried out between January 2013 and July 2015. \nAll patients who underwent a colorectal resection during cytoreduction were \nincluded in the study. The primary outcome was anastomotic leakage in the \npresence or absence of a diverting stoma. Secondary outcome parameters were \ncomplications and reoperations.']","Intraoperative neuromonitoring during total mesorectal excision was associated with significantly lower rates of postoperative urinary and anorectal dysfunction, indicating improved functional outcomes. In contrast, clinically significant anastomotic leakage after sphincter-preserving rectal resection did not significantly impair long-term continence or sphincter function, suggesting that adjunct technologies and postoperative complications may influence functional recovery differently.",1.0
Under what training conditions can rectal cancer surgery achieve outcomes comparable to those of experienced consultants in total mesorectal excision?,"Under supervision, colorectal trainees can achieve outcomes comparable to those of experienced consultants in total mesorectal excision, as measured by mesorectal grades. This is based on a study that found no statistical significance in the quality of rectal cancer excision between supervised trainees and consultants.","['potentially curative resection. Furthermore, there were seven local recurrences \nin patients operated by consultants (7.8%) when compared with four in the \ntrainee group (9.5%) and once again there was no statistical significance \nbetween the two groups (P = 0.719).\nCONCLUSION: We conclude that the quality of rectal cancer excision, as defined \nby mesorectal grades, achieved by supervised colorectal trainees is comparable \nwith that achieved by consultants.', 'OBJECTIVE: The quality of surgical excision is held to be a major determinant of \noutcome following surgery for rectal cancer. Macroscopic examination of the \nexcised mesorectum allows for reproducible assessment of the quality of surgery. \nWe aimed to determine whether quality of excision undertaken by colorectal \ntrainees under supervision was comparable with that performed by consultants, as \nmeasured using mesorectal grades.\nMETHOD: A total of 130 consecutive patients undergoing potentially curative \nresection for primary adenocarcinoma of the rectum in our centre from 2001 to \n2003 were included in the study. The pathologists graded the excised mesorectum \naccording to staged classification proposed by Quirke. The outcome (quality of', 'as part of their primary rectal cancer treatment were compared.\nMAIN OUTCOME MEASURES: The main outcomes of interest were resection margins, \noverall survival, disease-free survival, and surgical morbidities.\nRESULTS: There were 108 patients, of which 87 were eligible for analysis. \nPatients who received radiotherapy for their primary rectal cancer (n = 41) \nrequired more radical exenterations (68% vs 44%; p = 0.020), had lower rates of \nclear resection margins (63% vs 87%; p = 0.010), had increased rates of surgical \ncomplications per patient (p = 0.014), and had a lower disease-free survival (p \n= 0.022). Overall survival and disease-free survival in patients with clear \nmargins were also lower in the primary irradiated patients (p = 0.049 and p <', 'margins were also lower in the primary irradiated patients (p = 0.049 and p < \n0.0001). This difference in survival persisted in multivariate analysis that \ncorrected for T and N stages of the primary tumor.\nLIMITATIONS: This study is limited by its retrospective nature and heterogeneous \nradiotherapy regimes among radiotherapy patients.\nCONCLUSIONS: Patients who previously received radiotherapy for primary rectal \ncancer treatment have worse oncologic outcomes than those who had not received \nradiotherapy after pelvic exenteration for locally recurrent rectal cancer.', 'BACKGROUND: It is unclear whether traveling long distances to high-volume \ncenters would compensate for travel burden among patients undergoing rectal \ncancer resection.\nOBJECTIVE: The purpose of this study was to determine whether operative volume \noutweighs the advantages of being treated locally by comparing the outcomes of \npatients with rectal cancer treated at local, low-volume centers versus far, \nhigh-volume centers.\nDESIGN: This was a population-based study.\nSETTINGS: The National Cancer Database was queried for patients with rectal \ncancer.\nPATIENTS: Patients with stage II or III rectal cancer who underwent surgical \nresection between 2006 and 2012 were included.\nMAIN OUTCOME MEASURES: The outcomes of interest were margins, lymph node yield,']","Rectal cancer surgery can achieve outcomes comparable to consultant-led procedures when senior colorectal trainees perform total mesorectal excision under direct consultant supervision. In this supervised setting, both surgical specimen quality and recurrence outcomes remained statistically similar between trainees and consultants.",1.0
How do standard clinical examination guidelines and anorectal endosonography differ in their ability to support early detection and diagnosis of anorectal disorders?,"There is no information provided in the context regarding the comparison between standard clinical examination guidelines and anorectal endosonography in their ability to support early detection and diagnosis of anorectal disorders. The provided context discusses various topics such as RBC morphologic changes, colonoscopy, and appendicitis, but does not mention anorectal endosonography or its comparison with standard clinical examination guidelines. Therefore, it is not possible to provide an evidence-based answer to this question based on the provided context.","['statistics were used to analyze responses to survey questions, and quiz scores \nwere compared among groups.\nRESULTS: Analyzable responses were obtained from 1662 clinicians and 82 CPs. \nBoth clinicians and CPs considered some terms, e.g., agglutination, useful, \nwhereas only CPs considered other terms, e.g., ghost cells, useful. All groups \ninterpreted certain terms, e.g., Heinz bodies, correctly, whereas some \nclinicians misinterpreted others, e.g., eccentrocytes. Responses revealed that \nCPs often do not report RBC-M they consider insignificant, when present in low \nnumbers. Twenty-eight percent of clinicians think CPs review all blood smears \nwhile only 19% of CPs report reviewing all smears.\nCONCLUSIONS: Important differences about the clinical relevance of certain RBC-M', 'the combined results of the first and second readers. Results were \nretrospectively correlated with endoscopic or surgical results in 360 patients, \nand agreement between first and combined readings and endoscopic results was \ndetermined.\nRESULTS: Adding a second reader increased the number of positive results on \nexaminations from 249 to 315 (p < 0.0001) and resulted in potential alteration \nof clinical treatment in 98 patients (9.9%). Sensitivity of the first and \ncombined readings for detection of all lesions was identical, 76.3% (95% CI, \n65.4-87.1%). Specificity decreased from 91.0% (95% CI, 87.9-94.3%) for the first \nreading to 86.4% (95% CI, 82.2-90.0%) for the combined reading. The overall \nmeasurement of agreement decreased from a kappa value of 61.8 (95% CI,', 'the Sano-Emura classification system. The endoscopic assessment (optical \ndiagnosis) of polyp histology was used to predict appropriate colonoscopy \nsurveillance intervals. The main outcome measure was the accuracy of optical \ndiagnosis of diminutive colonic polyps against the gold standard of histological \nassessment.\nRESULTS: Optical diagnosis was correct in 105/108 (97.2%) adenomas. This yielded \na sensitivity, specificity and positive and negative predictive values (with \n95%CI) of 97.2% (92.1-99.4%), 78.4% (64.7-88.7%), 90.5% (83.7-95.2%) and 93% \n(80.9-98.5%) respectively. Ninety-two (98%) patients were correctly triaged to \ntheir repeat surveillance colonoscopy. Based on these findings, a cut and \ndiscard approach would have resulted in a saving of $319.77 per patient.', 'implemented to avoid unnecessary appendectomies. Imaging of choice in equivocal \ncases should be ultrasonography.', 'BACKGROUND: Clinical pathologists (CPs) report RBC morphologic (RBC-M) changes \nto assist clinicians in prioritizing differential diagnoses. However, reporting \nis subjective, semiquantitative, and potentially biased. Reporting decisions \nvary among CPs, and reports may not be interpreted by clinicians as intended.\nOBJECTIVES: The aims of this study were to survey clinicians and CPs about RBC-M \nterms and their clinical value, and identify areas of agreement and discordance.\nMETHODS: Online surveys were distributed to small animal clinicians via the \nVeterinary Information Network and to CPs via the ASVCP listserv. A quiz \nassessed understanding of RBC-M terms among respondent groups. Descriptive \nstatistics were used to analyze responses to survey questions, and quiz scores']","Standard clinical examination and current guidelines may fail to ensure early detection of anorectal malformations, with delayed diagnosis occurring in a substantial proportion of infants despite neonatal assessment. In contrast, anorectal endosonography effectively identified functional sphincter and puborectalis abnormalities in patients with dyschesia, indicating that advanced imaging can improve diagnostic accuracy for anorectal disorders.",1.0
"How do demographic factors such as ethnicity, cultural background, age, and gestational stage compare in their association with Group B Streptococcus colonization among pregnant women across different populations?","Based on the provided context, demographic factors such as ethnicity, cultural background, age, and gestational stage are compared in their association with Group B Streptococcus (GBS) colonization among pregnant women in two studies.

One study, with a sample of 700 pregnant women in the western Galilee in Israel, found that 16% of the parturients were GBS colonized. However, it does not provide specific information on how demographic factors are associated with GBS colonization.

Another study, conducted in Melilla, found that the prevalence of GBS colonization among pregnant women differed according to culture and age. The sample consisted of 280 women, with 69.3% from Muslim culture, 24.3% from Christian culture, and 6.4% from unknown cultures. The study also found that 78 women were 25 years old or less. However, the study does not provide detailed information on how these demographic factors are associated with GBS colonization.

In summary, while there is some evidence that demographic factors such as ethnicity, cultural background, age, and gestational stage may be associated with GBS colonization among pregnant women, the provided context does not offer sufficient information to draw definitive conclusions about these associations.","['BACKGROUND: Group B Streptococci (GBS) asymptomatically colonize the vaginal or \nrectal areas of about 20% of pregnant women (4-40%). About 50% of infants to \nmothers with GBS colonization also become colonized at rectal, umbilical or oral \nsites. GBS is a leading bacterial cause of neonatal illness and death. The \npresent prevalence rate of GBS carriers among parturients in the western Galilee \nin Israel is unknown.\nAIM: A prospective study of the GBS carrier rate according to origin and \ngestational age in the western Galilee in Israel.\nMETHODS: A prospective study including 700 pregnant women. All women were \nscreened for carriage of GBS by vaginal and rectal cultures.\nRESULTS: Sixteen percent of the parturients were found to be GBS colonized. The', 'BACKGROUND: The neonatal infection by Streptococcus group B is one of the main \ncauses of neonatal morbi-mortality rate. For this reason a screening is made to \neach pregnant woman in order to detect its presence, and if it was the case, to \napply an antibiotic treatment during labour. The aim of this study was to know \nthe prevalence of this Streptococcus in the pregnant women from Melilla, as well \nas the differences according to culture and age.\nMETHOD: A descriptive cross-sectional study located in the Hospital Comarcal \nfrom Melilla.\nRESULTS: The sample is taken from 280 women: 194 are from Muslim culture \n(69.3%), 68 are from Christian culture (24.3%) and 18 women from unknown \ncultures (6.4%). Also it is known that 78 of them are 25 years old or less', 'OBJECTIVE: There is an urgent need to increase opportunistic screening for \nsexually transmitted infections (STIs) in community settings, particularly for \nthose who are at increased risk including men who have sex with men (MSM). The \naim of this qualitative study was to explore whether home sampling kits (HSK) \nfor multiple bacterial STIs are potentially acceptable among MSM and to identify \nany concerns regarding their use. This study was developed as part of a \nformative evaluation of HSKs.\nMETHODS: Focus groups and one-to-one semi-structured interviews with MSM were \nconducted. Focus group participants (n = 20) were shown a variety of \nself-sampling materials and asked to discuss them. Individual interviewees (n =', 'guideline applicability and deviations. We created a reference standard of \nantimicrobial appropriateness using the modal assessment of 16 specialists. We \ncalculated criterion validity and interrater and intrarater overall and specific \nagreement with an index expert (senior infectious disease physician) and \nanalysed the influence of doctor characteristics on validity.\nRESULTS: Specialists agreed with the reference standard in 80% of cases (range \n75%-86%), with a sensitivity and specificity of 75% and 84%, respectively. This \ndid not differ by clinical specialty, hospital or years of experience, and \nresidents had similar results. Specialists agreed with the index expert in 76% \nof cases and the index expert agreed with his previous assessments in 71% of \ncases.', 'statistics were used to analyze responses to survey questions, and quiz scores \nwere compared among groups.\nRESULTS: Analyzable responses were obtained from 1662 clinicians and 82 CPs. \nBoth clinicians and CPs considered some terms, e.g., agglutination, useful, \nwhereas only CPs considered other terms, e.g., ghost cells, useful. All groups \ninterpreted certain terms, e.g., Heinz bodies, correctly, whereas some \nclinicians misinterpreted others, e.g., eccentrocytes. Responses revealed that \nCPs often do not report RBC-M they consider insignificant, when present in low \nnumbers. Twenty-eight percent of clinicians think CPs review all blood smears \nwhile only 19% of CPs report reviewing all smears.\nCONCLUSIONS: Important differences about the clinical relevance of certain RBC-M']","Group B Streptococcus colonization differed significantly across ethnic or cultural groups in both populations, with higher prevalence observed in Arab women in northern Israel and in Muslim women in Melilla. However, neither gestational stage in the Israeli study nor age in the Melilla study showed significant differences, indicating that demographic influences on prevalence are population-specific rather than uniformly associated with all demographic variables.",0.625
How do central venous pressure and colloid preloading differ in their usefulness for predicting and controlling cardiovascular responses in clinical settings?,"The provided context does not directly compare central venous pressure and colloid preloading in terms of their usefulness for predicting and controlling cardiovascular responses. However, it does discuss the limitations of using central venous pressure to guide fluid therapy.

According to the context, a meta-analysis found that the summary area under the receiver operating characteristic curve (AUC) between central venous pressure and change in cardiac performance was 0.56 (95% CI, 0.54-0.58), indicating a poor predictive value. The study concluded that ""there are no data to support the widespread practice of using central venous pressure to guide fluid therapy.""

There is no mention of colloid preloading in the provided context, so a direct comparison between the two cannot be made based on the available information.","['area under the receiver operating characteristic curve (AUC) between the central \nvenous pressure and change in cardiac performance following an intervention that \naltered cardiac preload. From 191 articles screened, 43 studies met our \ninclusion criteria and were included for data extraction. The studies included \nhuman adult subjects, and included healthy controls (n = 1) and ICU (n = 22) and \noperating room (n = 20) patients.\nDATA EXTRACTION: Data were abstracted on study characteristics, patient \npopulation, baseline central venous pressure, the correlation coefficient, \nand/or the AUC between central venous pressure and change in stroke volume \nindex/cardiac index and the percentage of fluid responders. Meta-analytic \ntechniques were used to summarize the data.', 'BACKGROUND: Despite a previous meta-analysis that concluded that central venous \npressure should not be used to make clinical decisions regarding fluid \nmanagement, central venous pressure continues to be recommended for this \npurpose.\nAIM: To perform an updated meta-analysis incorporating recent studies that \ninvestigated indices predictive of fluid responsiveness. A priori subgroup \nanalysis was planned according to the location where the study was performed \n(ICU or operating room).\nDATA SOURCES: MEDLINE, EMBASE, Cochrane Register of Controlled Trials, and \ncitation review of relevant primary and review articles.\nSTUDY SELECTION: Clinical trials that reported the correlation coefficient or \narea under the receiver operating characteristic curve (AUC) between the central', 'techniques were used to summarize the data.\nDATA SYNTHESIS: Overall 57% ± 13% of patients were fluid responders. The summary \nAUC was 0.56 (95% CI, 0.54-0.58) with no heterogenicity between studies. The \nsummary AUC was 0.56 (95% CI, 0.52-0.60) for those studies done in the ICU and \n0.56 (95% CI, 0.54-0.58) for those done in the operating room. The summary \ncorrelation coefficient between the baseline central venous pressure and change \nin stroke volume index/cardiac index was 0.18 (95% CI, 0.1-0.25), being 0.28 \n(95% CI, 0.16-0.40) in the ICU patients, and 0.11 (95% CI, 0.02-0.21) in the \noperating room patients.\nCONCLUSIONS: There are no data to support the widespread practice of using \ncentral venous pressure to guide fluid therapy. This approach to fluid', ""might consider using hypertensive patients' records of home BP monitoring to \nhelp guide treatment decisions."", ""respectively. Physicians' specialties significantly influenced the depth of \ndocumentation of the medication history information across the nine specialties \n(P < 0.0001). Post hoc pair-wise comparisons with Tukey's HSD test showed that \nthe mean scores for adverse drug reactions and adherence to medicines was \nhighest in the Cardiology specialty; while the Chest specialty had the highest \nmean scores for allergy to drugs, food, chemicals and cigarette smoking. Mean \nscores for the use of alcohol; illicit drugs; dietary restrictions was highest \nfor Gastroenterology, Psychiatry and Endocrine specialties respectively. \nPhysicians' specialties also significantly influenced the frequency of \ndocumentation of the medication history across the nine specialties (P < \n0.0001).""]","Central venous pressure alone does not reliably predict fluid responsiveness, showing weak correlation with changes in cardiac performance across clinical studies. In contrast, colloid preloading before seated positioning helped maintain systolic blood pressure and central venous pressure without added complications, demonstrating that targeted interventions may stabilize hemodynamics even when common indicators have limited predictive value.",1.0
How do modified clinical strategies such as omitting balloon predilatation during transcatheter aortic valve implantation compare with standard epidural analgesia implementation in terms of achieving effective clinical outcomes across patients?,"According to the provided context, omitting balloon predilatation during transcatheter aortic valve implantation (TAVI) yields similar early results and complication rates compared to the standard procedure with balloon predilatation (Document id='8cf5ba9a-7142-5dde-8292-c8c930db80e7'). However, there is no direct comparison with epidural analgesia implementation in the provided context.

Epidural analgesia is mentioned in the context of postoperative pain management for patients undergoing minimally invasive surgical procedures (Document id='6ffbff0c-b638-50df-97e6-9b8c67b44c0f'), but it is not compared to TAVI or balloon predilatation.

Therefore, based on the provided context, it is not possible to directly compare the effectiveness of modified clinical strategies such as omitting balloon predilatation during TAVI with standard epidural analgesia implementation in terms of achieving effective clinical outcomes across patients.","['aninitial angiogram and TIMI flow grade of infarct related artery was calculated \nafter pPCI. Left ventricular systolic functions of the patients were evaluated \nwith an echocardiogram in the following week. The rates of reinfarction and \nmortality during hospitalisation were obtained from the medical records of our \nhospital.\nRESULTS: The high SxS group had more no-reflow (41% and 25.1%, p < 0.001, \nrespectively), lower ejection fraction (38.2 ± 7.5% and 44.6 ± 8.8%, p < 0.001, \nrespectively), and greater rates of re-infarction (9.5% and 7.3%, p = 0.037, \nrespectively) and mortality (0.9% and 0.2%, p = 0.021, respectively) during \nhospitalisation compared to the low SxS group. On multivariate logistic \nregression analysis including clinical variables, SxS was an independent', 'BACKGROUND: The use of a balloon expandable stent valve includes balloon \npredilatation of the aortic stenosis before valve deployment. The aim of the \nstudy was to see whether or not balloon predilatation is necessary in \ntranscatheter aortic valve replacement (TAVI).\nMETHODS: Sixty consecutive TAVI patients were randomized to the standard \nprocedure or to a protocol where balloon predilatation was omitted.\nRESULTS: There were no significant differences between the groups regarding \nearly hemodynamic results or complication rates.\nCONCLUSIONS: TAVI can be performed safely without balloon predilatation and with \nthe same early results as achieved with the standard procedure including balloon \npredilatation. The reduction in the number of pacing periods required may be', 'was based on validated pain scores (VAS and COMFORT behaviour), applied by \nprotocol. Cumulative opioid doses at 12, 24, 48 h and 7 days postoperatively \nwere compared between groups with the Mann-Whitney test.\nRESULTS: The study group consisted of 24 MAS patients (14 EA; 10 CDH). These \nwere matched to 48 control patients (28 EA; 20 CDH). At none of the time points \ncumulative opioid (median in mg/kg (IQR)) doses significantly differed between \nMAS patients and controls, both with CDH and EA. For example at 24 h \npostoperative for CDH patients cumulative opioid doses were [0.84(0.61-1.83) MAS \nvs. 1.06(0.60-1.36) p=1.0] controls, For EA patients at 24 h the cumulative \nopioid doses were [0.48(0.30-0.75) MAS vs. 0.49(0.35-0.79) p=0.83] controls.', ""9.4 to 12.6 mmHg in the Perimount group; it was significantly lower for 21 and \n23 Perimount valves than for 21 and 23 Mosaic valves. The EOA ranged from 0.78 \nto 2.37 cm2 in Mosaic patients, and from 0.95 to 2.12 cm2 in Perimount patients. \nWhen indexing EOA by calculating the ratio of EOA to patient aortic annulus area \nto adjust for variables such as patient anatomy and valve dimensions, there was \nno significant difference between the two bioprostheses.\nCONCLUSION: Comparisons of absolute EOA values grouped by the manufacturers' \nvalve sizes are misleading because of specific differences in geometric \ndimensions. The EOA:patient aortic annulus area ratio provides a new hemodynamic \nindex which may facilitate objective comparisons between different valve types."", 'BACKGROUND: To evaluate the impact of patient-prosthesis mismatch (PPM) on \nsurvival, functional status, and quality of life (QoL) after aortic valve \nreplacement (AVR) with small prosthesis size in elderly patients.\nMETHODS: Between January 2005 and December 2013, 152 patients with pure aortic \nstenosis, aged at least 75 years, underwent AVR, with a 19 or 21\u200amm prosthetic \nheart valve. PPM was defined as an indexed effective orifice area less than \n0.85\u200acm/m. Median age was 82 years (range 75-93 years). Mean follow-up was 56 \nmonths (range 1-82 months) and was 98% complete. Late survival rate, New York \nHeart Association functional class, and QoL (RAND SF-36) were assessed.\nRESULTS: Overall, PPM was found in 78 patients (53.8%). Among them, 42 patients']","Omitting balloon predilatation during transcatheter aortic valve implantation produced early hemodynamic outcomes and complication rates comparable to the standard procedure, indicating that a simplified procedural approach can be effective. In contrast, although epidural analgesia for labor was implemented successfully and safely with high satisfaction overall, patient responses varied, with a subgroup experiencing less effective pain reduction. These findings show that simplified clinical strategies may achieve outcomes comparable to standard approaches, while standard implementations may still produce variable effectiveness across patients.",1.0
"How do continuous low-dose epinephrine infusion in gravid ewes and lung ischemia-reperfusion in pigs differ in their effects on vascular flow, hemodynamic responses, and associated biological markers?","In gravid ewes, continuous low-dose epinephrine infusion (≤ 1.67 micrograms/min) has been shown to alter neither maternal hemodynamics nor uterine blood flow. Specifically, uterine blood flow decreased to 68 +/- 14% of baseline after an intravenous bolus of epinephrine 15 micrograms, but infusion of the solution had no effect on measured hemodynamic variables.

In contrast, lung ischemia-reperfusion in pigs has been found to have significant effects on hemodynamics. In a swine model of in situ lung ischemia and reperfusion, quantitative coronary blood-flow analysis was performed to determine the hemodynamic effects. The study measured blood flow in various coronary arteries, as well as left- and right-ventricular pressures, aortic pressure, and pulmonary artery pressure. However, the specific effects on vascular flow, hemodynamic responses, and associated biological markers are not explicitly stated in the provided context for this particular study.

Therefore, the main difference between the two studies is that the epinephrine infusion in gravid ewes did not significantly affect hemodynamics, whereas the lung ischemia-reperfusion study in pigs aimed to investigate its hemodynamic effects, although the specific results are not provided in the given context.","['OBJECTIVE: Ischemia-reperfusion (IR) injury remains a major cause of early \nmorbidity and mortality after lung transplantation with poorly documented \nextrapulmonary repercussions. To determine the hemodynamic effect due to lung IR \ninjury, we performed a quantitative coronary blood-flow analysis in a swine \nmodel of in situ lung ischemia and reperfusion.\nMETHODS: In 14 healthy pigs, blood flow was measured in the ascending aorta, \nleft anterior descending (LAD), circumflex (Cx), right coronary artery (RCA), \nright common carotid artery (RCCA), and left internal mammary artery (LIMA), \nalong with left-and right-ventricular pressures (LVP and RVP), aortic pressure \n(AoP), and pulmonary artery pressure (PAP). Cardiac Troponin (cTn), interleukin', 'an additional 30 minutes. Animals also received an intravenous bolus of \nepinephrine 15 micrograms. Throughout all infusions, maternal heart rate, \nsystemic and pulmonary blood pressures, uterine blood flow, cardiac output, and \nacid-base balance were measured, as well as fetal heart rate, blood pressure, \nand acid-base balance.\nRESULTS: Epinephrine 15 micrograms decreased uterine blood flow to 68 +/- 14% of \nbaseline (mean +/- SD). Infusion of all solutions had no effect on any measured \nhemodynamic variable.\nCONCLUSIONS: In gravid ewes, intravenous infusion of < or = 1.67 micrograms/min \nepinephrine altered neither maternal hemodynamics nor uterine blood flow. To the \nextent that sheep data can be extrapolated to humans, these results suggest that', 'STUDY OBJECTIVE: Occlusion of the descending aorta and infusion of oxygenated \nultrapurified polymerized bovine hemoglobin may improve the efficacy of advanced \ncardiac life support (ACLS). Because selective aortic perfusion and oxygenation \n(SAPO) directly increases coronary perfusion pressure, exogenous epinephrine may \nnot be required. The purpose of this study was to determine whether exogenous \nepinephrine is necessary during SAPO by comparing the rate of return of \nspontaneous circulation and aortic and coronary perfusion pressures during \nACLS-SAPO in animals treated with either intra-aortic epinephrine or saline \nsolution.\nMETHODS: A prospective, randomized, interventional before-after trial with a \ncanine model of ventricular fibrillation cardiac arrest and ACLS based on', 'followed by 450 mL of ultrapurified polymerized bovine hemoglobin over 2 \nminutes. Defibrillation was then attempted. The outcomes and changes in \nintravascular pressures were compared.\nRESULTS: Aortic pressures were higher during infusions in animals treated with \nepinephrine. During infusion, the mean aortic relaxation pressure increased by \n58+/-5 mm Hg in animals that had received epinephrine versus 20+/-11 mm Hg in \nthose that had received saline placebo. The coronary perfusion pressure during \ninfusion increased by 52+/-8 mm Hg in animals that had received epinephrine \nversus 26+/-10 mm Hg in those that had received saline. Only 2 of 7 animals in \nthe placebo group had return of spontaneous circulation versus 7 of 8 in the \nepinephrine group.', 'BACKGROUND: Ischemic preconditioning (IP) is initiated through one or several \nshort bouts of ischemia and reperfusion which precede a prolonged ischemia. To \ntest whether a reperfusion must precede the prolonged index ischemia, a series \nwithout reperfusion (intraischemic preconditioning: IIP) and a series with \ngradual onset of ischemia, i.e. ramp ischemia (RI), which is possibly related to \nthe development of hibernation, was compared to conventional IP (CIP).\nMETHOD: Experiments were performed an 27 blood-perfused rabbit hearts \n(Langendorff apparatus) that were randomized into one of four series: (1) \ncontrol (n = 7): 60 min normal flow - 60 min low flow (10%) ischemia - 60 min \nreperfusion. (2) CIP (n = 7): 4 times 5 min zero flow with 10 min reperfusion']","Continuous low-dose intravenous epinephrine infusion in gravid ewes produced no measurable changes in uterine blood flow or maternal hemodynamic variables, whereas lung ischemia-reperfusion in pigs caused significant reductions in coronary blood flow, altered ventricular pressure profiles, and increased cardiac injury and inflammatory markers. These findings show that physiological interventions can produce markedly different biological effects depending on the intervention and physiological context.",1.0
Do limitations in both cervical cancer screening intervals and diagnostic sensitivity contribute to missed or delayed detection of disease?,"Yes, limitations in cervical cancer screening intervals and diagnostic sensitivity may contribute to missed or delayed detection of disease. The provided context suggests that updated Pap test screening guidelines, which recommend screening less frequently, may not have missed invasive cancer on average among screened women aged 30 and older. However, young patients aged 21-29 years may be at increased risk of developing invasive adenocarcinoma (IAC) of the cervix between the recommended screening intervals, with a mean time from normal Pap to diagnosis of IAC being 15 months in patients younger than 30 years of age compared to 56 months in patients aged 30 and older (p<0.001) (Document id='1f326dab-d951-5c41-bfb9-41a750d29ad0'). 

Additionally, the context highlights the issue of false-negative cases, where 11 AGC cases were picked up by RPS only and not by full screening (FS), representing false-negative cases, with 2 of these showing endometrial adenocarcinoma on histologic follow-up (Document id='704e06d2-7d3f-5ad2-837b-68717b0c5175'). This suggests that limitations in diagnostic sensitivity, particularly in detecting glandular cell abnormalities, may also contribute to missed or delayed detection of disease.","[""OBJECTIVE: Updated guidelines for the screening and management of cervical \ncancer in the United States recommend starting Papanicolaou (Pap) testing at age \n21 and screening less frequently with less aggressive management for \nabnormalities. We sought to examine updated Pap test screening guidelines and \nhow they may affect the detection of invasive cervical cancer, especially among \nwomen <30 years of age.\nMATERIALS AND METHODS: Patients diagnosed at Brigham and Women's Hospital with \ninvasive cervical cancer between 2002 and 2012 were retrospectively identified. \nPrior screening history was obtained and patients were divided into two groups \nbased on age <30 years or age ≥30 years. The two groups were then compared with"", 'BACKGROUND: Vaginal intraepithelial neoplasia is a little known disease which \ncould be related to risk factors different from simple HPV infections.\nOBJECTIVE: To ascertain wheter vaginal lesions have a natural history similar to \ncervical lesions.\nMATERIALS & METHODS: A retrospective study to identify patients with vaginal \nlesions and synchronous cervical lesions through biopsy. The rate of mild \ncervical lesions (koilocytosis, warts, CIN I with and without koilocytosis) was \ncompared with the rate of severe cervical lesions (CIN II and III, cervical \ncarcinoma) in patients with mild vaginal lesions (warts and koilocytosis, and \nlow-grade VAIN) and in patients with severe vaginal lesions (high-grade VAIN). \nUsing koilocytosis as a marker, the rate of ""active"" cervical lesions was', 'based on age <30 years or age ≥30 years. The two groups were then compared with \nrespect to demographics, pathological findings, and time to diagnosis.\nRESULTS: A total of 288 patients with invasive cervical carcinoma were \nidentified. Among these patients, 109 had adequate information on prior \nscreening history. Invasive adenocarcinoma (IAC) was diagnosed in 37 (33.94%) \npatients, whereas 64 (58.72%) patients were diagnosed with invasive squamous \ncell carcinoma (ISCC). The remaining eight patients were diagnosed with other \ntypes of cancers of the cervix. A total of 13 patients were younger than 30 \nwhile 96 patients were 30 or older. The mean time from normal Pap to diagnosis \nof IAC was 15 months in patients younger than 30 years of age compared to 56', 'of IAC was 15 months in patients younger than 30 years of age compared to 56 \nmonths in patients aged 30 and older (p\u2009<\u20090.001). The mean time from normal Pap \nto diagnosis of ISCC was 38 months in patients younger than 30 years of age and \n82 months in patients aged 30 and older (p\u2009=\u20090.018).\nCONCLUSION: In this small retrospective study, updated Pap test screening \nguidelines would not have missed invasive cancer on average among screened women \nage 30 and older. However, young patients aged 21-29 years may be at increased \nrisk of developing IAC of the cervix between the recommended screening \nintervals.', 'designated as negative (N) if none were detected. Each sample then underwent \nfull screening (FS) and was designated as either R or N and also given a \ncytologic interpretation.\nRESULTS: The final cytologic interpretation was a glandular cell abnormality \n(≥AGC) in 107 samples (0.13%); 39 of these (36.4%) were flagged as R on RPS. \nTwenty-four patients (33.8%) out of 71 who had histologic follow-up were found \nto harbor a high-grade squamous intraepithelial lesion or carcinoma; 13 of those \n24 Pap smears (54.2%) had been flagged as R on RPS. Notably, 11 AGC cases were \npicked up by RPS only and not by FS and represented false-negative cases; 2 of \nthese showed endometrial adenocarcinoma on histologic follow-up.']","Yes, both screening interval limitations and diagnostic sensitivity gaps contribute to missed or delayed detection. Younger women may develop cancer between recommended screening intervals, and rapid prescreening detects only a minority of glandular abnormalities, missing some cases identified by full screening.",0.8181818181818182
"What were the AUC values of FDG-PET for detecting metastatic lesions in hyperglycaemic DM, euglycaemic DM, and non-DM patients, and were these differences statistically significant?","The provided context does not mention the AUC values of FDG-PET for detecting metastatic lesions in hyperglycaemic DM, euglycaemic DM, and non-DM patients. However, it does mention that ""The diagnostic power of PET in the hyperglycaemic DM, euglycaemic DM and non-DM groups did not differ significantly with regard to the identification of either"" primary or recurrent cervical cancer lesions.","['performed within 2 weeks. Patients were categorised into the following groups: \nhyperglycaemic DM (fasting blood sugar >126 mg/dl), euglycaemic DM and non-DM. \nThe lesions were confirmed histologically or by clinical follow-up. The receiver \noperating characteristic curve method, with calculation of the area under the \ncurve (AUC), was used to evaluate the discriminative power.\nRESULTS: From February 2001 to January 2003, 219 patients (75 with primary and \n144 with recurrent cervical cancer) were eligible for analysis. Sixteen had \nhyperglycaemic DM, 12 had euglycaemic DM and 191 were in the non-DM group. The \ndiagnostic power of PET in the hyperglycaemic DM, euglycaemic DM and non-DM \ngroups did not differ significantly with regard to the identification of either', 'DM and age, respectively) and ostial lesions (OR=1.40 [P=0.027] and OR=1.02 \n[P=0.001], for DM and age, respectively) in multivariate analysis.\nCONCLUSIONS: Complex coronary lesions such as bifurcation and ostial lesions \nwere significantly more common in diabetic patients than in nondiabetic \npatients. Greater age and the presence of DM were independent predictors for \nthese complex lesions. These results may help to explain the poor prognosis of \ncoronary artery disease among diabetic patients.\nHISTORIQUE: L’athérosclérose coronarienne impose un fardeau excessivement lourd \naux patients diabétiques. Le diabète sucré (DS) constitue un facteur de \nprévisibilité indépendant de mortalité et d’infarctus du myocarde, mais on', 'BACKGROUND: Coronary atherosclerotic burden is excessive in diabetic patients. \nDiabetes mellitus (DM) is an independent predictor for both death and myocardial \ninfarction. It is not known whether the prevalence of complex coronary lesions, \nsuch as bifurcation and ostial lesions, is different in diabetics from \nnondiabetics.\nOBJECTIVE: The aim of present study was to investigate the prevalence of these \nlesions in patients with DM.\nMETHODS: One thousand fourteen consecutive patients (mean age 61.3+/-10.7 years) \nwere investigated. Coronary angiograms were examined for bifurcation and ostial \nlesions using a digital quantitative system. Patients were classified as \ndiabetic (n=281) or nondiabetic (n=733).\nRESULTS: Patient mean age, and rates of hypertension and hyperlipidemia were', 'groupe diabétique vs non-diabétique). La présence de DS et l’âge plus avancé se \nsont révélés être des facteurs de prévisibilité indépendants des lésions au \nniveau la bifurcation (RR = 2,27 [p = 0,004] et RR = 1,03 [p = 0,01] pour le DS \net l’âge, respectivement) et de l’ostium (RR = 1,40 [p = 0,027] et RR = 1,02 [p \n= 0,001] pour le DS et l’âge, respectivement) lors de l’analyse multivariée.\nCONCLUSIONS: Les lésions coronariennes complexes, par exemple au niveau de la \nbifurcation et de l’ostium, ont été significativement plus fréquentes chez les \npatients diabétiques que chez les non-diabétiques. Un âge plus avancé et la \nprésence de DS se sont révélés être des facteurs de prévisibilité indépendants à \nl’égard de ces lésions complexes. Ces résultats pourraient expliquer en partie', 'RESULTS: Patient mean age, and rates of hypertension and hyperlipidemia were \nsignificantly higher in the diabetic group than in the nondiabetic group \n(P<0.0001), although smoking was significantly lower (P=0.001). Reasons for \ncoronary angiography and treatment were comparable between the two groups. The \nprevalence of bifurcation lesions and ostial lesions was significantly greater \nin the diabetic group than in the nondiabetic group (9.8% versus 4.3% [P=0.001] \nand 38.4% versus 29.2% [P=0.003] in the diabetic group versus the nondiabetic \ngroup). The presence of DM and greater age were found to be independent \npredictors for bifurcation lesions (OR=2.27 [P=0.004] and OR=1.03 [P=0.01], for \nDM and age, respectively) and ostial lesions (OR=1.40 [P=0.027] and OR=1.02']","The AUC values were 0.967 (hyperglycaemic DM), 0.947 (euglycaemic DM), and 0.925 (non-DM), with no statistically significant differences (P>0.05).",0.5
"What were the lymph node metastasis rates in NACT responders versus non-responders, and was there a significant difference in metastasis distribution between NACT and primary surgery groups?","The lymph node metastasis rates were 18.4% in NACT responders versus 38.6% in non-responders, with a significant difference (P<0.001) between the two groups. However, there was no significant difference in lymph node metastasis rates between the NACT group and the primary surgery group (p = 0.081).","['BACKGROUND: The effect of neoadjuvant chemotherapy (NACT) on topographical \ndistribution patterns of lymph node metastasis in cervical cancer was unknown.\nMETHODS: Patients with FIGO stage IB1-IIB who underwent radical surgery with or \nwithout NACT were enrolled (3527 patients). A matched-case comparison design was \nused to compare the effects of NACT on lymph node metastasis.\nRESULTS: We analyzed groups of 167 and 140 patients who were diagnosed with \nlymph node metastasis in the matched primary surgery group and NACT group, \nrespectively, and no significant difference was observed (p = 0.081). The \nincidence of lymph node metastasis was significantly decreased in the \nNACT-responsive group compared to the non-responsive group (18.4% vs. 38.6%,', 'NACT-responsive group compared to the non-responsive group (18.4% vs. 38.6%, \nP<0.001). The metastatic rates for every lymph node group also declined in the \nNACT-responsive group except for the deep inguinal and the para-aortic lymph \nnode groups. Clinical response, deep stromal, parametrial and lymph vascular \ninvasions were independent risk factors for lymph node metastasis in the NACT \ngroup. Furthermore, deep stromal invasion and lymph vascular invasion, but not \nthe response to NACT, were independently associated with upper LNM. The number \nof lymph nodes involved, response to NACT, tumor histology and a positive \nvaginal margin were independent prognostic factors affecting DFS or OS rates in \nnode-positive patients treated with NACT plus radical surgery.', 'CONCLUSIONS: Patients with < or =5 metastatic sites had significantly better \nsurvival rates than patients with >5 lesions. Because existing sites of \nmetastatic disease may be the primary sites of origin for additional metastases, \nour findings suggest that early detection and aggressive treatment of patients \nwith a small number of metastatic lesions is worth testing as an approach to \nimproving long-term survival.', 'MAIN OUTCOME MEASURES: The outcomes of interest were margins, lymph node yield, \nreceipt of neoadjuvant chemoradiation, adjuvant chemotherapy, readmission within \n30 days, 30-day and 90-day mortality, and 5-year overall survival.\nRESULTS: A total of 18,605 patients met inclusion criteria; 2067 patients were \nin the long-distance/high-volume group and 1362 in the short-distance/low-volume \ngroup. The median travel distance was 62.6 miles for the \nlong-distance/high-volume group and 2.3 miles for the short-distance/low-volume \ngroup. Patients who were younger, white, privately insured, and stage III were \nmore likely to have traveled to a high-volume center. When controlled for \npatient factors, stage, and hospital factors, patients in the', 'operative time, surgical blood loss, lymph node yield, and surgical margin \nstatus. • We also addressed the relationship between complications and \nsequential case number. We then utilized Cox proportional hazard modeling and \nKaplan-Meier survival analyses to correlate variables to overall mortality.\nRESULTS: • Sequential case number was not significantly associated with \nincreased incidence of complications, surgical blood loss, or positive surgical \nmargins (P= 0.780, P= 0.548, P= 0.545). Case number was, however, significantly \nassociated with shorter operative time and mean number of lymph nodes retrieved \n(P < 0.001, P < 0.001). • Sequential case number was not significantly \nassociated with survival; however, tumour stage, the presence of lymph node']",Lymph node metastasis rates were 18.4% in NACT responders and 38.6% in non-responders. There was no significant difference in metastasis distribution between NACT and primary surgery groups (p=0.081).,1.0
Is higher population-level cancer screening coverage associated with reduced economic inequality in screening participation in middle-income countries?,"Yes, higher population-level cancer screening coverage is associated with reduced economic inequality in screening participation in middle-income countries. The Relative Index of Inequality (RII) values for breast cancer screening were 14.57 in South Africa (10.5% coverage), 4.90 in China (19.3% coverage), 2.01 in Mexico (33.8% coverage), and 1.04 in Russia (43% coverage), indicating lower economic inequalities in countries with higher aggregate coverage. Similarly, for cervical cancer screening, the RII values were 3.60 in China (27.2% coverage), 2.47 in South Africa (24% coverage), 1.39 in Mexico (63.7% coverage), and 1.12 in Russia (81.5% coverage), also suggesting lower economic inequalities in countries with higher coverage. These findings are consistent with the inverse equity hypothesis, which states that new health interventions are initially primarily accessed by the rich, but inequalities narrow with diffusion to the poor.","['BACKGROUND: It is uncertain whether the inverse equity hypothesis-the idea that \nnew health interventions are initially primarily accessed by the rich, but that \ninequalities narrow with diffusion to the poor-holds true for cancer screening \nin low and middle income countries (LMICs).This study examines the relationship \nbetween overall coverage and economic inequalities in coverage of cancer \nscreening in four middle-income countries.\nMETHODS: Secondary analyses of cross-sectional data from the WHO study on Global \nAgeing and Adult Health in China, Mexico, Russia and South Africa (2007-2010). \nThree regression-based methods were used to measure economic inequalities: (1) \nAdjusted OR; (2) Relative Index of Inequality (RII); and (3) Slope Index of \nInequality.', 'Adjusted OR; (2) Relative Index of Inequality (RII); and (3) Slope Index of \nInequality.\nRESULTS: Coverage for breast cancer screening was 10.5% in South Africa, 19.3% \nin China, 33.8% in Russia and 43% in Mexico, and coverage for cervical cancer \nscreening was 24% in South Africa, 27.2% in China, 63.7% in Mexico and 81.5% in \nRussia. Economic inequalities in screening participation were substantially \nlower or non-existent in countries with higher aggregate coverage, for both \nbreast cancer screening (RII: 14.57 in South Africa, 4.90 in China, 2.01 in \nMexico, 1.04 in Russia) and cervical cancer screening (RII: 3.60 in China, 2.47 \nin South Africa, 1.39 in Mexico, 1.12 in Russia).\nCONCLUSIONS: Economic inequalities in breast and cervical cancer screening are', 'CONCLUSIONS: Economic inequalities in breast and cervical cancer screening are \nlow in LMICs with high screening coverage. These findings are consistent with \nthe inverse equity hypothesis and indicate that high levels of equity in cancer \nscreening are feasible even in countries with high income inequality.', 'deprived) to 7 (most deprived) on the basis of the postcode sector of their \naddress.\nRESULTS: In all, 129 lung cancer patients entered into the study. Of these data \nfor 82 patients were complete (at baseline and follow-up). 57% of patients were \nof lower socioeconomic status and they had more health problems, less \nfunctioning, and more symptoms as compared to affluent patients. Of these, \nphysical mobility (P = 0.05), energy (P = 0.01), role functioning (P = 0.04), \nphysical functioning (P = 0.03), and breathlessness (P = 0.02) were significant \nat baseline. However, at follow-up assessment there was no significant \ndifference between patient groups nor did any consistent pattern emerge.\nCONCLUSION: At baseline assessment patients of lower socioeconomic status showed', 'tumor location within and between both national cohorts. On the basis of these \nfindings, further study to investigate the biological difference between the two \ncountries is needed.']","Higher cancer screening coverage is associated with reduced economic inequality in participation. Countries with higher screening coverage show substantially lower inequality indices, consistent with the inverse equity hypothesis.",1.0
Do exercise interventions lead to consistent improvements in both physiological fitness and postnatal depression outcomes across different populations?,"Based on the provided context, the answer is no. The documents suggest that exercise interventions during pregnancy may not lead to consistent improvements in postnatal depression outcomes across different populations. 

Document(id='33ba76a5-c124-5bd1-bb1e-58a8f2d337cb') states that ""We did not find a lower prevalence of high EPDS scores among women randomized to regular exercise during pregnancy compared with the control group."" However, it also notes that among women who did not exercise prior to pregnancy, those in the intervention group had a lower risk of postnatal depression compared to the control group (2.0% vs 9.5%, p=0.03). 

This suggests that exercise interventions may be beneficial for specific subgroups, such as women who did not exercise prior to pregnancy, but not necessarily for the overall population. There is no information provided about the impact of exercise interventions on physiological fitness outcomes.","['OBJECTIVE: To study whether exercise during pregnancy reduces the risk of \npostnatal depression.\u2002\nDESIGN: \u2002Randomized controlled trial.\u2002\nSETTING: \u2002Trondheim and Stavanger University Hospitals, Norway.\u2002\nPOPULATION AND SAMPLE: \u2002Eight hundred and fifty-five pregnant women were \nrandomized to intervention or control groups.\u2002\nMETHODS: \u2002The intervention was a 12 week exercise program, including aerobic and \nstrengthening exercises, conducted between week 20 and 36 of pregnancy. One \nweekly group session was led by physiotherapists, and home exercises were \nencouraged twice a week. Control women received regular antenatal care.\u2002\nMAIN OUTCOME MEASURES: \u2002Edinburgh Postnatal Depression Scale (EPDS) completed \nthree months after birth. Scores of 10 or more and 13 or more suggested probable', 'randomized to regular exercise during pregnancy compared with the control group. \nHowever, a subgroup of women in the intervention group who did not exercise \nregularly prior to pregnancy had a reduced risk of postnatal depression.\n© 2011 The Authors Acta Obstetricia et Gynecologica Scandinavica\u2002© 2011 Nordic \nFederation of Societies of Obstetrics and Gynecology.', 'three months after birth. Scores of 10 or more and 13 or more suggested probable \nminor and major depression, respectively.\u2002\nRESULTS: \u2002Fourteen of 379 (3.7%) women in the intervention group and 17 of 340 \n(5.0%) in the control group had an EPDS score of ≥10 (p=0.46), and four of 379 \n(1.2%) women in the intervention group and eight of 340 (2.4%) in the control \ngroup had an EPDS score of ≥13 (p=0.25). Among women who did not exercise prior \nto pregnancy, two of 100 (2.0%) women in the intervention group and nine of 95 \n(9.5%) in the control group had an EPDS score of ≥10 (p=0.03).\u2002\nCONCLUSIONS: \u2002We did not find a lower prevalence of high EPDS scores among women \nrandomized to regular exercise during pregnancy compared with the control group.', 'postpartum quality of life. Further research needs to explore the effective \nprevention programmes, especially attention for parenting boys.\n© 2011 Blackwell Publishing Ltd.', 'diagnosed with GDM received additional prenatal monitoring, mitigating the risks \nof preeclampsia, shoulder dystocia, and birth injury; and 2) GDM women had \nopportunity for intensive postdelivery counseling and behavior modification to \nreduce future diabetes risks. The primary outcome measure was the incremental \ncost-effectiveness ratio (ICER).\nRESULTS: Our model demonstrates that the IADPSG recommendations are \ncost-effective only when postdelivery care reduces diabetes incidence. For every \n100,000 women screened, 6,178 quality-adjusted life-years (QALYs) are gained, at \na cost of $125,633,826. The ICER for the IADPSG strategy compared with the \ncurrent standard was $20,336 per QALY gained. When postdelivery care was not']","Exercise interventions do not lead to consistent improvements across outcomes. They improve physiological fitness in sedentary individuals but do not significantly reduce postnatal depression overall, with benefits observed only in specific subgroups.",1.0
Do preoperative statin therapy and laparoscopic surgery reduce the risk of postoperative atrial fibrillation in different surgical settings?,"According to the provided context, preoperative statin therapy reduces the risk of postoperative atrial fibrillation in coronary artery bypass grafting (CABG) surgery. The study found that the incidence of postoperative atrial fibrillation was significantly lower in the statin group compared to the non-statin group (16% vs 33%, p = 0.005).

Additionally, laparoscopic surgery is associated with a lower risk of atrial fibrillation in foregut surgery. Multivariate analysis revealed an association of atrial fibrillation with laparoscopic surgery (OR 0.09, 95% CI 0.01-0.95, p = 0.04) after adjusting for surgery type.

Therefore, the answer is yes, preoperative statin therapy and laparoscopic surgery can reduce the risk of postoperative atrial fibrillation in different surgical settings, specifically in CABG and foregut surgery, respectively.","['OBJECTIVE: Recent studies have demonstrated that statins have pleiotropic \neffects, including anti-inflammatory effects and atrial fibrillation (AF) \npreventive effects. The objective of this study was to assess the efficacy of \npreoperative statin therapy in preventing AF after coronary artery bypass \ngrafting (CABG).\nMETHODS: 221 patients underwent CABG in our hospital from 2004 to 2007. 14 \npatients with preoperative AF and 4 patients with concomitant valve surgery were \nexcluded from this study. Patients were divided into two groups to examine the \ninfluence of statins: those with preoperative statin therapy (Statin group, n = \n77) and those without it (Non-statin group, n = 126). In addition, patients were \ndivided into two groups to determine the independent predictors for', 'divided into two groups to determine the independent predictors for \npostoperative AF: those with postoperative AF (AF group, n = 54) and those \nwithout it (Non-AF group, n = 149). Patient data were collected and analyzed \nretrospectively.\nRESULTS: The overall incidence of postoperative AF was 26%. Postoperative AF was \nsignificantly lower in the Statin group compared with the Non-statin group (16% \nversus 33%, p = 0.005). Multivariate analysis demonstrated that independent \npredictors of AF development after CABG were preoperative statin therapy (odds \nratio [OR] 0.327, 95% confidence interval [CI] 0.107 to 0.998, p = 0.05) and age \n(OR 1.058, 95% CI 1.004 to 1.116, p = 0.035).\nCONCLUSION: Our study indicated that preoperative statin therapy seems to reduce \nAF development after CABG.', '4.0 +/- 7.1 days (p = 0.004). Multivariate analysis revealed an association of \natrial fibrillation with age (OR 1.08, 95% CI 1.02-1.14, p = 0.01), and \nlaparoscopic surgery (OR 0.09, 95% CI 0.01-0.95, p = 0.04) after adjusting for \nsurgery type.\nCONCLUSIONS: Laparoscopic surgery is associated with lower risk of atrial \nfibrillation in foregut surgery. Development of atrial fibrillation is \nassociated with increased length of intensive care stay. We recommend a \nprospective trial to confirm our findings.', 'predilatation. The reduction in the number of pacing periods required may be \nbeneficial for the patient.', 'Median followup was 23 months (maximum 166). Separate Cox multivariate \nregression analyses were performed to analyze preoperative and postoperative \nfactors.\nRESULTS: RP year was a predictor of outcome on preoperative analysis (p = 0.006) \nbut not on postoperative analysis (p = 0.130). Patient outcome steadily improved \nwith surgery through the mid 1990s and then it appeared to level off.\nCONCLUSIONS: When controlling for preoperative features, the year in which RP \nwas performed is a predictor of outcome on multivariate analysis. This effect \ncould not be explained by stage migration.']","Both preoperative statin therapy and laparoscopic surgery are associated with reduced risk of postoperative atrial fibrillation in their respective clinical settings, although their effects are context-specific.",1.0
Do ganglionated plexi (GP) ablation during Maze IV and left atrial appendage (LAA) occlusion affect similar clinical outcomes in atrial fibrillation patients?,"Based on the provided context, the answer is no, ganglionated plexi (GP) ablation during Maze IV and left atrial appendage (LAA) occlusion do not affect similar clinical outcomes in atrial fibrillation patients.

The context suggests that GP ablation during Maze IV did not prove to be beneficial for postoperative stable normal sinus rhythm (NSR) (Document id='d3ae9c21-68a7-58c0-8342-2a812e0eec43'). In contrast, LAA occlusion was associated with changes in echocardiography and electrocardiogram (ECG) results, including a slight movement of QRS electric axis (Document id='c71b4d77-0086-5fc7-846b-9cd1155789f2'). 

There is no direct comparison between the two procedures in the provided context, and they appear to target different aspects of atrial fibrillation treatment. Therefore, it cannot be concluded that they affect similar clinical outcomes.","['BACKGROUND: We investigated the role of surgical ablation targeting the \nautonomous nervous system during a Cox-Maze IV procedure in the maintenance of \nsinus rhythm at long-term follow-up.\nMETHODS: The patient population consisted of 519 subjects with persistent or \nlong-standing persistent atrial fibrillation (AF) undergoing radiofrequency Maze \nIV during open heart surgery between January 2006 and July 2013 at three \ninstitutions without (Group 1) or with (Group 2) ganglionated plexi (GP) \nablation. Recurrence of atrial fibrillation off-antiarrhythmic drugs was the \nprimary outcome. Predictors of AF recurrence were evaluated by means of \ncompeting risk regression. Median follow-up was 36.7 months.\nRESULTS: The percentage of patients in normal sinus rhythm (NSR)', 'BACKGROUND: The alterations of echocardiography and electrocardiogram (ECG) in \npatients received left atrial appendage LAA occlusion therapy are still unclear. \nThe present study was to evaluate the influence of LAA occlusion device on \nechocardiography and ECG changes in patients with atrial fibrillation (AF).\nMETHODS: Seventy-three patients who had undergone Watchman, LAmbre and Lefort \nwere enrolled in this study. Echocardiography and ECG results at pre- and \npost-operation were collected. Besides, echocardiography was also performed \nduring follow-up visits at 1, 6 and 12months after discharge.\nRESULTS: After LAA occlusion, a slight and measureable movement of QRS electric \naxis was observed in most patients. The significant differences were also', 'RESULTS: The percentage of patients in normal sinus rhythm (NSR) \noff-antiarrhythmic drugs did not differ between groups (Group 1-75.5%, Group \n2-67.8%, p = 0.08). Duration of AF ≥ 38 months (p = 0.01), left atrial diameter \n≥ 54 mm (0.001), left atrial area ≥ 33 cm(2) (p = 0.005), absence of connecting \nlesions (p= 0.04), and absence of right atrial ablation (p < 0.001) were \nindependently associated with high incidence of AF recurrence. In contrast the \nabsence of GP ablation was not a significant factor (p = 0.12).\nCONCLUSIONS: GP ablation did not prove to be beneficial for postoperative stable \nNSR. A complete left atrial lesion set and biatrial ablation are advisable for \nimproving rhythm outcomes. Randomized controlled trials are necessary to confirm \nour findings.', 'BACKGROUND: Ablation of persistent atrial fibrillation (AF) may require \nadjunctive methods of substrate modification. Both ablation-targeting complex \nfractionated atrial electrograms (CFAEs) recorded during AF and fractionated \nelectrograms recorded during sinus rhythm (sinus rhythm fractionation [SRF]) \nhave been described. However, the relationship of CFAEs with SRF is unclear.\nMETHODS: Twenty patients (age 62 ± 9 years, 13 males) with persistent AF and 9 \ncontrol subjects without organic heart disease or AF (age 36 ± 6 years, 4 males) \nunderwent detailed CFAE and SRF left atrial electroanatomic maps. The overlap in \nleft atrial regions with CFAEs and SRF was compared in the AF population, and \nthe distribution of SRF was compared among patients with AF and normal controls.', 'techniques were performed to determine risk factors for new-onset atrial \nfibrillation.\nRESULTS: Of the 154 patients, 14 patients developed new-onset atrial \nfibrillation with a higher mean age of 67.1 years (+/-8.8 years) versus 56.4 \nyears (+/-14.1 years) (p = 0.006). Laparoscopic (p = 0.004) and nonthoracic \nsurgeries (p = 0.01) were associated with lower risk of atrial fibrillation. \nPatients with atrial fibrillation had received more fluid (6.5 +/- 2.8 liters \nversus 5.3 +/- 2.0 liters) and had longer operations (370 +/- 103 min versus 362 \n+/- 142 min), none of which were statistically significant. The average \nintensive care length of stay of patients was longer: 7.5 +/- 6.8 days versus \n4.0 +/- 7.1 days (p = 0.004). Multivariate analysis revealed an association of']","GP ablation and LAA occlusion do not affect similar clinical outcomes. GP ablation does not improve long-term sinus rhythm maintenance, while LAA occlusion primarily alters ECG parameters without demonstrating improvement in echocardiographic structure or rhythm outcomes.",1.0
"Is the KCNQ1 mutation alone sufficient to cause atrial fibrillation, or are additional factors such as atrial stretch or hypertension required?","According to the provided context, the KCNQ1 mutation alone is insufficient to cause atrial fibrillation. The data suggest that a ""second hit"", such as an environmental factor like hypertension, which promotes atrial stretch, is required for atrial fibrillation to be manifested. This is evident from the statement: ""These data suggest that the R14C KCNQ1 mutation alone is insufficient to cause AF. Rather, we suggest a model in which a ""second hit"", such as an environmental factor like hypertension, which promotes atrial stretch and thereby unmasks an inherited defect in ion channel kinetics (the ""first hit""), is required for AF to be manifested."" (Document id='2a4d4436-9c43-5e53-bc36-8e2bf99e672d').","['OBJECTIVES: This study sought to evaluate mutations in genes encoding the slow \ncomponent of the cardiac delayed rectifier K+ current (I(Ks)) channel in \nfamilial atrial fibrillation (AF).\nBACKGROUND: Although AF can have a genetic etiology, links between inherited \ngene defects and acquired factors such as atrial stretch have not been explored.\nMETHODS: Mutation screening of the KCNQ1, KCNE1, KCNE2, and KCNE3 genes was \nperformed in 50 families with AF. The effects of mutant protein on cardiac I(Ks) \nactivation were evaluated using electrophysiological studies and human atrial \naction potential modeling.\nRESULTS: One missense KCNQ1 mutation, R14C, was identified in 1 family with a \nhigh prevalence of hypertension. Atrial fibrillation was present only in older', 'high prevalence of hypertension. Atrial fibrillation was present only in older \nindividuals who had developed atrial dilation and who were genotype positive. \nPatch-clamp studies of wild-type or R14C KCNQ1 expressed with KCNE1 in CHO cells \nshowed no statistically significant differences between wild-type and mutant \nchannel kinetics at baseline, or after activation of adenylate cyclase with \nforskolin. After exposure to hypotonic solution to elicit cell swelling/stretch, \nmutant channels showed a marked increase in current, a leftward shift in the \nvoltage dependence of activation, altered channel kinetics, and shortening of \nthe modeled atrial action potential duration.\nCONCLUSIONS: These data suggest that the R14C KCNQ1 mutation alone is', 'CONCLUSIONS: These data suggest that the R14C KCNQ1 mutation alone is \ninsufficient to cause AF. Rather, we suggest a model in which a ""second hit"", \nsuch as an environmental factor like hypertension, which promotes atrial stretch \nand thereby unmasks an inherited defect in ion channel kinetics (the ""first \nhit""), is required for AF to be manifested. Such a model would also account for \nthe age-related increase in AF development.', ""AIMS: We explored whether QT corrected dispersion (QTcD) can identify left \nventricular hypertrophy (LVH) in hypertensives.\nMETHODS: We enrolled 100 hypertensive patients (study group) and 30 normotensive \nsubjects (control group). Echocardiography was performed to measure left \nventricular mass and left ventricular mass index. Electrocardiogram was \nperformed to measure QTcD.\nRESULTS: LVH was present in 42 patients (42%) of the study group, none among \ncontrols. Hypertensive patients had significantly greater indices of LVH and \nQTcD compared with controls (p <0.001 for all). Similarly, among hypertensive \npatients, those with LVH had a significantly greater QTcD compared with those \nwithout (p <0.001). Pearson's correlation coefficient test demonstrated strongly"", 'heart anomalies as controls. Subanalyses were performed for defects that have \nbeen associated with FA in non-DS populations (conotruncal, ventricular septal \n[VSD]) and for those that are associated with DS (ostium secundum type atrial \nseptal defects [ASD] and endocardial cushion defects [ECD]). Exposure was \ndefined as the use of any FA-containing product for an average of at least 4 \ndays per week during the first 12 weeks of pregnancy, whereas no exposure was \ndefined as no use of FA in these 12 weeks.\nRESULTS: Of the 223 cases, 110 (49%) were exposed versus 84 (46%) of the 184 \ncontrols. After adjustment for possible confounders, no protective effect of FA \nwas found on heart anomalies overall (OR 0.95, 95% CI: 0.61-1.47) nor separately \nfor conotruncal defects, VSDs, ASDs, or ECDs.']","The KCNQ1 mutation alone is not sufficient to cause atrial fibrillation. Additional factors such as atrial stretch, often related to hypertension and aging, are required to trigger the condition.",1.0
"What is the correlation between complex fractionated atrial electrograms (CFAE) and sinus rhythm fractionation (SRF), and how does SRF distribution differ between atrial fibrillation patients and controls?","According to the provided context, there is little correlation between complex fractionated atrial electrograms (CFAE) and sinus rhythm fractionation (SRF), with a correlation coefficient of r = 0.2 (P = NS), indicating no significant correlation. Additionally, the distribution of SRF is similar between patients with atrial fibrillation and normal controls, with no significant difference found between the two groups (P = 0.74).","['BACKGROUND: Ablation of persistent atrial fibrillation (AF) may require \nadjunctive methods of substrate modification. Both ablation-targeting complex \nfractionated atrial electrograms (CFAEs) recorded during AF and fractionated \nelectrograms recorded during sinus rhythm (sinus rhythm fractionation [SRF]) \nhave been described. However, the relationship of CFAEs with SRF is unclear.\nMETHODS: Twenty patients (age 62 ± 9 years, 13 males) with persistent AF and 9 \ncontrol subjects without organic heart disease or AF (age 36 ± 6 years, 4 males) \nunderwent detailed CFAE and SRF left atrial electroanatomic maps. The overlap in \nleft atrial regions with CFAEs and SRF was compared in the AF population, and \nthe distribution of SRF was compared among patients with AF and normal controls.', 'the distribution of SRF was compared among patients with AF and normal controls. \nPropagation maps were analyzed to identify the activation patterns associated \nwith SR fractionation.\nRESULTS: SRF (338 ± 150 points) and CFAE (418 ± 135 points) regions comprised \n29% ± 14% and 25% ± 15% of the left atrial surface area, respectively. There was \nno significant correlation between SRF and CFAE maps (r = .2; P = NS). On \ncomparing patients with AF and controls, no significant difference was found in \nthe distribution of SRF between groups (P = .74). Regions of SRF overlapped \nareas of wave-front collision 75% ± 13% of the time.\nCONCLUSIONS: (1) There is little overlap between regions of CFAEs during AF and \nregions of SRF measured in the time domain or the frequency domain, (2) the', 'OBJECTIVES: This study sought to evaluate mutations in genes encoding the slow \ncomponent of the cardiac delayed rectifier K+ current (I(Ks)) channel in \nfamilial atrial fibrillation (AF).\nBACKGROUND: Although AF can have a genetic etiology, links between inherited \ngene defects and acquired factors such as atrial stretch have not been explored.\nMETHODS: Mutation screening of the KCNQ1, KCNE1, KCNE2, and KCNE3 genes was \nperformed in 50 families with AF. The effects of mutant protein on cardiac I(Ks) \nactivation were evaluated using electrophysiological studies and human atrial \naction potential modeling.\nRESULTS: One missense KCNQ1 mutation, R14C, was identified in 1 family with a \nhigh prevalence of hypertension. Atrial fibrillation was present only in older', 'regions of SRF measured in the time domain or the frequency domain, (2) the \nmajority of SRF appears to occur in regions with wave-front collision, (3) the \ndistribution of SRF is similar in patients with AF and normal controls, \nsuggesting that this may not have an important role in AF maintenance and may \nnot be a suitable ablation target.', 'heart anomalies as controls. Subanalyses were performed for defects that have \nbeen associated with FA in non-DS populations (conotruncal, ventricular septal \n[VSD]) and for those that are associated with DS (ostium secundum type atrial \nseptal defects [ASD] and endocardial cushion defects [ECD]). Exposure was \ndefined as the use of any FA-containing product for an average of at least 4 \ndays per week during the first 12 weeks of pregnancy, whereas no exposure was \ndefined as no use of FA in these 12 weeks.\nRESULTS: Of the 223 cases, 110 (49%) were exposed versus 84 (46%) of the 184 \ncontrols. After adjustment for possible confounders, no protective effect of FA \nwas found on heart anomalies overall (OR 0.95, 95% CI: 0.61-1.47) nor separately \nfor conotruncal defects, VSDs, ASDs, or ECDs.']",The correlation between CFAE and SRF is weak and not significant (r ≈ 0.2). SRF distribution does not differ significantly between atrial fibrillation patients and controls (P = 0.74).,1.0
Do postoperative nomograms and preoperative C-reactive protein (CRP) levels have similar ability to predict clinically relevant outcomes in prostate cancer?,"There is no information in the provided context about the ability of preoperative C-reactive protein (CRP) levels to predict clinically relevant outcomes in prostate cancer. The context only discusses the ability of postoperative nomograms to predict outcomes such as biochemical recurrence (BCR) and prostate cancer-specific mortality (PCSM). Therefore, it is not possible to compare the ability of postoperative nomograms and preoperative CRP levels to predict outcomes based on the provided context.","['OBJECTIVE: To examine the ability of various postoperative nomograms to predict \nprostate cancer-specific mortality (PCSM) and to validate that they could \npredict aggressive biochemical recurrence (BCR). Prostate-specific antigen \n(PSA), grade, and stage are the classic triad used to predict BCR after radical \nprostatectomy (RP). Multiple nomograms use these to predict risk of BCR. A \nprevious study showed that several nomograms could predict aggressive BCR \n(prostate-specific antigen doubling time [PSADT]\xa0<9 months) more accurately than \nBCR. However, it remains unknown if they can predict more definitive endpoints, \nsuch as PCSM.\nMETHODS: We performed Cox analyses to examine the ability of 4 postoperative \nnomograms, the Duke Prostate Center (DPC) nomogram, the Kattan postoperative', 'PURPOSE: We examined whether the year in which radical prostatectomy (RP) was \nperformed is a predictor of treatment outcome after controlling for standard \nprognostic factors.\nMATERIALS AND METHODS: We examined the association between RP year and outcome \nin 6,556 patients from 7 centers using preoperative and pathological features. \nPatients underwent surgery between 1985 and 2000. The variables analyzed were RP \nyear, clinical stage, pretreatment prostate specific antigen, biopsy Gleason \nsum, RP Gleason sum, margin status, level of extracapsular extension, seminal \nvesicle status, lymph node status, neoadjuvant hormones and adjuvant therapy. \nMedian followup was 23 months (maximum 166). Separate Cox multivariate', 'nomograms, the Duke Prostate Center (DPC) nomogram, the Kattan postoperative \nnomogram, the Johns Hopkins Hospital (JHH) nomogram, and the joint Center for \nProstate Disease Research(CPDR)/Cancer of the Prostate Strategic Urologic \nResearch Endeavor (CaPSURE) nomogram to predict BCR and PCSM among 1778 men in \nthe Shared Equal Access Regional Cancer Hospital (SEARCH) database who underwent \nRP between 1990 and 2009. We also compared their ability to predict BCR and \naggressive BCR in a subset of men. We calculated the c-index for each nomogram \nto determine its predictive accuracy for estimating actual outcomes.\nRESULTS: We found that each nomogram could predict aggressive BCR and PCSM in a \nstatistically significant manner and that they all predicted PCSM more', 'recurrence, defined as a prostate-specific antigen level of 0.5 ng/mL or \ngreater.\nRESULTS: Patients with a prior benign biopsy had more favorable pathologic \nfeatures with more organ-confined (74% versus 64%; P <0.001) and less \nmargin-positive (9.8% versus 18%) disease. Only 24 patients (12%) in the study \ngroup (versus 20% in control group; P = 0.01) had eventual evidence of \nbiochemical failure. Kaplan-Meier analyses suggested that patients with prior \nbenign biopsies have improved biochemical disease-free survival, especially for \nthose with more aggressive disease (Gleason sum 7 or greater; P <0.01). Overall, \npatients in the study group had lower probability (odds ratio 0.57, P <0.001) of \nbiochemical failure compared with those in the control group.', 'OBJECTIVES: To determine the effect of prior benign prostate biopsies on the \nsurgical and clinical outcomes of patients treated with radical perineal \nprostatectomy for prostate cancer.\nMETHODS: A total of 1369 patients with clinically localized prostate cancer \nunderwent radical prostatectomy by a single surgeon between 1991 and 2001. A \nsubset of 203 patients (14.9%), who had undergone at least one prior benign \nprostate biopsy for a rising prostate-specific antigen and/or abnormal digital \nrectal examination, constituted our study population. A total of 1115 patients \nwith no prior biopsy represented our control group. After prostatectomy, \npatients were evaluated at 6-month intervals for biochemical evidence of \nrecurrence, defined as a prostate-specific antigen level of 0.5 ng/mL or']","Postoperative nomograms and preoperative CRP levels do not have similar predictive ability. Nomograms accurately predict outcomes such as prostate cancer-specific mortality, whereas CRP does not reliably predict tumor stage, metastasis, or surgical outcomes.",1.0
Do prior benign prostate biopsy and year of surgery have similar predictive value for outcomes after radical prostatectomy?,"Based on the provided context, it appears that prior benign prostate biopsy and year of surgery have different predictive values for outcomes after radical prostatectomy.

The context suggests that prior benign prostate biopsy is associated with improved biochemical disease-free survival, especially for patients with more aggressive disease (Gleason sum 7 or greater) (Document id='fcec8fd2-ca65-5811-9400-fca02cf693f3' and Document id='0844737c-1de0-5ea8-8a24-f34732f245ee'). Patients with prior benign biopsies had more favorable pathologic features, lower probability of biochemical failure, and improved disease-free survival.

On the other hand, the year of surgery is also a predictor of treatment outcome after controlling for standard prognostic factors (Document id='79ed0d54-c39b-5291-b466-abb737a4c76a'). However, the context does not provide a direct comparison between the predictive value of prior benign prostate biopsy and year of surgery.

Therefore, based on the provided context, it is not possible to conclude that prior benign prostate biopsy and year of surgery have similar predictive value for outcomes after radical prostatectomy. More information would be needed to make a direct comparison between the two factors.","['OBJECTIVE: To examine the ability of various postoperative nomograms to predict \nprostate cancer-specific mortality (PCSM) and to validate that they could \npredict aggressive biochemical recurrence (BCR). Prostate-specific antigen \n(PSA), grade, and stage are the classic triad used to predict BCR after radical \nprostatectomy (RP). Multiple nomograms use these to predict risk of BCR. A \nprevious study showed that several nomograms could predict aggressive BCR \n(prostate-specific antigen doubling time [PSADT]\xa0<9 months) more accurately than \nBCR. However, it remains unknown if they can predict more definitive endpoints, \nsuch as PCSM.\nMETHODS: We performed Cox analyses to examine the ability of 4 postoperative \nnomograms, the Duke Prostate Center (DPC) nomogram, the Kattan postoperative', 'recurrence, defined as a prostate-specific antigen level of 0.5 ng/mL or \ngreater.\nRESULTS: Patients with a prior benign biopsy had more favorable pathologic \nfeatures with more organ-confined (74% versus 64%; P <0.001) and less \nmargin-positive (9.8% versus 18%) disease. Only 24 patients (12%) in the study \ngroup (versus 20% in control group; P = 0.01) had eventual evidence of \nbiochemical failure. Kaplan-Meier analyses suggested that patients with prior \nbenign biopsies have improved biochemical disease-free survival, especially for \nthose with more aggressive disease (Gleason sum 7 or greater; P <0.01). Overall, \npatients in the study group had lower probability (odds ratio 0.57, P <0.001) of \nbiochemical failure compared with those in the control group.', 'PURPOSE: We examined whether the year in which radical prostatectomy (RP) was \nperformed is a predictor of treatment outcome after controlling for standard \nprognostic factors.\nMATERIALS AND METHODS: We examined the association between RP year and outcome \nin 6,556 patients from 7 centers using preoperative and pathological features. \nPatients underwent surgery between 1985 and 2000. The variables analyzed were RP \nyear, clinical stage, pretreatment prostate specific antigen, biopsy Gleason \nsum, RP Gleason sum, margin status, level of extracapsular extension, seminal \nvesicle status, lymph node status, neoadjuvant hormones and adjuvant therapy. \nMedian followup was 23 months (maximum 166). Separate Cox multivariate', 'OBJECTIVES: To determine the effect of prior benign prostate biopsies on the \nsurgical and clinical outcomes of patients treated with radical perineal \nprostatectomy for prostate cancer.\nMETHODS: A total of 1369 patients with clinically localized prostate cancer \nunderwent radical prostatectomy by a single surgeon between 1991 and 2001. A \nsubset of 203 patients (14.9%), who had undergone at least one prior benign \nprostate biopsy for a rising prostate-specific antigen and/or abnormal digital \nrectal examination, constituted our study population. A total of 1115 patients \nwith no prior biopsy represented our control group. After prostatectomy, \npatients were evaluated at 6-month intervals for biochemical evidence of \nrecurrence, defined as a prostate-specific antigen level of 0.5 ng/mL or', 'nomograms, the Duke Prostate Center (DPC) nomogram, the Kattan postoperative \nnomogram, the Johns Hopkins Hospital (JHH) nomogram, and the joint Center for \nProstate Disease Research(CPDR)/Cancer of the Prostate Strategic Urologic \nResearch Endeavor (CaPSURE) nomogram to predict BCR and PCSM among 1778 men in \nthe Shared Equal Access Regional Cancer Hospital (SEARCH) database who underwent \nRP between 1990 and 2009. We also compared their ability to predict BCR and \naggressive BCR in a subset of men. We calculated the c-index for each nomogram \nto determine its predictive accuracy for estimating actual outcomes.\nRESULTS: We found that each nomogram could predict aggressive BCR and PCSM in a \nstatistically significant manner and that they all predicted PCSM more']","Prior benign biopsy and year of surgery do not have similar predictive value. Prior benign biopsy is independently associated with better pathological features and improved survival, whereas the effect of year of surgery disappears after adjustment for clinical and pathological factors.",1.0
"Does age alone determine the benefit of curative therapy in older men with localized prostate cancer, or do tumor characteristics and comorbidity play a larger role?","According to the provided context, specifically Document(id='bfd02c0d-8786-516b-94e5-2576aeccb60e'), age alone does not determine the benefit of curative therapy in older men with localized prostate cancer. The document states that ""For men with well-differentiated tumors and few comorbidities, potentially curative therapy (RP or EBRT) prolonged LE up to age 75 years but did not improve QALE at any age."" and ""Benefits of potentially curative therapy were restricted to men with no worse than mild comorbidity."" This suggests that tumor characteristics (e.g., differentiation) and comorbidity play a significant role in determining the benefit of curative therapy, in addition to age.","['recurrence, defined as a prostate-specific antigen level of 0.5 ng/mL or \ngreater.\nRESULTS: Patients with a prior benign biopsy had more favorable pathologic \nfeatures with more organ-confined (74% versus 64%; P <0.001) and less \nmargin-positive (9.8% versus 18%) disease. Only 24 patients (12%) in the study \ngroup (versus 20% in control group; P = 0.01) had eventual evidence of \nbiochemical failure. Kaplan-Meier analyses suggested that patients with prior \nbenign biopsies have improved biochemical disease-free survival, especially for \nthose with more aggressive disease (Gleason sum 7 or greater; P <0.01). Overall, \npatients in the study group had lower probability (odds ratio 0.57, P <0.001) of \nbiochemical failure compared with those in the control group.', 'using three data sources: cancer registry cohort data, pooled case series, and \nmodern radiotherapy studies. Utilities were obtained from 141 prostate cancer \npatients and from published studies.\nRESULTS: For men with well-differentiated tumors and few comorbidities, \npotentially curative therapy (RP or EBRT) prolonged LE up to age 75 years but \ndid not improve QALE at any age. For moderately differentiated cancers, \npotentially curative therapy resulted in LE and QALE gains up to age 75 years. \nFor poorly differentiated disease, potentially curative therapy resulted in LE \nand QALE gains up to age 80 years. Benefits of potentially curative therapy were \nrestricted to men with no worse than mild comorbidity. When cohort and pooled', 'OBJECTIVE: To examine the ability of various postoperative nomograms to predict \nprostate cancer-specific mortality (PCSM) and to validate that they could \npredict aggressive biochemical recurrence (BCR). Prostate-specific antigen \n(PSA), grade, and stage are the classic triad used to predict BCR after radical \nprostatectomy (RP). Multiple nomograms use these to predict risk of BCR. A \nprevious study showed that several nomograms could predict aggressive BCR \n(prostate-specific antigen doubling time [PSADT]\xa0<9 months) more accurately than \nBCR. However, it remains unknown if they can predict more definitive endpoints, \nsuch as PCSM.\nMETHODS: We performed Cox analyses to examine the ability of 4 postoperative \nnomograms, the Duke Prostate Center (DPC) nomogram, the Kattan postoperative', 'PURPOSE: We examined whether the year in which radical prostatectomy (RP) was \nperformed is a predictor of treatment outcome after controlling for standard \nprognostic factors.\nMATERIALS AND METHODS: We examined the association between RP year and outcome \nin 6,556 patients from 7 centers using preoperative and pathological features. \nPatients underwent surgery between 1985 and 2000. The variables analyzed were RP \nyear, clinical stage, pretreatment prostate specific antigen, biopsy Gleason \nsum, RP Gleason sum, margin status, level of extracapsular extension, seminal \nvesicle status, lymph node status, neoadjuvant hormones and adjuvant therapy. \nMedian followup was 23 months (maximum 166). Separate Cox multivariate', 'PURPOSE: Examine whether patients with prostate cancer choose the more \naggressive of two radiotherapeutic options, whether this choice is reasoned, and \nwhat the determinants of the choice are.\nPATIENTS AND METHODS: One hundred fifty patients with primary prostate cancer \n(T(1-3)N(0)M(0)) were informed by means of a decision aid of two treatment \noptions: radiotherapy with 70 Gy versus 74 Gy. The latter treatment is \nassociated with more cure and more toxicity. The patients were asked whether \nthey wanted to choose, and if so which treatment they preferred. They also \nassigned importance weights to the probability of various outcomes, such as \nsurvival, cure and adverse effects. Patients who wanted to choose their own \ntreatment (n = 119) are described here.']","Age alone does not determine the benefit of curative therapy. Clinical benefit depends more on tumor differentiation and comorbidity, with improved life expectancy and quality-adjusted life expectancy mainly in patients with favorable tumor characteristics and low comorbidity.",1.0
"Do manic and mixed episode classifications remain stable over time, and does the diagnosis of bipolar disorder vary depending on the diagnostic method used?","According to the provided context, the answer is yes, manic and mixed episode classifications tend to remain stable over time, and the diagnosis of bipolar disorder does vary depending on the diagnostic method used.

The stability of manic and mixed episode classifications is supported by the study described in Document '2ae8e842-987c-551d-ab13-95f69bd22e7b', which found that ""Episodes were consistent (all manic or all mixed) in significantly more patients than would be expected by chance."" This suggests a pattern of diagnostic stability over time for manic and mixed episodes in patients with bipolar disorder.

The variability in bipolar disorder diagnosis depending on the diagnostic method used is evident in the study described in Documents '67b223a7-ba32-5a46-915b-210252d778eb', '4202be13-661e-557b-aec5-a5fe595c4b04', and 'a10d56fe-7d09-5271-bbfa-d3b9147d4b13'. These documents report that different diagnostic algorithms, such as DSM-IV criteria, modified DSM-IV criteria, Bipolarity Specifier Algorithm, HCL-32R, and criteria-free physician's diagnosis, yielded variable prevalences of bipolar disorder, ranging from 11.6% to 58.7%. This suggests that the diagnosis of bipolar disorder is sensitive to the diagnostic method employed.","['OBJECTIVE: The authors sought to determine whether the manic/mixed episode \ndistinction in patients with bipolar disorder runs true over time.\nMETHOD: Over an 11-year period, the observed distribution of manic and mixed \nepisodes (N=1,224) for patients with three or more entries in the management \ninformation system of a community mental health center (N=241) was compared to \nthe expected distribution determined by averaging 1,000 randomly generated \nsimulations.\nRESULTS: Episodes were consistent (all manic or all mixed) in significantly more \npatients than would be expected by chance.\nCONCLUSIONS: These data suggest a pattern of diagnostic stability over time for \nmanic and mixed episodes in patients with bipolar disorder. Careful prospective \nstudies of this issue are needed.', ""BACKGROUND: Recent reports indicate that the prevalence of bipolar disorder (BD) \nin patients with an acute major depressive episode might be higher than \npreviously thought. We aimed to study systematically all patients who sought \ntherapy for major depressive episode (MDE) within the BRIDGE study in Germany, \nreporting on an increased number (increased from 2 in the international BRIDGE \nreport to 5) of different diagnostic algorithms.\nMETHODS: A total of 252 patients with acute MDE (DSM-IV confirmed) were examined \nfor the existence of BD (a) according to DSM-IV criteria, (b) according to \nmodified DSM-IV criteria (without the exclusion criterion of 'mania not induced \nby substances/antidepressants'), (c) according to a Bipolarity Specifier"", ""physician's diagnosis and the remaining algorithms indicate the usefulness of \ncriteria lists within the everyday clinical setting.\nLIMITATIONS: Diagnoses based on DSM were only made with checklists. The \ndiagnoses of (hypo-) manic episodes in the patient history were not \nsystematically verifiable by indirect anamnesis."", ""OBJECTIVE: To examine the representativeness of a randomized controlled trial \n(RCT) sample versus one obtained by consecutive new case ascertainment, for \nsubjects with child bipolar I disorder.\nMETHOD: Subjects (N = 247) were outpatients who participated in either the \nNational Institute of Mental Health-funded Phenomenology and Course of Pediatric \nBipolar Disorders study or the Treatment of Early Age Mania (TEAM) study. Both \nstudies required that subjects have current DSM-IV bipolar I disorder (manic or \nmixed phase) and a Children's Global Assessment Scale (CGAS) score <or=60. All \nsubjects had elation and/or grandiosity. Subjects in the Phenomenology study \nwere obtained from 1995 to 1998 by consecutive new case ascertainment from"", ""by substances/antidepressants'), (c) according to a Bipolarity Specifier \nAlgorithm which expands the DSM-IV criteria, (d) according to HCL-32R \n(Hypomania-Checklist-32R), and (e) according to a criteria-free physician's \ndiagnosis.\nRESULTS: The five different diagnostic approaches yielded immensely variable \nprevalences for BD: (a) 11.6; (b) 24.8%; (c) 40.6%; (d) 58.7; e) 18.4% with only \npartial overlap between diagnoses according to the physician's diagnosis or \nHCL-32R with diagnoses according to the three DSM-based algorithms.\nCONCLUSIONS: The diagnosis of BD in patients with MDE depends strongly on the \nmethod and criteria employed. The considerable difference between criteria-free \nphysician's diagnosis and the remaining algorithms indicate the usefulness of""]","Manic and mixed episode classifications show stability over time, but the diagnosis of bipolar disorder varies widely depending on the diagnostic method used, with different criteria producing substantially different prevalence estimates.",1.0
Do AVPR1A genetic variants and affective disorder polarity independently predict behavioral outcomes such as hypersexuality or suicidal behavior?,"The provided context does not contain direct evidence to support the idea that AVPR1A genetic variants and affective disorder polarity independently predict behavioral outcomes such as hypersexuality or suicidal behavior. 

However, Document(id='f15578a5-f2e4-5e43-8d07-a0acfb362227') mentions that ""Preferential transmission of the number of AVPR1A microsatellite repeats to hypersexual and uninhibited people-seeking probands was hypothesized"" but later concludes that ""Preferential transmission of AVPR1A to hypersexual or uninhibited people-seeking probands was not supported."" 

There is no mention of suicidal behavior in the provided context. Therefore, based on the available information, it cannot be concluded that AVPR1A genetic variants and affective disorder polarity independently predict behavioral outcomes such as hypersexuality or suicidal behavior.","[""OBJECTIVE: To examine family-based transmission of the number of 5' flanking \narginine vasopressin V1a receptor (AVPR1A) microsatellites, which include \n[(GATA)(14)] and complex [(CT)(4)-TT-(CT)(8)-(GT)(24)] repeats, in probands with \na prepubertal and early adolescent bipolar disorder phenotype (PEA-BP). \nPreferential transmission of the number of AVPR1A microsatellite repeats to \nhypersexual and uninhibited people-seeking probands was hypothesized, based on \nreports from preclinical work in the literature.\nMETHODS: Probands were 83 participants in an ongoing controlled study of PEA-BP. \nThe PEA-BP phenotype was defined by DSM-IV mania with at least one of the \ncardinal symptoms of mania (elation and/or grandiosity) to avoid diagnosing"", 'controls. However, significant interactions amongst sex, diagnosis and rs3864283 \ngenotypes were observed.\nCONCLUSION: : Data from both association and expression studies suggested that \nvariants at HINT1 may be associated with schizophrenia and the associations may \nbe sex-specific. However, the markers showing associations were in high LD to \nthe SPEC2/PDZ-GEF2/ACSL6 locus reported previously in the same samples. This \nmade it difficult to separate the association signals amongst these genes. Other \nindependent studies may be necessary to distinguish these candidate genes.', 'AIM: Transient tachypnea of the newborn (TTN) is a common cause of early \nrespiratory distress in the neonatal period of term infants. Delayed resorption \nof foetal lung fluid after birth is considered as the main pathophysiological \nfactor. As resorption of foetal lung fluid is a catecholamine dependent process, \nwe aimed at investigating, whether beta1- and beta2-adrenoreceptor (ADRB1, \nADRB2) polymorphisms, known to alter catecholamine activity, are operative in \nTTN.\nMETHODS: DNA was collected for genotyping from 73 term newborns suffering from \nTTN and 55 healthy controls from a Caucasian cohort.\nRESULTS: TTN infants were more likely to be male (70% vs. 49%; p < 0.05), had a \nlower mean birthweight (3120 +/- 450 vs. 3396 +/- 504 g; p < 0.001) and', 'BACKGROUND: Polymorphisms in the oestrogen receptor 1 (ESR1) and oestrogen \nreceptor 2 (ESR2) genes are associated with intermediate or endpoint markers of \ncardiovascular disease and with the efficacy of postmenopausal hormone therapy \n(HT). Contradictory findings have been described in the past and the role of \nthese genetics variants remains unclear.\nMETHODS: A cross-sectional study was carried out with 266 postmenopausal women, \nof whom 115 received oral HT (HT+) and 151 did not receive any HT (HT-). We \nanalysed three single-nucleotide polymorphisms (SNPs) in ESR1 (rs1801132, \nrs7757956 and rs2813544) and two in ESR2 (rs3020450 and rs7154455) and derived \nhaplotypes with three additional polymorphisms that had been previously', 'and the number of AVPR1A GATA or complex repeats. For p < 0.05, there was about \n80% power to detect odds ratios of 5.0 and 4.0 (in the family-based analyses) \nand 3.5 and 2.6 (in the case-control analyses), for allele frequencies of 0.1 \nand 0.5, respectively.\nCONCLUSION: Preferential transmission of AVPR1A to hypersexual or uninhibited \npeople-seeking probands was not supported.']","AVPR1A genetic variants and affective disorder polarity do not independently predict these behavioral outcomes. AVPR1A variants are not associated with hypersexuality, and affective disorder polarity does not influence suicidal behavior risk or modify known risk factors.",1.0
Is aripiprazole associated with an increased risk of pathological gambling in patients with psychiatric conditions?,"Yes, aripiprazole is associated with an increased risk of pathological gambling in patients with psychiatric conditions. The documents suggest that the dopamine partial agonist mechanism of aripiprazole could explain the occurrence of pathological gambling. In a cohort of 166 pathological gamblers, 8 patients were treated with aripiprazole, and the probability that pathological gambling is actually due to aripiprazole was considered ""possible"" in 7 cases out of 8. The patients involved were mostly young men with a history of addictive disorders and regular gambling prior to the prescription of aripiprazole, who were schizophrenic or bipolar. (Document IDs: 6a49b075-600e-514d-9259-d9c6267145b8, cf4b216d-a3a3-50b1-8551-e662f2863849)","['prescription of aripiprazole. For each one of them, the causality of \naripiprazole was considered, using an algorithm. The probability that \npathological gambling is actually due to aripiprazole is ""possible"" in 7 cases \nout of 8, and ""doubtful"" in one.\nCONCLUSIONS: Adverse drug reactions were confronted with other already published \ncase reports. Dopamine partial agonist mechanism of aripiprazole could explain \nthe occurrence of pathological gambling.', 'OBJECTIVE: It is commonly accepted that pathological gambling results from the \ninteraction of multiple risk factors. Among these, dopamine replacement therapy \n(DRT) prescribed for Parkinson disease can be cited. Another dopamine agonist, \naripiprazole, could be a new risk factor. We decided to explore this potential \nadverse drug reaction (ADR).\nMETHOD: Based on a cohort of 166 pathological gamblers starting treatment in our \ndepartment, data of each of the 8 patients treated by aripiprazole at inclusion \nwere analyzed.\nRESULTS: The patients involved were schizophrenic or bipolar, mostly young men \nwith a history of addictive disorders and regular gambling prior to the \nprescription of aripiprazole. For each one of them, the causality of', 'psychiatric disorder, and psychiatric disorder alone) experienced a significant \nchange in trend during the entire study period (p>0.01).\nCONCLUSIONS: During the time period considered, the FDA AED-related suicidality \nwarning does not appear to have significantly affected prescription claims of \nAED medications for the study population.', 'investigated patients in general adult psychiatry are characterized by specific \nrisk factors different from clinical subpopulations of other disciplines.', 'OBJECTIVE: In January 2008, the Food and Drug Administration (FDA) communicated \nconcerns and, in May 2009, issued a warning about an increased risk of \nsuicidality for all antiepileptic drugs (AEDs). This research evaluated the \nassociation between the FDA suicidality communications and the AED prescription \nclaims among members with epilepsy and/or psychiatric disorder.\nMETHODS: A longitudinal interrupted time-series design was utilized to evaluate \nOklahoma Medicaid claims data from January 2006 through December 2009. The study \nincluded 9289 continuously eligible members with prevalent diagnoses of epilepsy \nand/or psychiatric disorder and at least one AED prescription claim. Trends, \nexpressed as monthly changes in the log odds of AED prescription claims, were']","Aripiprazole may be associated with pathological gambling, but the evidence is limited and causality remains uncertain based on case reports.",0.8333333333333334
Do dexamethasone and prednisone for acute asthma exacerbations and inhaled steroids versus cromones for maintenance asthma treatment show similar effectiveness in clinical outcomes?,"Yes, the provided context suggests that dexamethasone and prednisone show similar effectiveness in treating acute asthma exacerbations in children. According to the meta-analysis of six pediatric clinical trials, there was no significant difference between the two treatments in terms of symptomatic return to baseline and unplanned physician revisits after the initial emergency department encounter.

Regarding inhaled steroids versus cromones for maintenance asthma treatment, the context suggests that inhaled steroids may be more effective in preventing hospital admissions for asthma. A retrospective study comparing two provinces with different maintenance medication practices found that inhaled steroids were better than cromones in preventing admissions for asthma.

Therefore, the available evidence suggests that dexamethasone and prednisone have similar effectiveness in treating acute asthma exacerbations, and inhaled steroids may be more effective than cromones in maintaining asthma control and preventing hospital admissions.","['BACKGROUND: A short course of systemic corticosteroids is an important therapy \nin the treatment of pediatric asthma exacerbations. Although a 5-day course of \noral prednisone or prednisolone has become the most commonly used regimen, \ndexamethasone has also been used for a shorter duration (1-2 days) with \npotential for improvement in compliance and palatability. We reviewed the \nliterature to determine if there is sufficient evidence that dexamethasone can \nbe used as an effective alternative in the treatment of pediatric asthma \nexacerbations in the inpatient setting.\nMETHODS: A Medline search was conducted on the use of dexamethasone in the \ntreatment of asthma exacerbations in children. The studies selected were', 'CONCLUSION: Our results suggest that inhaled steroids are better than cromones \nin preventing admissions for asthma when two provinces with different practices \nfor maintenance medication of steady-state asthma were compared.', 'treatment of asthma exacerbations in children. The studies selected were \nclinical trials comparing the efficacy of dexamethasone with prednisone. \nMeta-analysis was performed examining physician revisitation rates and \nsymptomatic return to baseline.\nRESULTS: Six completed pediatric clinical trials met the inclusion criteria. All \nof the pediatric trials found that prednisone is not superior to dexamethasone \nin treating mild to moderate asthma exacerbations. Meta-analysis demonstrated \nhomogeneity between the dexamethasone and prednisone groups when examining \nsymptomatic return to baseline and unplanned physician revisits after the \ninitial emergency department encounter. Some studies found potential additional', 'AIM: The aim of the present study was to investigate the characteristics of \nhospital admissions in two child populations receiving different types of drugs \nas their regular medication for steady-state asthma.\nMETHODS: Annual data on children aged under 16 y treated for asthma, including \nconsumption of regular medication for asthma, numbers of hospital periods, \nlengths of hospitalizations and annual proportions of readmissions, were \ncollected using patient-specific medical records from 1995 to 1999. In the \nKuopio province, on average, 35.6-36.7/1000 children were on maintenance for \nasthma, of which 23% were receiving cromones, 51% were taking inhaled steroids \nand 26% were treated with cromones plus intermittent steroids. In the Oulu', 'initial emergency department encounter. Some studies found potential additional \nbenefits of dexamethasone, including improved compliance and less vomiting.\nCONCLUSIONS: The current literature suggests that dexamethasone can be used as \nan effective alternative to prednisone in the treatment of mild to moderate \nacute asthma exacerbations in children, with the added benefits of improved \ncompliance, palatability, and cost. However, more research is needed to examine \nthe role of dexamethasone in hospitalized children.']","Dexamethasone and prednisone show similar effectiveness in treating acute asthma exacerbations, whereas inhaled steroids are more effective than cromones in reducing hospital admissions in maintenance asthma treatment.",1.0
Do frequent fast food consumption and higher body mass index have similar effects on asthma symptoms and asthma control?,"No, the provided context suggests that frequent fast food consumption and higher body mass index (BMI) may not have similar effects on asthma symptoms and asthma control.

According to Document(id='88c72f8c-09d4-5772-87f8-ded4d0ebc8c3'), frequent consumption of hamburgers (a type of fast food) is associated with an increased risk of wheeze and current wheeze in children, even after adjusting for lifestyle factors, including BMI.

In contrast, Document(id='3ec00497-9cdf-5cfa-872e-137600a1a8a9') and Document(id='ce6a8e40-cbe7-58b2-bb3b-33a15fc097c3') found no association between obesity or increasing BMI level and asthma control in an ethnically diverse urban population, using four validated asthma control questionnaires.

Therefore, based on the provided context, it appears that frequent fast food consumption may be associated with an increased risk of asthma symptoms, whereas higher BMI may not have a significant impact on asthma control.","['environmental allergens and exercise-induced bronchial hyperresponsiveness (BHR) \nwas assessed according to a standard protocol. Body mass index (BMI) was \ncalculated as weight/height2 (kg/m2) and classified into overweight and obese \naccording to a standard international definition.\nRESULTS: After adjusting for lifestyle factors, including other diet and BMI \nvariables, compared with children who never ate hamburgers, we found an \nindependent risk of hamburger consumption on having a history of wheeze \n[consumption less than once a week (OR = 1.44, 95% CI: 1.06-1.96) and 1+ times a \nweek (OR = 1.65, 95% CI: 1.07-2.52)] and on current wheeze [consumption less \nthan once a week (OR = 1.17, 95% CI: 0.80-1.70) and 1+ times a week (OR = 1.81,', 'and increasing BMI level and asthma control.\nRESULTS: Of 292 subjects with a mean age of 47 years, the majority were women \n(82%) and African American (67%). There was a high prevalence of obesity with \n63%, with only 15% normal weight. The mean score from all 4 questionnaires \nshowed an average suboptimal asthma control (mean score/maximum possible score): \nACCI (8.3/19), ACT (15.4/25), ACQ (2.1/6), and ATAQ (1.3/4). Regression analysis \nshowed no association between obesity or increasing BMI level and asthma control \nusing all 4 questionnaires. This finding persisted even after adjusting for \nFEV(1), smoking status, race, sex, selected comorbid illnesses, and long-term \nasthma controller use.\nCONCLUSION: Using 4 validated asthma control questionnaires, we failed to find', 'BACKGROUND: Epidemiologic findings support a positive association between asthma \nand obesity.\nOBJECTIVE: Determine whether obesity or increasing level of body mass index \n(BMI) are associated with worse asthma control in an ethnically diverse urban \npopulation.\nMETHODS: Cross-sectional assessment of asthma control was performed in patients \nwith asthma recruited from primary care offices by using 4 different validated \nasthma control questionnaires: the Asthma Control and Communication Instrument \n(ACCI), the Asthma Control Test (ACT), the Asthma Control Questionnaire (ACQ), \nand the Asthma Therapy Assessment Questionnaire (ATAQ). Multiple linear \nregression analysis was performed to evaluate the association between obesity \nand increasing BMI level and asthma control.', 'BACKGROUND: Lifestyle changes over the last 30 years are the most likely \nexplanation for the increase in allergic disease over this period.\nAIM: This study tests the hypothesis that the consumption of fast food is \nrelated to the prevalence of asthma and allergy.\nMETHODS: As part of the International Study of Asthma and Allergies in Childhood \n(ISAAC) a cross-sectional prevalence study of 1321 children (mean age = 11.4 \nyears, range: 10.1-12.5) was conducted in Hastings, New Zealand. Using standard \nquestions we collected data on the prevalence of asthma and asthma symptoms, as \nwell as food frequency data. Skin prick tests were performed to common \nenvironmental allergens and exercise-induced bronchial hyperresponsiveness (BHR)', 'PURPOSE: To investigate the effect of obesity at the start of adolescence on the \nprevalence, incidence and maintenance of chest wheezing among individuals aged \n11-15 years in a birth cohort in a developing country.\nMETHODS: The seventh follow-up of the 1993 Pelotas birth cohort occurred in 2004 \n(individuals aged 10-11 years). Between January and August 2008, the eighth \nfollow-up of the cohort was conducted. All the individuals of the original \ncohort who were alive (who were then adolescents aged between 14 and 15 years) \nwere targets for the study. The International Study of Asthma and Allergies in \nChildhood (ISAAC) questionnaire was used to define wheezing. In addition to the \nbody mass index (BMI), used to define obesity by the World Health Organization']","Frequent fast food consumption and higher body mass index do not have similar effects. Fast food intake is associated with increased asthma symptoms such as wheeze and bronchial hyperresponsiveness, whereas higher body mass index is not associated with worse asthma control.",1.0
Do parental restriction of R-rated movie viewing and showing antismoking advertisements before movies have similar effects on smoking-related behaviors in young people?,"According to the provided context, both parental restriction of R-rated movie viewing and showing antismoking advertisements before movies have been found to have a positive impact on smoking-related behaviors in young people. 

Parental restriction of R-rated movie viewing has been associated with lower adolescent smoking susceptibility (OR = 2.1 for partial restriction and OR = 3.3 for no restriction, compared to full restriction) and lower smoking rates (OR = 1.5 for partial restriction and OR = 2.5 for no restriction) (Document id='d3559c22-6192-532d-ac26-a648c623570d').

On the other hand, showing antismoking advertisements before movies has been found to help immunize non-smokers against the influences of film stars' smoking, although the difference in smoking intentions between the intervention and control groups was not statistically significant (1.2% vs 1.6%, p = 0.54) (Document id='d4d8c5d7-beec-5eb1-a320-f97b0a554879').

While both interventions have shown promise, the effects are not identical. Parental restriction is associated with a significant reduction in smoking susceptibility and rates, whereas the antismoking advertisement had a non-significant effect on smoking intentions. Therefore, the evidence suggests that parental restriction of R-rated movie viewing and showing antismoking advertisements before movies do not have identical effects on smoking-related behaviors in young people.","[""OBJECTIVE: To evaluate the effect of an antismoking advertisement on young \npeople's perceptions of smoking in movies and their intention to smoke.\nSUBJECTS/SETTING: 3091 cinema patrons aged 12-24 years in three Australian \nstates; 18.6% of the sample (n = 575) were current smokers.\nDESIGN/INTERVENTION: Quasi-experimental study of patrons, surveyed after having \nviewed a movie. The control group was surveyed in week 1, and the intervention \ngroup in weeks 2 and 3. Before seeing the movie in weeks 2 and 3, a 30 s \nantismoking advertisement was shown, shot in the style of a movie trailer that \nwarned patrons not to be sucked in by the smoking in the movie they were about \nto see.\nOUTCOMES: Attitude of current smokers and non-smokers to smoking in the movies;"", 'PURPOSE: To examine the relationship between exposure to pro-smoking messages in \nmedia and susceptibility to smoking adoption among middle school students. The \nhypothesis that parental restriction of R-rated movie viewing is associated with \nlower adolescent smoking susceptibility was tested.\nMETHODS: A sample of 1687 6th-, 7th-, and 8th-grade students from four Wisconsin \nmiddle schools were surveyed about their use of cigarettes, exposure to smoking \nin media, their views of smoking, and peer smoking behaviors.\nRESULTS: An index of smoking susceptibility was created using measures of \ncigarette use and future intention to smoke. A zero-order correlation for \nparental restriction of R-rated movie viewing and smoking susceptibility showed', 'parental restriction of R-rated movie viewing and smoking susceptibility showed \na strong association (r = -.36, p < .001). A hierarchical logistic regression \nyielded odds ratios (ORs) for being susceptible to or having tried smoking for \nthree levels of parental R-rated movie restriction. Results show that compared \nto full restriction, respondents with partial or no restriction were more likely \nto be susceptible to smoking (partial restriction: OR = 2.1, 95% CI = 1.5-2.8; \nno restriction: OR = 3.3, 95% CI = 2.3-4.6), when controlling for demographic \nfactors, and family and friend smoking. Analyses using a measure of smoking \nprevalence as the dependent variable yielded similar results (partial \nrestriction: OR = 1.5, 95% CI = 1.0-2.2; no restriction: OR = 2.5, 95% CI = \n1.7-3.7).', ""smoking intentions between groups, with 1.2% of intervention subjects and 1.6% \nof controls saying that they would probably be smoking in 12 months time (p = \n0.54).\nCONCLUSIONS: This real-world study suggests that placing an antismoking \nadvertisement before movies containing smoking scenes can help to immunise \nnon-smokers against the influences of film stars' smoking. Caution must be \nexercised in the type of advertisement screened as some types of advertising may \nreinforce smokers' intentions to smoke."", 'restriction: OR = 1.5, 95% CI = 1.0-2.2; no restriction: OR = 2.5, 95% CI = \n1.7-3.7).\nCONCLUSIONS: Parental restriction of R-rated movie viewing is associated with \nboth lower adolescent smoking susceptibility and lower smoking rates.']","Parental restriction of R-rated movie viewing and antismoking advertisements before movies do not have similar effects. Parental restriction reduces smoking susceptibility and rates, while advertisements can reduce acceptance among non-smokers but increase smoking intentions among current smokers.",1.0
Do prenatal cigarette exposure and childhood violence exposure predict adolescent delinquent behavior more strongly than intrauterine cocaine exposure?,"Yes, according to the provided context, prenatal cigarette exposure and childhood violence exposure are more strongly associated with adolescent delinquent behavior than intrauterine cocaine exposure. 

The document with id '62c73592-31a3-5024-bbaa-9051e1479abe' states: ""In this cohort, prospectively ascertained prenatal exposure to cigarettes and childhood exposure to violence are associated with self-reported delinquent behaviors during early adolescence. Contrary to initial popular predictions, intrauterine cocaine is not a strong predictor of adolescent delinquent behaviors in this cohort.""

Additionally, the document with id 'd5f51715-d2dc-57dd-8ea6-e067c81cf39c' reports that in a multivariate model, ""≥ 3 delinquent behaviors were not significantly associated with level of IUCE [intrauterine cocaine exposure] but were significantly associated with intrauterine exposure to half a pack or more of cigarettes per day and higher levels of childhood exposure to violence."" 

This suggests that prenatal cigarette exposure and childhood violence exposure are more significant predictors of adolescent delinquent behavior than intrauterine cocaine exposure.","['control for early adolescent violence exposure.\nCONCLUSIONS: In this cohort, prospectively ascertained prenatal exposure to \ncigarettes and childhood exposure to violence are associated with self-reported \ndelinquent behaviors during early adolescence. Contrary to initial popular \npredictions, intrauterine cocaine is not a strong predictor of adolescent \ndelinquent behaviors in this cohort.', 'OBJECTIVE: To ascertain whether level of intrauterine cocaine exposure (IUCE) is \nassociated with early adolescent delinquent behavior, after accounting for \nprenatal exposures to other psychoactive substances and relevant psychosocial \nfactors.\nMETHODS: Ninety-three early adolescents (12.5-14.5 years old) participating \nsince birth in a longitudinal study of IUCE reported delinquent acts via an \naudio computer-assisted self-interview. Level of IUCE and exposure to \ncigarettes, alcohol, and marijuana were determined by maternal report, maternal \nand infant urine assays, and infant meconium assays at birth. Participants \nreported their exposure to violence on the Violence Exposure Scale for \nChildren-Revised at ages 8.5, 9.5, and 11 years and during early adolescence,', 'Children-Revised at ages 8.5, 9.5, and 11 years and during early adolescence, \nand the strictness of supervision by their caregivers during early adolescence.\nRESULTS: Of the 93 participants, 24 (26%) reported ≥ 3 delinquent behaviors \nduring early adolescence. In the final multivariate model (including level of \nIUCE and cigarette exposure, childhood exposure to violence, and caregiver \nstrictness/supervision) ≥ 3 delinquent behaviors were not significantly \nassociated with level of IUCE but were significantly associated with \nintrauterine exposure to half a pack or more of cigarettes per day and higher \nlevels of childhood exposure to violence, effects substantially unchanged after \ncontrol for early adolescent violence exposure.', ""prenatal maternal smoking, the child's age at testing, sex of child, and tester \nwere considered core confounders, while the full model also controlled for \nprenatal maternal average alcohol intake, maternal age and prepregnancy body \nmass index, parity, home environment, postnatal parental smoking, health status, \nparticipation in organized sport, and indicators for hearing and vision \nimpairment.\nRESULTS: There were no systematic or significant differences in motor function \nbetween children of mothers reporting isolated episodes of binge drinking and \nchildren of mothers with no binge episodes. No association was observed with \nrespect to the number of binge episodes (maximum of 12) and timing of binge \ndrinking."", 'PURPOSE: To examine the relationship between exposure to pro-smoking messages in \nmedia and susceptibility to smoking adoption among middle school students. The \nhypothesis that parental restriction of R-rated movie viewing is associated with \nlower adolescent smoking susceptibility was tested.\nMETHODS: A sample of 1687 6th-, 7th-, and 8th-grade students from four Wisconsin \nmiddle schools were surveyed about their use of cigarettes, exposure to smoking \nin media, their views of smoking, and peer smoking behaviors.\nRESULTS: An index of smoking susceptibility was created using measures of \ncigarette use and future intention to smoke. A zero-order correlation for \nparental restriction of R-rated movie viewing and smoking susceptibility showed']","prenatal cigarette exposure and childhood violence exposure are stronger predictors of adolescent delinquent behavior than intrauterine cocaine exposure, which is not significantly associated with delinquency.",1.0
Do surgical risk factors and the use of nasogastric tubes differ in their effect on staple line leak rates after laparoscopic sleeve gastrectomy?,"Yes, surgical risk factors and the use of nasogastric tubes differ in their effect on staple line leak rates after laparoscopic sleeve gastrectomy. 

The use of nasogastric tubes does not appear to reduce the incidence of staple line leaks. In one study, the routine placement of nasogastric tubes in patients who underwent laparoscopic sleeve gastrectomy (LSG) did not decrease the leak rate (Document id='50ac2381-e7cf-5db5-9457-bea0f42baac1' and id='4f649ad3-dc44-570f-9f06-288e1a736fd8'). In fact, one staple line leak (1.4%) occurred in the group with nasogastric tube placement (group A), while no leaks were observed in the group without nasogastric tube placement (group B) (Document id='cb96481a-4f5d-54ca-ab9c-e5e846494fe4').

In contrast, certain surgical risk factors have been associated with a higher incidence of staple line leaks. These factors include male gender, higher BMI, concomitant sleep apnea, conversion to laparotomy, longer operation time, use of both buttresses and oversewing, and the occurrence of intraoperative complications (Document id='daf70513-188d-5ef6-bfa7-50a655e6f01b'). On multivariate analysis, operation time and year of procedure were found to have a significant impact on staple line leak rate (Document id='daf70513-188d-5ef6-bfa7-50a655e6f01b').","[""INTRODUCTION: Although its excellent results, laparoscopic sleeve gastrectomy \n(LSG) presents major complications ranging from 0% to 29%. Among them, the \nstaple line leak presents an incidence varying from 0% to 7%. Many trials \ndebated about different solutions in order to reduce leaks' incidence. No author \nhas investigated the role of gastric decompression in the prevention of this \ncomplication. Aim of our work is to evaluate if this procedure can play a role \nin avoiding the occurrence of staple line leaks after LSG.\nMATERIALS AND METHODS: Between January 2008 and November 2012, 145 patients were \nprospectively and randomly included in the study. Seventy patients composed the \ngroup A, whose operations were completed with placement of nasogastric tube; the"", 'BACKGROUND: Laparoscopic sleeve gastrectomy (LSG) is currently being performed \nwith increasing frequency worldwide. It offers an excellent weight loss and \nresolution of comorbidities in the short term with a very low incidence of \ncomplications. However, the ever present risk of a staple line leak is still a \nmajor concern.\nMETHODS: Since 2005, data from obese patients that undergo bariatric procedures \nin Germany are prospectively registered in an online database and analyzed at \nthe Institute of Quality Assurance in Surgical Medicine. For the current \nanalysis, all patients that had undergone primary sleeve gastrectomy for morbid \nobesity within a 7-year period were considered.\nRESULTS: Using the GBSR, data from 5.400 LSGs were considered for analysis.', 'RESULTS: Using the GBSR, data from 5.400 LSGs were considered for analysis. \nStaple line leak rate decreased during the study period from 6.5 to 1.4 %. Male \ngender, higher BMI, concomitant sleep apnea, conversion to laparotomy, longer \noperation time, use of both buttresses and oversewing, and the occurrence of \nintraoperative complications were associated with a significantly higher leakage \nrate. On multivariate analysis, operation time and year of procedure only had a \nsignificant impact on staple line leak rate.\nCONCLUSIONS: The results of the current study demonstrated that there are \nfactors that increase the risk of a leakage which would enable surgeons to \ndefine risk groups, to more carefully select patients, and to offer a closer', ""A patients. No leak was observed in group B patients. Postoperative hospital \nstay was significantly longer in group A vs. group B patients (7.6 ± 3.4 vs. 6.2 \n± 3.1 days, respectively, p: 0.04).\nCONCLUSIONS: Routine placement of nasogastric tube in patients operated of LSG \nseems not useful in reducing leaks' incidence."", 'group A, whose operations were completed with placement of nasogastric tube; the \nother 75 patients were included in the group B, in which no nasogastric tube was \nplaced.\nRESULTS: No statistical differences were observed between group A and group B \nregarding gender distribution, age, weight, and BMI. No intraoperative \ncomplications and no conversion occurred in both groups. Intraoperative blood \nloss (50.1 ± 42.3 vs. 52.5 ± 37.6 ml, respectively) and operative time (65.4 ± \n25.5 vs. 62.6 ± 27.8 min, respectively) were comparable between the two groups \n(p: NS). One staple line leak (1.4%) occurred on 6th postoperative day in group \nA patients. No leak was observed in group B patients. Postoperative hospital']","Surgical risk factors and the use of nasogastric tubes differ in their effect. Factors such as longer operation time and intraoperative complications are associated with higher leak rates, while the use of nasogastric tubes does not reduce the incidence of leaks.",1.0
Does changing resected stomach volume during primary sleeve gastrectomy and performing revision fundectomy after surgery differ in their impact on weight loss outcomes?,"According to the provided context, the impact of changing resected stomach volume during primary sleeve gastrectomy on weight loss outcomes is not explicitly stated in terms of a comparison. However, Document(id='11b65879-5a74-577a-82c5-4af055d7e8b5') divides patients into three groups based on resected stomach volume and analyzes outcomes after laparoscopic sleeve gastrectomy (LSG), but it does not provide a direct comparison of weight loss outcomes.

On the other hand, Document(id='7498e2f6-1e00-5135-93d2-aaf0c4c2ea26') and Document(id='c7bdd7dc-26b6-5f5f-89f3-38ffab3f49ef') discuss revision surgery, specifically laparoscopic fundectomy (LF), for patients who have undergone LSG and experienced inadequate weight loss or weight regain. These documents suggest that LF can lead to additional weight loss and improvement in symptoms, but they do not directly compare the outcomes of changing resected stomach volume during primary LSG to those of performing revision fundectomy.

Therefore, based on the provided context, it is not possible to make a direct comparison between the impact of changing resected stomach volume during primary sleeve gastrectomy and performing revision fundectomy after surgery on weight loss outcomes, as the available information does not provide a clear and direct comparison between these two approaches.","['BACKGROUND: Laparoscopic sleeve gastrectomy (LSG) was initially performed as the \nfirst stage of biliopancreatic diversion with duodenal switch for the treatment \nof super-obese or high-risk obese patients but is now most commonly performed as \na standalone operation. The aim of this prospective study was to investigate \noutcomes after LSG according to resected stomach volume.\nMETHODS: Between May 2011 and April 2013, LSG was performed in 102 consecutive \npatients undergoing bariatric surgery. Two patients were excluded, and data from \nthe remaining 100 patients were analyzed in this study. Patients were divided \ninto three groups according to the following resected stomach volume: 700-1,200 \nmL (group A, n\u2009=\u200921), 1,200-1,700 mL (group B, n\u2009=\u200962), and >1,700 mL (group C,', 'BACKGROUND: Many insurance payors mandate that bariatric surgery candidates \nundergo a medically supervised weight management (MSWM) program as a \nprerequisite for surgery. However, there is little evidence to support this \nrequirement. We evaluated in a randomized controlled trial the hypothesis that \nparticipation in a MSWM program does not predict outcomes after laparoscopic \nadjustable gastric banding (LAGB) in a publicly insured population.\nMETHODS: This pilot randomized trial was conducted in a large academic urban \npublic hospital. Patients who met NIH consensus criteria for bariatric surgery \nand whose insurance did not require a mandatory 6-month MSWM program were \nrandomized to a MSWM program with monthly visits over 6 months (individual or', 'BACKGROUND: Laparoscopic sleeve gastrectomy (LSG) is currently being performed \nwith increasing frequency worldwide. It offers an excellent weight loss and \nresolution of comorbidities in the short term with a very low incidence of \ncomplications. However, the ever present risk of a staple line leak is still a \nmajor concern.\nMETHODS: Since 2005, data from obese patients that undergo bariatric procedures \nin Germany are prospectively registered in an online database and analyzed at \nthe Institute of Quality Assurance in Surgical Medicine. For the current \nanalysis, all patients that had undergone primary sleeve gastrectomy for morbid \nobesity within a 7-year period were considered.\nRESULTS: Using the GBSR, data from 5.400 LSGs were considered for analysis.', 'symptoms control and additional weight loss. The high rate of postoperative \ncomplications observed in this series remains a matter of concern. A re-sleeve \nprocedure might be considered as an alternative to RYGB/DS conversion restricted \nto selected patients.', 'INTRODUCTION: Up to 30 % of patients who have undergone laparoscopic sleeve \ngastrectomy require revision surgery for inadequate weight loss, weight regain, \nand/or the development of severe upper gastrointestinal symptoms. The aim of \nthis retrospective study was to evaluate the safety and efficacy of laparoscopic \nfundectomy (LF) in cases of a residual fundus/neofundus development regarding \nGERD symptoms.\nMETHODS: The study group comprised 19 patients (17 female; mean BMI 35.4 \nkg/m(2)) divided into 2 groups. Group A (n = 10) patients with severe GERD and \nevidence of residual fundus/neofundus, Hiatal hernia with good results in terms \nof weight loss. Group B (n = 9) patients with severe GERD, a residual \nfundus/neofundus, inadequate weight loss or weight regain. Fundectomy was']","Changing resected stomach volume during primary sleeve gastrectomy does not significantly affect weight loss, whereas revision fundectomy after surgery can lead to additional weight loss, particularly in patients with inadequate initial outcomes.",1.0
Do DKK3 expression and body mass index differ in how reliably they predict survival outcomes in gastric cancer patients?,"Yes, DKK3 expression and body mass index differ in how reliably they predict survival outcomes in gastric cancer patients. 

The provided context suggests that loss of DKK3 expression is significantly associated with poor survival in patients with gastric cancer and is strongly correlated with the TNM stage. It is also mentioned that the combination of DKK3 expression status and CT increased the accuracy of CT staging for predicting lymph node involvement. 

In contrast, the relationship between body mass index (BMI) and survival outcomes is mentioned in a separate study, which aims to clarify the relationship between BMI and long-term survival in gastric cancer patients. However, the results of this study are not explicitly stated in the provided context.

Therefore, based on the available evidence, DKK3 expression appears to be a more reliable predictor of survival outcomes in gastric cancer patients, as it is directly associated with poor survival and can improve the predictive power of CT staging. The predictive value of BMI is less clear from the provided context.","['BACKGROUND: Dickkopf-3 (DKK3) may act as a tumor suppressor as it is \ndown-regulated in various types of cancer. This study assessed the DKK3 protein \nexpression in gastric cancer and its potential value as a prognostic marker.\nMETHODS: DKK3 expression was evaluated by immunohistochemistry in 158 gastric \ncancer samples from patients who underwent gastrectomy from 2002 to 2008. \nClinicopathological parameters and survival data were analyzed.\nRESULTS: Loss of DKK3 expression was found in 64 of 158 (40.5%) samples, and it \nwas associated with advanced T stage (p < 0.001), lymph node metastasis (p < \n0.001), UICC TNM stage (p < 0.001), tumor location (p = 0.029), lymphovascular \ninvasion (p = 0.035), and perineural invasion (p = 0.032). Patients without DKK3', 'increased the accuracy of CT staging for predicting lymph node involvement from \n71.5 to 80.0% in AGC patients.\nCONCLUSION: Loss of DKK3 protein expression was significantly associated with \npoor survival in patients with gastric cancer and was strongly correlated with \nthe TNM stage. DKK3 might be a potential biomarker of lymph node involvement \nthat can improve the predictive power of CT.', 'invasion (p = 0.035), and perineural invasion (p = 0.032). Patients without DKK3 \nexpression in tumor cells had a significantly worse disease-free and overall \nsurvival than those with DKK3 expression (p < 0.001, and p = 0.001, \nrespectively). TNM stage (p = 0.028 and p < 0.001, respectively) and residual \ntumor (p < 0.001 and p = 0.003, respectively) were independent predictors of \ndisease-free and overall survival. Based on the preoperative clinical stage \nassessed by computed tomography (CT), loss of DKK3 expression was predominantly \nassociated with worse prognosis in patients with clinically node-negative \nadvanced gastric cancer (AGC). The combination of DKK3 expression status and CT \nincreased the accuracy of CT staging for predicting lymph node involvement from', 'period, but were not entered into the SAKK study, as well as the remaining 57 \npatients treated during the study period for the same indication (remaining \ngroup).\nRESULTS: Median overall survival decreased from 76.3 months in the protocol \ngroup to 52.1 months in the matched group and to 20.3 months in the remaining \ngroup. The respective times of median recurrence-free survival were 67.2, 16.0, \nand 9.4 months. Tumor progression occurred in 46% of the protocol group compared \nwith 69% in the matched group and 65% in the remaining group (P < .05). \nCancer-related death was noted in 40% of the protocol group, 57% in the matched \ngroup, and 56% in the remaining group.\nCONCLUSION: These data suggest that being willing and fit enough for a', ""BACKGROUND/AIMS: The long-term survival of patients with gastric cancer is \ngoverned by various factors, such as the clinical stage of the cancer, the \npatient's nutritional state, and the treatment and may be governed by the volume \nof intraperitoneal adipose tissue. The aim of this study is to clarify the \nrelationship between the degree of the patients' body mass index and their \nlong-term survival.\nMETHODOLOGY: Gastric cancer patients who had undergone a gastrectomy with \nD2-lymphadenectomy and with resection A and B according to the criteria of the \nJapanese Research Society for Gastric Cancer Rules were subgrouped into those \npatients with a body mass index < 0.185 (the lower body mass index group) and \nthose patients with a body mass index > 0.210 (the higher body mass index""]","DKK3 expression and body mass index differ in predictive reliability. Loss of DKK3 is consistently associated with lymph node metastasis and poorer survival, whereas the effect of body mass index on survival varies by cancer stage and is not consistent across all patients.",0.7
